solid 
 facet normal 0.000000000000e+00 1.000000000000e+00 0.000000000000e+00
   outer loop
     vertex -1.022034680734e+01 9.500000000000e+00 7.331324531790e+00
     vertex -1.120304932424e+01 9.500000000000e+00 8.330197530102e+00
     vertex -1.096177571166e+01 9.500000000000e+00 8.528105462939e+00
   endloop
 endfacet
 facet normal 0.000000000000e+00 1.000000000000e+00 -0.000000000000e+00
   outer loop
     vertex -1.036465840422e+01 9.500000000000e+00 7.179974884843e+00
     vertex -1.120304932424e+01 9.500000000000e+00 8.330197530102e+00
     vertex -1.022034680734e+01 9.500000000000e+00 7.331324531790e+00
   endloop
 endfacet
 facet normal 0.000000000000e+00 1.000000000000e+00 0.000000000000e+00
   outer loop
     vertex -1.036465840422e+01 9.500000000000e+00 7.179974884843e+00
     vertex -1.160264570641e+01 9.500000000000e+00 7.852361280616e+00
     vertex -1.141778792804e+01 9.500000000000e+00 8.103773507413e+00
   endloop
 endfacet
 facet normal 0.000000000000e+00 1.000000000000e+00 0.000000000000e+00
   outer loop
     vertex -1.036465840422e+01 9.500000000000e+00 7.179974884843e+00
     vertex -1.141778792804e+01 9.500000000000e+00 8.103773507413e+00
     vertex -1.120304932424e+01 9.500000000000e+00 8.330197530102e+00
   endloop
 endfacet
 facet normal 0.000000000000e+00 1.000000000000e+00 0.000000000000e+00
   outer loop
     vertex -1.005000000000e+01 9.500000000000e+00 7.452627944163e+00
     vertex -1.096177571166e+01 9.500000000000e+00 8.528105462939e+00
     vertex -1.069772634572e+01 9.500000000000e+00 8.694413725980e+00
   endloop
 endfacet
 facet normal 0.000000000000e+00 1.000000000000e+00 0.000000000000e+00
   outer loop
     vertex -1.005000000000e+01 9.500000000000e+00 7.452627944163e+00
     vertex -1.069772634572e+01 9.500000000000e+00 8.694413725980e+00
     vertex -1.041501534816e+01 9.500000000000e+00 8.826531089977e+00
   endloop
 endfacet
 facet normal 0.000000000000e+00 1.000000000000e+00 0.000000000000e+00
   outer loop
     vertex -1.005000000000e+01 9.500000000000e+00 7.452627944163e+00
     vertex -1.022034680734e+01 9.500000000000e+00 7.331324531790e+00
     vertex -1.096177571166e+01 9.500000000000e+00 8.528105462939e+00
   endloop
 endfacet
 facet normal 0.000000000000e+00 1.000000000000e+00 0.000000000000e+00
   outer loop
     vertex -1.047771899352e+01 9.500000000000e+00 7.004049173900e+00
     vertex -1.187170824513e+01 9.500000000000e+00 7.290569415042e+00
     vertex -1.175474241233e+01 9.500000000000e+00 7.579878073689e+00
   endloop
 endfacet
 facet normal 0.000000000000e+00 1.000000000000e+00 0.000000000000e+00
   outer loop
     vertex -1.047771899352e+01 9.500000000000e+00 7.004049173900e+00
     vertex -1.175474241233e+01 9.500000000000e+00 7.579878073689e+00
     vertex -1.160264570641e+01 9.500000000000e+00 7.852361280616e+00
   endloop
 endfacet
 facet normal 0.000000000000e+00 1.000000000000e+00 -0.000000000000e+00
   outer loop
     vertex -1.047771899352e+01 9.500000000000e+00 7.004049173900e+00
     vertex -1.160264570641e+01 9.500000000000e+00 7.852361280616e+00
     vertex -1.036465840422e+01 9.500000000000e+00 7.179974884843e+00
   endloop
 endfacet
 facet normal 0.000000000000e+00 1.000000000000e+00 0.000000000000e+00
   outer loop
     vertex -9.859774759649e+00 9.500000000000e+00 7.539500900586e+00
     vertex -1.041501534816e+01 9.500000000000e+00 8.826531089977e+00
     vertex -1.011804760539e+01 9.500000000000e+00 8.922399050007e+00
   endloop
 endfacet
 facet normal 0.000000000000e+00 1.000000000000e+00 0.000000000000e+00
   outer loop
     vertex -9.859774759649e+00 9.500000000000e+00 7.539500900586e+00
     vertex -1.005000000000e+01 9.500000000000e+00 7.452627944163e+00
     vertex -1.041501534816e+01 9.500000000000e+00 8.826531089977e+00
   endloop
 endfacet
 facet normal 0.000000000000e+00 1.000000000000e+00 0.000000000000e+00
   outer loop
     vertex -1.055544227098e+01 9.500000000000e+00 6.809905812526e+00
     vertex -1.195172077408e+01 9.500000000000e+00 6.988942988448e+00
     vertex -1.187170824513e+01 9.500000000000e+00 7.290569415042e+00
   endloop
 endfacet
 facet normal 0.000000000000e+00 1.000000000000e+00 -0.000000000000e+00
   outer loop
     vertex -1.055544227098e+01 9.500000000000e+00 6.809905812526e+00
     vertex -1.187170824513e+01 9.500000000000e+00 7.290569415042e+00
     vertex -1.047771899352e+01 9.500000000000e+00 7.004049173900e+00
   endloop
 endfacet
 facet normal 0.000000000000e+00 1.000000000000e+00 0.000000000000e+00
   outer loop
     vertex -9.656546322101e+00 9.500000000000e+00 7.588803586069e+00
     vertex -1.011804760539e+01 9.500000000000e+00 8.922399050007e+00
     vertex -9.811450136444e+00 9.500000000000e+00 8.980523898798e+00
   endloop
 endfacet
 facet normal 0.000000000000e+00 1.000000000000e+00 -0.000000000000e+00
   outer loop
     vertex -9.656546322101e+00 9.500000000000e+00 7.588803586069e+00
     vertex -9.811450136444e+00 9.500000000000e+00 8.980523898798e+00
     vertex -9.500000000000e+00 9.500000000000e+00 9.000000000000e+00
   endloop
 endfacet
 facet normal 0.000000000000e+00 1.000000000000e+00 0.000000000000e+00
   outer loop
     vertex -9.656546322101e+00 9.500000000000e+00 7.588803586069e+00
     vertex -9.859774759649e+00 9.500000000000e+00 7.539500900586e+00
     vertex -1.011804760539e+01 9.500000000000e+00 8.922399050007e+00
   endloop
 endfacet
 facet normal 0.000000000000e+00 1.000000000000e+00 0.000000000000e+00
   outer loop
     vertex -1.059501911483e+01 9.500000000000e+00 6.604561647635e+00
     vertex -1.199649444688e+01 9.500000000000e+00 6.367653950891e+00
     vertex -1.199353333350e+01 9.500000000000e+00 6.679698399354e+00
   endloop
 endfacet
 facet normal 0.000000000000e+00 1.000000000000e+00 0.000000000000e+00
   outer loop
     vertex -1.059501911483e+01 9.500000000000e+00 6.604561647635e+00
     vertex -1.199353333350e+01 9.500000000000e+00 6.679698399354e+00
     vertex -1.195172077408e+01 9.500000000000e+00 6.988942988448e+00
   endloop
 endfacet
 facet normal 0.000000000000e+00 1.000000000000e+00 -0.000000000000e+00
   outer loop
     vertex -1.059501911483e+01 9.500000000000e+00 6.604561647635e+00
     vertex -1.195172077408e+01 9.500000000000e+00 6.988942988448e+00
     vertex -1.055544227098e+01 9.500000000000e+00 6.809905812526e+00
   endloop
 endfacet
 facet normal 0.000000000000e+00 1.000000000000e+00 -0.000000000000e+00
   outer loop
     vertex -9.447659892594e+00 9.500000000000e+00 7.598754073101e+00
     vertex -9.500000000000e+00 9.500000000000e+00 9.000000000000e+00
     vertex -9.188549863556e+00 9.500000000000e+00 8.980523898798e+00
   endloop
 endfacet
 facet normal 0.000000000000e+00 1.000000000000e+00 0.000000000000e+00
   outer loop
     vertex -9.447659892594e+00 9.500000000000e+00 7.598754073101e+00
     vertex -9.656546322101e+00 9.500000000000e+00 7.588803586069e+00
     vertex -9.500000000000e+00 9.500000000000e+00 9.000000000000e+00
   endloop
 endfacet
 facet normal 0.000000000000e+00 1.000000000000e+00 0.000000000000e+00
   outer loop
     vertex -1.059501911483e+01 9.500000000000e+00 6.395438352365e+00
     vertex -1.196055797746e+01 9.500000000000e+00 6.057671570464e+00
     vertex -1.199649444688e+01 9.500000000000e+00 6.367653950891e+00
   endloop
 endfacet
 facet normal 0.000000000000e+00 1.000000000000e+00 -0.000000000000e+00
   outer loop
     vertex -1.059501911483e+01 9.500000000000e+00 6.395438352365e+00
     vertex -1.199649444688e+01 9.500000000000e+00 6.367653950891e+00
     vertex -1.059501911483e+01 9.500000000000e+00 6.604561647635e+00
   endloop
 endfacet
 facet normal 0.000000000000e+00 1.000000000000e+00 0.000000000000e+00
   outer loop
     vertex -9.240665170940e+00 9.500000000000e+00 7.568992725156e+00
     vertex -9.188549863556e+00 9.500000000000e+00 8.980523898798e+00
     vertex -8.881952394613e+00 9.500000000000e+00 8.922399050007e+00
   endloop
 endfacet
 facet normal 0.000000000000e+00 1.000000000000e+00 0.000000000000e+00
   outer loop
     vertex -9.240665170940e+00 9.500000000000e+00 7.568992725156e+00
     vertex -8.881952394613e+00 9.500000000000e+00 8.922399050007e+00
     vertex -8.584984651838e+00 9.500000000000e+00 8.826531089977e+00
   endloop
 endfacet
 facet normal 0.000000000000e+00 1.000000000000e+00 -0.000000000000e+00
   outer loop
     vertex -9.240665170940e+00 9.500000000000e+00 7.568992725156e+00
     vertex -9.447659892594e+00 9.500000000000e+00 7.598754073101e+00
     vertex -9.188549863556e+00 9.500000000000e+00 8.980523898798e+00
   endloop
 endfacet
 facet normal 0.000000000000e+00 1.000000000000e+00 0.000000000000e+00
   outer loop
     vertex -1.055544227098e+01 9.500000000000e+00 6.190094187474e+00
     vertex -1.196055797746e+01 9.500000000000e+00 6.057671570464e+00
     vertex -1.059501911483e+01 9.500000000000e+00 6.395438352365e+00
   endloop
 endfacet
 facet normal 0.000000000000e+00 1.000000000000e+00 0.000000000000e+00
   outer loop
     vertex -1.055544227098e+01 9.500000000000e+00 6.190094187474e+00
     vertex -1.177482931216e+01 9.500000000000e+00 5.463104826647e+00
     vertex -1.188628384709e+01 9.500000000000e+00 5.754581056644e+00
   endloop
 endfacet
 facet normal 0.000000000000e+00 1.000000000000e+00 0.000000000000e+00
   outer loop
     vertex -1.055544227098e+01 9.500000000000e+00 6.190094187474e+00
     vertex -1.188628384709e+01 9.500000000000e+00 5.754581056644e+00
     vertex -1.196055797746e+01 9.500000000000e+00 6.057671570464e+00
   endloop
 endfacet
 facet normal 0.000000000000e+00 1.000000000000e+00 -0.000000000000e+00
   outer loop
     vertex -9.043043485698e+00 9.500000000000e+00 7.500595194890e+00
     vertex -9.240665170940e+00 9.500000000000e+00 7.568992725156e+00
     vertex -8.584984651838e+00 9.500000000000e+00 8.826531089977e+00
   endloop
 endfacet
 facet normal 0.000000000000e+00 1.000000000000e+00 0.000000000000e+00
   outer loop
     vertex -9.043043485698e+00 9.500000000000e+00 7.500595194890e+00
     vertex -8.584984651838e+00 9.500000000000e+00 8.826531089977e+00
     vertex -8.302273654281e+00 9.500000000000e+00 8.694413725980e+00
   endloop
 endfacet
 facet normal 0.000000000000e+00 1.000000000000e+00 0.000000000000e+00
   outer loop
     vertex -1.047771899352e+01 9.500000000000e+00 5.995950826100e+00
     vertex -1.177482931216e+01 9.500000000000e+00 5.463104826647e+00
     vertex -1.055544227098e+01 9.500000000000e+00 6.190094187474e+00
   endloop
 endfacet
 facet normal 0.000000000000e+00 1.000000000000e+00 0.000000000000e+00
   outer loop
     vertex -1.047771899352e+01 9.500000000000e+00 5.995950826100e+00
     vertex -1.162793093252e+01 9.500000000000e+00 5.187784336916e+00
     vertex -1.177482931216e+01 9.500000000000e+00 5.463104826647e+00
   endloop
 endfacet
 facet normal 0.000000000000e+00 1.000000000000e+00 0.000000000000e+00
   outer loop
     vertex -8.861937399472e+00 9.500000000000e+00 7.396033547255e+00
     vertex -8.302273654281e+00 9.500000000000e+00 8.694413725980e+00
     vertex -8.038224288341e+00 9.500000000000e+00 8.528105462939e+00
   endloop
 endfacet
 facet normal 0.000000000000e+00 1.000000000000e+00 -0.000000000000e+00
   outer loop
     vertex -8.861937399472e+00 9.500000000000e+00 7.396033547255e+00
     vertex -9.043043485698e+00 9.500000000000e+00 7.500595194890e+00
     vertex -8.302273654281e+00 9.500000000000e+00 8.694413725980e+00
   endloop
 endfacet
 facet normal 0.000000000000e+00 1.000000000000e+00 0.000000000000e+00
   outer loop
     vertex -1.036465840422e+01 9.500000000000e+00 5.820025115157e+00
     vertex -1.144787751431e+01 9.500000000000e+00 4.932909323227e+00
     vertex -1.162793093252e+01 9.500000000000e+00 5.187784336916e+00
   endloop
 endfacet
 facet normal 0.000000000000e+00 1.000000000000e+00 0.000000000000e+00
   outer loop
     vertex -1.036465840422e+01 9.500000000000e+00 5.820025115157e+00
     vertex -1.162793093252e+01 9.500000000000e+00 5.187784336916e+00
     vertex -1.047771899352e+01 9.500000000000e+00 5.995950826100e+00
   endloop
 endfacet
 facet normal 0.000000000000e+00 1.000000000000e+00 0.000000000000e+00
   outer loop
     vertex -7.796950675756e+00 9.500000000000e+00 8.330197530102e+00
     vertex -8.861937399472e+00 9.500000000000e+00 7.396033547255e+00
     vertex -8.038224288341e+00 9.500000000000e+00 8.528105462939e+00
   endloop
 endfacet
 facet normal 0.000000000000e+00 1.000000000000e+00 -0.000000000000e+00
   outer loop
     vertex -8.703892558084e+00 9.500000000000e+00 7.259086912630e+00
     vertex -8.861937399472e+00 9.500000000000e+00 7.396033547255e+00
     vertex -7.796950675756e+00 9.500000000000e+00 8.330197530102e+00
   endloop
 endfacet
 facet normal 0.000000000000e+00 1.000000000000e+00 -0.000000000000e+00
   outer loop
     vertex -1.123747444843e+01 9.500000000000e+00 4.702450962828e+00
     vertex -1.144787751431e+01 9.500000000000e+00 4.932909323227e+00
     vertex -1.036465840422e+01 9.500000000000e+00 5.820025115157e+00
   endloop
 endfacet
 facet normal 0.000000000000e+00 1.000000000000e+00 0.000000000000e+00
   outer loop
     vertex -1.022034680734e+01 9.500000000000e+00 5.668675468210e+00
     vertex -1.123747444843e+01 9.500000000000e+00 4.702450962828e+00
     vertex -1.036465840422e+01 9.500000000000e+00 5.820025115157e+00
   endloop
 endfacet
 facet normal 0.000000000000e+00 1.000000000000e+00 0.000000000000e+00
   outer loop
     vertex -7.582212071964e+00 9.500000000000e+00 8.103773507413e+00
     vertex -8.703892558084e+00 9.500000000000e+00 7.259086912630e+00
     vertex -7.796950675756e+00 9.500000000000e+00 8.330197530102e+00
   endloop
 endfacet
 facet normal 0.000000000000e+00 1.000000000000e+00 -0.000000000000e+00
   outer loop
     vertex -8.574621113886e+00 9.500000000000e+00 7.094704899201e+00
     vertex -8.703892558084e+00 9.500000000000e+00 7.259086912630e+00
     vertex -7.582212071964e+00 9.500000000000e+00 8.103773507413e+00
   endloop
 endfacet
 facet normal 0.000000000000e+00 1.000000000000e+00 0.000000000000e+00
   outer loop
     vertex -1.100000000000e+01 9.500000000000e+00 4.500000000000e+00
     vertex -1.022034680734e+01 9.500000000000e+00 5.668675468210e+00
     vertex -1.005000000000e+01 9.500000000000e+00 5.547372055837e+00
   endloop
 endfacet
 facet normal 0.000000000000e+00 1.000000000000e+00 -0.000000000000e+00
   outer loop
     vertex -1.100000000000e+01 9.500000000000e+00 4.500000000000e+00
     vertex -1.123747444843e+01 9.500000000000e+00 4.702450962828e+00
     vertex -1.022034680734e+01 9.500000000000e+00 5.668675468210e+00
   endloop
 endfacet
 facet normal 0.000000000000e+00 1.000000000000e+00 0.000000000000e+00
   outer loop
     vertex -9.859774759649e+00 9.500000000000e+00 5.460499099414e+00
     vertex -1.100000000000e+01 9.500000000000e+00 4.500000000000e+00
     vertex -1.005000000000e+01 9.500000000000e+00 5.547372055837e+00
   endloop
 endfacet
 facet normal 0.000000000000e+00 1.000000000000e+00 0.000000000000e+00
   outer loop
     vertex -7.397354293588e+00 9.500000000000e+00 7.852361280616e+00
     vertex -8.574621113886e+00 9.500000000000e+00 7.094704899201e+00
     vertex -7.582212071964e+00 9.500000000000e+00 8.103773507413e+00
   endloop
 endfacet
 facet normal 0.000000000000e+00 1.000000000000e+00 0.000000000000e+00
   outer loop
     vertex -9.656546322101e+00 9.500000000000e+00 5.411196413931e+00
     vertex -1.100000000000e+01 9.500000000000e+00 4.500000000000e+00
     vertex -9.859774759649e+00 9.500000000000e+00 5.460499099414e+00
   endloop
 endfacet
 facet normal 0.000000000000e+00 1.000000000000e+00 0.000000000000e+00
   outer loop
     vertex -7.245257587668e+00 9.500000000000e+00 7.579878073689e+00
     vertex -8.478795273682e+00 9.500000000000e+00 6.908828701226e+00
     vertex -8.574621113886e+00 9.500000000000e+00 7.094704899201e+00
   endloop
 endfacet
 facet normal 0.000000000000e+00 1.000000000000e+00 0.000000000000e+00
   outer loop
     vertex -7.245257587668e+00 9.500000000000e+00 7.579878073689e+00
     vertex -8.574621113886e+00 9.500000000000e+00 7.094704899201e+00
     vertex -7.397354293588e+00 9.500000000000e+00 7.852361280616e+00
   endloop
 endfacet
 facet normal 0.000000000000e+00 1.000000000000e+00 0.000000000000e+00
   outer loop
     vertex -1.100000000000e+01 9.500000000000e+00 3.500000000000e+00
     vertex -9.656546322101e+00 9.500000000000e+00 5.411196413931e+00
     vertex -9.447659892594e+00 9.500000000000e+00 5.401245926899e+00
   endloop
 endfacet
 facet normal 0.000000000000e+00 1.000000000000e+00 0.000000000000e+00
   outer loop
     vertex -1.100000000000e+01 9.500000000000e+00 3.500000000000e+00
     vertex -1.100000000000e+01 9.500000000000e+00 4.500000000000e+00
     vertex -9.656546322101e+00 9.500000000000e+00 5.411196413931e+00
   endloop
 endfacet
 facet normal 0.000000000000e+00 1.000000000000e+00 0.000000000000e+00
   outer loop
     vertex -7.128291754874e+00 9.500000000000e+00 7.290569415042e+00
     vertex -8.419878433011e+00 9.500000000000e+00 6.708176368796e+00
     vertex -8.478795273682e+00 9.500000000000e+00 6.908828701226e+00
   endloop
 endfacet
 facet normal 0.000000000000e+00 1.000000000000e+00 0.000000000000e+00
   outer loop
     vertex -7.128291754874e+00 9.500000000000e+00 7.290569415042e+00
     vertex -8.478795273682e+00 9.500000000000e+00 6.908828701226e+00
     vertex -7.245257587668e+00 9.500000000000e+00 7.579878073689e+00
   endloop
 endfacet
 facet normal 0.000000000000e+00 1.000000000000e+00 0.000000000000e+00
   outer loop
     vertex -7.048279225922e+00 9.500000000000e+00 6.988942988448e+00
     vertex -8.419878433011e+00 9.500000000000e+00 6.708176368796e+00
     vertex -7.128291754874e+00 9.500000000000e+00 7.290569415042e+00
   endloop
 endfacet
 facet normal 0.000000000000e+00 1.000000000000e+00 0.000000000000e+00
   outer loop
     vertex -7.006466666501e+00 9.500000000000e+00 6.679698399354e+00
     vertex -8.400000000000e+00 9.500000000000e+00 6.500000000000e+00
     vertex -8.419878433011e+00 9.500000000000e+00 6.708176368796e+00
   endloop
 endfacet
 facet normal 0.000000000000e+00 1.000000000000e+00 0.000000000000e+00
   outer loop
     vertex -7.006466666501e+00 9.500000000000e+00 6.679698399354e+00
     vertex -8.419878433011e+00 9.500000000000e+00 6.708176368796e+00
     vertex -7.048279225922e+00 9.500000000000e+00 6.988942988448e+00
   endloop
 endfacet
 facet normal 0.000000000000e+00 1.000000000000e+00 0.000000000000e+00
   outer loop
     vertex -7.003505553124e+00 9.500000000000e+00 6.367653950891e+00
     vertex -8.400000000000e+00 9.500000000000e+00 6.500000000000e+00
     vertex -7.006466666501e+00 9.500000000000e+00 6.679698399354e+00
   endloop
 endfacet
 facet normal 0.000000000000e+00 1.000000000000e+00 0.000000000000e+00
   outer loop
     vertex -7.003505553124e+00 9.500000000000e+00 6.367653950891e+00
     vertex -8.419878433011e+00 9.500000000000e+00 6.291823631204e+00
     vertex -8.400000000000e+00 9.500000000000e+00 6.500000000000e+00
   endloop
 endfacet
 facet normal 0.000000000000e+00 1.000000000000e+00 -0.000000000000e+00
   outer loop
     vertex -7.039442022544e+00 9.500000000000e+00 6.057671570464e+00
     vertex -8.419878433011e+00 9.500000000000e+00 6.291823631204e+00
     vertex -7.003505553124e+00 9.500000000000e+00 6.367653950891e+00
   endloop
 endfacet
 facet normal 0.000000000000e+00 1.000000000000e+00 -0.000000000000e+00
   outer loop
     vertex -7.113716152909e+00 9.500000000000e+00 5.754581056644e+00
     vertex -8.419878433011e+00 9.500000000000e+00 6.291823631204e+00
     vertex -7.039442022544e+00 9.500000000000e+00 6.057671570464e+00
   endloop
 endfacet
 facet normal 0.000000000000e+00 1.000000000000e+00 0.000000000000e+00
   outer loop
     vertex -7.113716152909e+00 9.500000000000e+00 5.754581056644e+00
     vertex -8.478795273682e+00 9.500000000000e+00 6.091171298774e+00
     vertex -8.419878433011e+00 9.500000000000e+00 6.291823631204e+00
   endloop
 endfacet
 facet normal 0.000000000000e+00 1.000000000000e+00 -0.000000000000e+00
   outer loop
     vertex -7.225170687837e+00 9.500000000000e+00 5.463104826647e+00
     vertex -8.478795273682e+00 9.500000000000e+00 6.091171298774e+00
     vertex -7.113716152909e+00 9.500000000000e+00 5.754581056644e+00
   endloop
 endfacet
 facet normal 0.000000000000e+00 1.000000000000e+00 0.000000000000e+00
   outer loop
     vertex -7.225170687837e+00 9.500000000000e+00 5.463104826647e+00
     vertex -8.574621113886e+00 9.500000000000e+00 5.905295100799e+00
     vertex -8.478795273682e+00 9.500000000000e+00 6.091171298774e+00
   endloop
 endfacet
 facet normal 0.000000000000e+00 1.000000000000e+00 -0.000000000000e+00
   outer loop
     vertex -7.372069067484e+00 9.500000000000e+00 5.187784336916e+00
     vertex -8.574621113886e+00 9.500000000000e+00 5.905295100799e+00
     vertex -7.225170687837e+00 9.500000000000e+00 5.463104826647e+00
   endloop
 endfacet
 facet normal 0.000000000000e+00 1.000000000000e+00 0.000000000000e+00
   outer loop
     vertex -8.000000000000e+00 9.500000000000e+00 4.500000000000e+00
     vertex -9.240665170940e+00 9.500000000000e+00 5.431007274844e+00
     vertex -9.043043485698e+00 9.500000000000e+00 5.499404805110e+00
   endloop
 endfacet
 facet normal 0.000000000000e+00 1.000000000000e+00 0.000000000000e+00
   outer loop
     vertex -8.000000000000e+00 9.500000000000e+00 4.500000000000e+00
     vertex -9.043043485698e+00 9.500000000000e+00 5.499404805110e+00
     vertex -8.861937399472e+00 9.500000000000e+00 5.603966452745e+00
   endloop
 endfacet
 facet normal 0.000000000000e+00 1.000000000000e+00 -0.000000000000e+00
   outer loop
     vertex -7.552122485686e+00 9.500000000000e+00 4.932909323227e+00
     vertex -8.574621113886e+00 9.500000000000e+00 5.905295100799e+00
     vertex -7.372069067484e+00 9.500000000000e+00 5.187784336916e+00
   endloop
 endfacet
 facet normal 0.000000000000e+00 1.000000000000e+00 0.000000000000e+00
   outer loop
     vertex -7.552122485686e+00 9.500000000000e+00 4.932909323227e+00
     vertex -8.703892558084e+00 9.500000000000e+00 5.740913087370e+00
     vertex -8.574621113886e+00 9.500000000000e+00 5.905295100799e+00
   endloop
 endfacet
 facet normal 0.000000000000e+00 1.000000000000e+00 -0.000000000000e+00
   outer loop
     vertex -7.762525551566e+00 9.500000000000e+00 4.702450962828e+00
     vertex -8.703892558084e+00 9.500000000000e+00 5.740913087370e+00
     vertex -7.552122485686e+00 9.500000000000e+00 4.932909323227e+00
   endloop
 endfacet
 facet normal 0.000000000000e+00 1.000000000000e+00 0.000000000000e+00
   outer loop
     vertex -7.762525551566e+00 9.500000000000e+00 4.702450962828e+00
     vertex -8.000000000000e+00 9.500000000000e+00 4.500000000000e+00
     vertex -8.861937399472e+00 9.500000000000e+00 5.603966452745e+00
   endloop
 endfacet
 facet normal 0.000000000000e+00 1.000000000000e+00 0.000000000000e+00
   outer loop
     vertex -7.762525551566e+00 9.500000000000e+00 4.702450962828e+00
     vertex -8.861937399472e+00 9.500000000000e+00 5.603966452745e+00
     vertex -8.703892558084e+00 9.500000000000e+00 5.740913087370e+00
   endloop
 endfacet
 facet normal 0.000000000000e+00 1.000000000000e+00 0.000000000000e+00
   outer loop
     vertex -8.000000000000e+00 9.500000000000e+00 4.000000000000e+00
     vertex -1.100000000000e+01 9.500000000000e+00 3.500000000000e+00
     vertex -9.447659892594e+00 9.500000000000e+00 5.401245926899e+00
   endloop
 endfacet
 facet normal 0.000000000000e+00 1.000000000000e+00 0.000000000000e+00
   outer loop
     vertex -8.000000000000e+00 9.500000000000e+00 4.000000000000e+00
     vertex -9.240665170940e+00 9.500000000000e+00 5.431007274844e+00
     vertex -8.000000000000e+00 9.500000000000e+00 4.500000000000e+00
   endloop
 endfacet
 facet normal 0.000000000000e+00 1.000000000000e+00 0.000000000000e+00
   outer loop
     vertex -8.000000000000e+00 9.500000000000e+00 4.000000000000e+00
     vertex -9.447659892594e+00 9.500000000000e+00 5.401245926899e+00
     vertex -9.240665170940e+00 9.500000000000e+00 5.431007274844e+00
   endloop
 endfacet
 facet normal 0.000000000000e+00 1.000000000000e+00 -0.000000000000e+00
   outer loop
     vertex -9.500000000000e+00 9.500000000000e+00 2.000000000000e+00
     vertex -1.100000000000e+01 9.500000000000e+00 3.500000000000e+00
     vertex -8.000000000000e+00 9.500000000000e+00 4.000000000000e+00
   endloop
 endfacet
 facet normal 0.000000000000e+00 1.000000000000e+00 0.000000000000e+00
   outer loop
     vertex -7.000000000000e+00 9.500000000000e+00 3.000000000000e+00
     vertex -9.500000000000e+00 9.500000000000e+00 2.000000000000e+00
     vertex -8.000000000000e+00 9.500000000000e+00 4.000000000000e+00
   endloop
 endfacet
 facet normal 0.000000000000e+00 1.000000000000e+00 0.000000000000e+00
   outer loop
     vertex -7.000000000000e+00 9.500000000000e+00 2.000000000000e+00
     vertex -9.500000000000e+00 9.500000000000e+00 0.000000000000e+00
     vertex -9.500000000000e+00 9.500000000000e+00 2.000000000000e+00
   endloop
 endfacet
 facet normal 0.000000000000e+00 1.000000000000e+00 -0.000000000000e+00
   outer loop
     vertex -7.000000000000e+00 9.500000000000e+00 2.000000000000e+00
     vertex -9.500000000000e+00 9.500000000000e+00 2.000000000000e+00
     vertex -7.000000000000e+00 9.500000000000e+00 3.000000000000e+00
   endloop
 endfacet
 facet normal 0.000000000000e+00 1.000000000000e+00 -0.000000000000e+00
   outer loop
     vertex 9.500000000000e+00 9.500000000000e+00 0.000000000000e+00
     vertex -7.000000000000e+00 9.500000000000e+00 2.000000000000e+00
     vertex 9.500000000000e+00 9.500000000000e+00 2.000000000000e+00
   endloop
 endfacet
 facet normal 0.000000000000e+00 1.000000000000e+00 0.000000000000e+00
   outer loop
     vertex 9.500000000000e+00 9.500000000000e+00 0.000000000000e+00
     vertex -9.500000000000e+00 9.500000000000e+00 0.000000000000e+00
     vertex -7.000000000000e+00 9.500000000000e+00 2.000000000000e+00
   endloop
 endfacet
 facet normal -1.000000000000e+00 -0.000000000000e+00 0.000000000000e+00
   outer loop
     vertex -9.500000000000e+00 -6.500000000000e+00 2.000000000000e+00
     vertex -9.500000000000e+00 -9.500000000000e+00 0.000000000000e+00
     vertex -9.500000000000e+00 -9.500000000000e+00 2.000000000000e+00
   endloop
 endfacet
 facet normal -1.000000000000e+00 0.000000000000e+00 0.000000000000e+00
   outer loop
     vertex -9.500000000000e+00 9.500000000000e+00 0.000000000000e+00
     vertex -9.500000000000e+00 6.500000000000e+00 2.000000000000e+00
     vertex -9.500000000000e+00 9.500000000000e+00 2.000000000000e+00
   endloop
 endfacet
 facet normal -1.000000000000e+00 0.000000000000e+00 0.000000000000e+00
   outer loop
     vertex -9.500000000000e+00 9.500000000000e+00 0.000000000000e+00
     vertex -9.500000000000e+00 -9.500000000000e+00 0.000000000000e+00
     vertex -9.500000000000e+00 -6.500000000000e+00 2.000000000000e+00
   endloop
 endfacet
 facet normal -1.000000000000e+00 0.000000000000e+00 0.000000000000e+00
   outer loop
     vertex -9.500000000000e+00 9.500000000000e+00 0.000000000000e+00
     vertex -9.500000000000e+00 -6.500000000000e+00 2.000000000000e+00
     vertex -9.500000000000e+00 6.500000000000e+00 2.000000000000e+00
   endloop
 endfacet
 facet normal -7.071067811865e-01 0.000000000000e+00 -7.071067811865e-01
   outer loop
     vertex -9.500000000000e+00 6.500000000000e+00 2.000000000000e+00
     vertex -1.100000000000e+01 9.500000000000e+00 3.500000000000e+00
     vertex -9.500000000000e+00 9.500000000000e+00 2.000000000000e+00
   endloop
 endfacet
 facet normal -7.071067811865e-01 0.000000000000e+00 -7.071067811865e-01
   outer loop
     vertex -9.500000000000e+00 6.500000000000e+00 2.000000000000e+00
     vertex -1.100000000000e+01 6.500000000000e+00 3.500000000000e+00
     vertex -1.100000000000e+01 9.500000000000e+00 3.500000000000e+00
   endloop
 endfacet
 facet normal -1.000000000000e+00 0.000000000000e+00 5.329070518201e-14
   outer loop
     vertex -1.100000000000e+01 6.500000000000e+00 4.500000000000e+00
     vertex -1.100000000000e+01 9.500000000000e+00 4.500000000000e+00
     vertex -1.100000000000e+01 9.500000000000e+00 3.500000000000e+00
   endloop
 endfacet
 facet normal -1.000000000000e+00 0.000000000000e+00 5.329070518201e-14
   outer loop
     vertex -1.100000000000e+01 6.500000000000e+00 3.500000000000e+00
     vertex -1.100000000000e+01 6.500000000000e+00 4.500000000000e+00
     vertex -1.100000000000e+01 9.500000000000e+00 3.500000000000e+00
   endloop
 endfacet
 facet normal 6.487596533884e-01 3.322785559316e-17 -7.609933719392e-01
   outer loop
     vertex -7.762525551566e+00 9.500000000000e+00 4.702450962828e+00
     vertex -7.762525551566e+00 6.500000000000e+00 4.702450962828e+00
     vertex -8.000000000000e+00 6.500000000000e+00 4.500000000000e+00
   endloop
 endfacet
 facet normal 7.385101257318e-01 -1.902707336572e-17 -6.742423853420e-01
   outer loop
     vertex -7.762525551566e+00 9.500000000000e+00 4.702450962828e+00
     vertex -7.552122485686e+00 6.500000000000e+00 4.932909323227e+00
     vertex -7.762525551566e+00 6.500000000000e+00 4.702450962828e+00
   endloop
 endfacet
 facet normal 6.487596533884e-01 0.000000000000e+00 -7.609933719392e-01
   outer loop
     vertex -7.762525551566e+00 9.500000000000e+00 4.702450962828e+00
     vertex -8.000000000000e+00 6.500000000000e+00 4.500000000000e+00
     vertex -8.000000000000e+00 9.500000000000e+00 4.500000000000e+00
   endloop
 endfacet
 facet normal 8.167539597174e-01 9.983665955626e-17 -5.769861083995e-01
   outer loop
     vertex -7.552122485686e+00 9.500000000000e+00 4.932909323227e+00
     vertex -7.372069067484e+00 6.500000000000e+00 5.187784336916e+00
     vertex -7.552122485686e+00 6.500000000000e+00 4.932909323227e+00
   endloop
 endfacet
 facet normal 7.385101257318e-01 1.805887720702e-16 -6.742423853419e-01
   outer loop
     vertex -7.552122485686e+00 9.500000000000e+00 4.932909323227e+00
     vertex -7.552122485686e+00 6.500000000000e+00 4.932909323227e+00
     vertex -7.762525551566e+00 9.500000000000e+00 4.702450962828e+00
   endloop
 endfacet
 facet normal 8.822720474818e-01 -2.436759936918e-16 -4.707398795856e-01
   outer loop
     vertex -7.372069067484e+00 9.500000000000e+00 5.187784336916e+00
     vertex -7.225170687837e+00 6.500000000000e+00 5.463104826647e+00
     vertex -7.372069067484e+00 6.500000000000e+00 5.187784336916e+00
   endloop
 endfacet
 facet normal 8.167539597174e-01 -1.419710875189e-16 -5.769861083995e-01
   outer loop
     vertex -7.372069067484e+00 9.500000000000e+00 5.187784336916e+00
     vertex -7.372069067484e+00 6.500000000000e+00 5.187784336916e+00
     vertex -7.552122485686e+00 9.500000000000e+00 4.932909323227e+00
   endloop
 endfacet
 facet normal 8.822720474818e-01 -1.043089929118e-16 -4.707398795856e-01
   outer loop
     vertex -7.225170687837e+00 9.500000000000e+00 5.463104826647e+00
     vertex -7.225170687837e+00 6.500000000000e+00 5.463104826647e+00
     vertex -7.372069067484e+00 9.500000000000e+00 5.187784336916e+00
   endloop
 endfacet
 facet normal 9.340435594987e-01 -2.358438756186e-16 -3.571591087442e-01
   outer loop
     vertex -7.225170687837e+00 9.500000000000e+00 5.463104826647e+00
     vertex -7.113716152909e+00 6.500000000000e+00 5.754581056644e+00
     vertex -7.225170687837e+00 6.500000000000e+00 5.463104826647e+00
   endloop
 endfacet
 facet normal 9.712618500023e-01 -5.686684492869e-18 -2.380134843450e-01
   outer loop
     vertex -7.113716152909e+00 9.500000000000e+00 5.754581056644e+00
     vertex -7.039442022544e+00 6.500000000000e+00 6.057671570464e+00
     vertex -7.113716152909e+00 6.500000000000e+00 5.754581056644e+00
   endloop
 endfacet
 facet normal 9.340435594987e-01 1.464289061790e-16 -3.571591087441e-01
   outer loop
     vertex -7.113716152909e+00 9.500000000000e+00 5.754581056644e+00
     vertex -7.113716152909e+00 6.500000000000e+00 5.754581056644e+00
     vertex -7.225170687837e+00 9.500000000000e+00 5.463104826647e+00
   endloop
 endfacet
 facet normal 9.933470252386e-01 -4.177094372857e-16 -1.151594001791e-01
   outer loop
     vertex -7.039442022544e+00 9.500000000000e+00 6.057671570464e+00
     vertex -7.003505553124e+00 6.500000000000e+00 6.367653950891e+00
     vertex -7.039442022544e+00 6.500000000000e+00 6.057671570464e+00
   endloop
 endfacet
 facet normal 9.712618500023e-01 -2.227718093786e-16 -2.380134843450e-01
   outer loop
     vertex -7.039442022544e+00 9.500000000000e+00 6.057671570464e+00
     vertex -7.039442022544e+00 6.500000000000e+00 6.057671570464e+00
     vertex -7.113716152909e+00 9.500000000000e+00 5.754581056644e+00
   endloop
 endfacet
 facet normal 9.999549787212e-01 -3.157112381805e-16 9.488968892658e-03
   outer loop
     vertex -7.003505553124e+00 9.500000000000e+00 6.367653950891e+00
     vertex -7.006466666501e+00 6.500000000000e+00 6.679698399354e+00
     vertex -7.003505553124e+00 6.500000000000e+00 6.367653950891e+00
   endloop
 endfacet
 facet normal 9.933470252386e-01 -5.543157754588e-17 -1.151594001791e-01
   outer loop
     vertex -7.003505553124e+00 9.500000000000e+00 6.367653950891e+00
     vertex -7.003505553124e+00 6.500000000000e+00 6.367653950891e+00
     vertex -7.039442022544e+00 9.500000000000e+00 6.057671570464e+00
   endloop
 endfacet
 facet normal 9.909827527135e-01 2.694287973970e-16 1.339894914696e-01
   outer loop
     vertex -7.006466666501e+00 9.500000000000e+00 6.679698399354e+00
     vertex -7.048279225922e+00 6.500000000000e+00 6.988942988448e+00
     vertex -7.006466666501e+00 6.500000000000e+00 6.679698399354e+00
   endloop
 endfacet
 facet normal 9.999549787212e-01 5.696178954595e-16 9.488968892666e-03
   outer loop
     vertex -7.006466666501e+00 9.500000000000e+00 6.679698399354e+00
     vertex -7.006466666501e+00 6.500000000000e+00 6.679698399354e+00
     vertex -7.003505553124e+00 9.500000000000e+00 6.367653950891e+00
   endloop
 endfacet
 facet normal 9.665701424010e-01 -3.211204858876e-16 2.564023397299e-01
   outer loop
     vertex -7.048279225922e+00 9.500000000000e+00 6.988942988448e+00
     vertex -7.128291754874e+00 6.500000000000e+00 7.290569415042e+00
     vertex -7.048279225922e+00 6.500000000000e+00 6.988942988448e+00
   endloop
 endfacet
 facet normal 9.909827527135e-01 -2.396103435471e-17 1.339894914696e-01
   outer loop
     vertex -7.048279225922e+00 9.500000000000e+00 6.988942988448e+00
     vertex -7.048279225922e+00 6.500000000000e+00 6.988942988448e+00
     vertex -7.006466666501e+00 9.500000000000e+00 6.679698399354e+00
   endloop
 endfacet
 facet normal 9.270975177587e-01 -2.278315195996e-16 3.748202136566e-01
   outer loop
     vertex -7.128291754874e+00 9.500000000000e+00 7.290569415042e+00
     vertex -7.245257587668e+00 6.500000000000e+00 7.579878073689e+00
     vertex -7.128291754874e+00 6.500000000000e+00 7.290569415042e+00
   endloop
 endfacet
 facet normal 9.665701424010e-01 4.095210295097e-17 2.564023397299e-01
   outer loop
     vertex -7.128291754874e+00 9.500000000000e+00 7.290569415042e+00
     vertex -7.128291754874e+00 6.500000000000e+00 7.290569415042e+00
     vertex -7.048279225922e+00 9.500000000000e+00 6.988942988448e+00
   endloop
 endfacet
 facet normal 8.731798970526e-01 -2.345521460046e-16 4.873980584524e-01
   outer loop
     vertex -7.245257587668e+00 9.500000000000e+00 7.579878073689e+00
     vertex -7.397354293588e+00 6.500000000000e+00 7.852361280616e+00
     vertex -7.245257587668e+00 6.500000000000e+00 7.579878073689e+00
   endloop
 endfacet
 facet normal 9.270975177587e-01 4.664448314403e-17 3.748202136566e-01
   outer loop
     vertex -7.245257587668e+00 9.500000000000e+00 7.579878073689e+00
     vertex -7.245257587668e+00 6.500000000000e+00 7.579878073689e+00
     vertex -7.128291754874e+00 9.500000000000e+00 7.290569415042e+00
   endloop
 endfacet
 facet normal 8.056573643126e-01 -9.819150395327e-17 5.923818121186e-01
   outer loop
     vertex -7.397354293588e+00 9.500000000000e+00 7.852361280616e+00
     vertex -7.582212071964e+00 6.500000000000e+00 8.103773507413e+00
     vertex -7.397354293588e+00 6.500000000000e+00 7.852361280616e+00
   endloop
 endfacet
 facet normal 8.731798970526e-01 1.682598467952e-16 4.873980584524e-01
   outer loop
     vertex -7.397354293588e+00 9.500000000000e+00 7.852361280616e+00
     vertex -7.397354293588e+00 6.500000000000e+00 7.852361280616e+00
     vertex -7.245257587668e+00 9.500000000000e+00 7.579878073689e+00
   endloop
 endfacet
 facet normal 7.255819800835e-01 2.591606808479e-16 6.881357352864e-01
   outer loop
     vertex -7.582212071964e+00 9.500000000000e+00 8.103773507413e+00
     vertex -7.796950675756e+00 6.500000000000e+00 8.330197530102e+00
     vertex -7.582212071964e+00 6.500000000000e+00 8.103773507413e+00
   endloop
 endfacet
 facet normal 8.056573643126e-01 4.910914854294e-16 5.923818121186e-01
   outer loop
     vertex -7.582212071964e+00 9.500000000000e+00 8.103773507413e+00
     vertex -7.582212071964e+00 6.500000000000e+00 8.103773507413e+00
     vertex -7.397354293588e+00 9.500000000000e+00 7.852361280616e+00
   endloop
 endfacet
 facet normal 6.342013893949e-01 -2.468541070799e-16 7.731678974774e-01
   outer loop
     vertex -7.796950675756e+00 9.500000000000e+00 8.330197530102e+00
     vertex -8.038224288341e+00 6.500000000000e+00 8.528105462939e+00
     vertex -7.796950675756e+00 6.500000000000e+00 8.330197530102e+00
   endloop
 endfacet
 facet normal 7.255819800835e-01 6.651789305512e-17 6.881357352864e-01
   outer loop
     vertex -7.796950675756e+00 9.500000000000e+00 8.330197530102e+00
     vertex -7.796950675756e+00 6.500000000000e+00 8.330197530102e+00
     vertex -7.582212071964e+00 9.500000000000e+00 8.103773507413e+00
   endloop
 endfacet
 facet normal 5.329393823525e-01 -5.535642956261e-17 8.461534226946e-01
   outer loop
     vertex -8.038224288341e+00 9.500000000000e+00 8.528105462939e+00
     vertex -8.302273654281e+00 6.500000000000e+00 8.694413725980e+00
     vertex -8.038224288341e+00 6.500000000000e+00 8.528105462939e+00
   endloop
 endfacet
 facet normal 6.342013893949e-01 2.109532538163e-16 7.731678974774e-01
   outer loop
     vertex -8.038224288341e+00 9.500000000000e+00 8.528105462939e+00
     vertex -8.038224288341e+00 6.500000000000e+00 8.528105462939e+00
     vertex -7.796950675756e+00 9.500000000000e+00 8.330197530102e+00
   endloop
 endfacet
 facet normal 5.329393823525e-01 7.612305492417e-16 8.461534226946e-01
   outer loop
     vertex -8.302273654281e+00 9.500000000000e+00 8.694413725980e+00
     vertex -8.302273654281e+00 6.500000000000e+00 8.694413725980e+00
     vertex -8.038224288341e+00 9.500000000000e+00 8.528105462939e+00
   endloop
 endfacet
 facet normal 4.233737102341e-01 2.156295873972e-16 9.059551321576e-01
   outer loop
     vertex -8.584984651838e+00 9.500000000000e+00 8.826531089977e+00
     vertex -8.584984651838e+00 6.500000000000e+00 8.826531089977e+00
     vertex -8.302273654281e+00 6.500000000000e+00 8.694413725980e+00
   endloop
 endfacet
 facet normal 4.233737102341e-01 4.669533854687e-16 9.059551321576e-01
   outer loop
     vertex -8.584984651838e+00 9.500000000000e+00 8.826531089977e+00
     vertex -8.302273654281e+00 6.500000000000e+00 8.694413725980e+00
     vertex -8.302273654281e+00 9.500000000000e+00 8.694413725980e+00
   endloop
 endfacet
 facet normal 3.072115027342e-01 -1.776756777104e-17 9.516412625500e-01
   outer loop
     vertex -8.881952394613e+00 9.500000000000e+00 8.922399050007e+00
     vertex -8.881952394613e+00 6.500000000000e+00 8.922399050007e+00
     vertex -8.584984651838e+00 6.500000000000e+00 8.826531089977e+00
   endloop
 endfacet
 facet normal 1.862626693803e-01 -2.508878885809e-16 9.824999837126e-01
   outer loop
     vertex -8.881952394613e+00 9.500000000000e+00 8.922399050007e+00
     vertex -9.188549863556e+00 6.500000000000e+00 8.980523898798e+00
     vertex -8.881952394613e+00 6.500000000000e+00 8.922399050007e+00
   endloop
 endfacet
 facet normal 3.072115027342e-01 -1.852989624876e-17 9.516412625500e-01
   outer loop
     vertex -8.881952394613e+00 9.500000000000e+00 8.922399050007e+00
     vertex -8.584984651838e+00 6.500000000000e+00 8.826531089977e+00
     vertex -8.584984651838e+00 9.500000000000e+00 8.826531089977e+00
   endloop
 endfacet
 facet normal 1.862626693803e-01 -2.508878885809e-16 9.824999837126e-01
   outer loop
     vertex -9.188549863556e+00 9.500000000000e+00 8.980523898798e+00
     vertex -9.188549863556e+00 6.500000000000e+00 8.980523898798e+00
     vertex -8.881952394613e+00 9.500000000000e+00 8.922399050007e+00
   endloop
 endfacet
 facet normal 6.241169954718e-02 1.478205991323e-16 9.980504895844e-01
   outer loop
     vertex -9.500000000000e+00 9.500000000000e+00 9.000000000000e+00
     vertex -9.500000000000e+00 6.500000000000e+00 9.000000000000e+00
     vertex -9.188549863556e+00 6.500000000000e+00 8.980523898798e+00
   endloop
 endfacet
 facet normal 6.241169954717e-02 -4.799243128428e-16 9.980504895844e-01
   outer loop
     vertex -9.500000000000e+00 9.500000000000e+00 9.000000000000e+00
     vertex -9.188549863556e+00 6.500000000000e+00 8.980523898798e+00
     vertex -9.188549863556e+00 9.500000000000e+00 8.980523898798e+00
   endloop
 endfacet
 facet normal -6.241169954718e-02 -1.478205991323e-16 9.980504895844e-01
   outer loop
     vertex -9.811450136444e+00 9.500000000000e+00 8.980523898798e+00
     vertex -9.811450136444e+00 6.500000000000e+00 8.980523898798e+00
     vertex -9.500000000000e+00 6.500000000000e+00 9.000000000000e+00
   endloop
 endfacet
 facet normal -1.862626693803e-01 -4.411586222382e-16 9.824999837126e-01
   outer loop
     vertex -9.811450136444e+00 9.500000000000e+00 8.980523898798e+00
     vertex -1.011804760539e+01 6.500000000000e+00 8.922399050007e+00
     vertex -9.811450136444e+00 6.500000000000e+00 8.980523898798e+00
   endloop
 endfacet
 facet normal -6.241169954718e-02 -1.482391699901e-16 9.980504895844e-01
   outer loop
     vertex -9.811450136444e+00 9.500000000000e+00 8.980523898798e+00
     vertex -9.500000000000e+00 6.500000000000e+00 9.000000000000e+00
     vertex -9.500000000000e+00 9.500000000000e+00 9.000000000000e+00
   endloop
 endfacet
 facet normal -3.072115027342e-01 -5.457172540244e-16 9.516412625500e-01
   outer loop
     vertex -1.011804760539e+01 9.500000000000e+00 8.922399050007e+00
     vertex -1.041501534816e+01 6.500000000000e+00 8.826531089977e+00
     vertex -1.011804760539e+01 6.500000000000e+00 8.922399050007e+00
   endloop
 endfacet
 facet normal -1.862626693803e-01 -3.308689666786e-16 9.824999837126e-01
   outer loop
     vertex -1.011804760539e+01 9.500000000000e+00 8.922399050007e+00
     vertex -1.011804760539e+01 6.500000000000e+00 8.922399050007e+00
     vertex -9.811450136444e+00 9.500000000000e+00 8.980523898798e+00
   endloop
 endfacet
 facet normal -3.072115027342e-01 -1.641381835704e-16 9.516412625500e-01
   outer loop
     vertex -1.041501534816e+01 9.500000000000e+00 8.826531089977e+00
     vertex -1.041501534816e+01 6.500000000000e+00 8.826531089977e+00
     vertex -1.011804760539e+01 9.500000000000e+00 8.922399050007e+00
   endloop
 endfacet
 facet normal -4.233737102341e-01 -2.156295873973e-16 9.059551321576e-01
   outer loop
     vertex -1.069772634572e+01 9.500000000000e+00 8.694413725980e+00
     vertex -1.069772634572e+01 6.500000000000e+00 8.694413725980e+00
     vertex -1.041501534816e+01 6.500000000000e+00 8.826531089977e+00
   endloop
 endfacet
 facet normal -5.329393823525e-01 -4.456670436325e-16 8.461534226946e-01
   outer loop
     vertex -1.069772634572e+01 9.500000000000e+00 8.694413725980e+00
     vertex -1.096177571166e+01 6.500000000000e+00 8.528105462939e+00
     vertex -1.069772634572e+01 6.500000000000e+00 8.694413725980e+00
   endloop
 endfacet
 facet normal -4.233737102341e-01 -4.669533854687e-16 9.059551321576e-01
   outer loop
     vertex -1.069772634572e+01 9.500000000000e+00 8.694413725980e+00
     vertex -1.041501534816e+01 6.500000000000e+00 8.826531089977e+00
     vertex -1.041501534816e+01 9.500000000000e+00 8.826531089977e+00
   endloop
 endfacet
 facet normal -6.342013893949e-01 -2.109532538163e-16 7.731678974774e-01
   outer loop
     vertex -1.096177571166e+01 9.500000000000e+00 8.528105462939e+00
     vertex -1.120304932424e+01 6.500000000000e+00 8.330197530102e+00
     vertex -1.096177571166e+01 6.500000000000e+00 8.528105462939e+00
   endloop
 endfacet
 facet normal -5.329393823525e-01 5.535642956259e-17 8.461534226945e-01
   outer loop
     vertex -1.096177571166e+01 9.500000000000e+00 8.528105462939e+00
     vertex -1.096177571166e+01 6.500000000000e+00 8.528105462939e+00
     vertex -1.069772634572e+01 9.500000000000e+00 8.694413725980e+00
   endloop
 endfacet
 facet normal -6.342013893949e-01 -2.109532538163e-16 7.731678974774e-01
   outer loop
     vertex -1.120304932424e+01 9.500000000000e+00 8.330197530102e+00
     vertex -1.120304932424e+01 6.500000000000e+00 8.330197530102e+00
     vertex -1.096177571166e+01 9.500000000000e+00 8.528105462939e+00
   endloop
 endfacet
 facet normal -7.255819800835e-01 -4.434526203675e-17 6.881357352864e-01
   outer loop
     vertex -1.141778792804e+01 9.500000000000e+00 8.103773507413e+00
     vertex -1.141778792804e+01 6.500000000000e+00 8.103773507413e+00
     vertex -1.120304932424e+01 6.500000000000e+00 8.330197530102e+00
   endloop
 endfacet
 facet normal -7.255819800835e-01 -4.743653439682e-16 6.881357352864e-01
   outer loop
     vertex -1.141778792804e+01 9.500000000000e+00 8.103773507413e+00
     vertex -1.120304932424e+01 6.500000000000e+00 8.330197530102e+00
     vertex -1.120304932424e+01 9.500000000000e+00 8.330197530102e+00
   endloop
 endfacet
 facet normal -8.056573643126e-01 9.819150395326e-17 5.923818121186e-01
   outer loop
     vertex -1.160264570641e+01 9.500000000000e+00 7.852361280616e+00
     vertex -1.160264570641e+01 6.500000000000e+00 7.852361280616e+00
     vertex -1.141778792804e+01 6.500000000000e+00 8.103773507413e+00
   endloop
 endfacet
 facet normal -8.731798970526e-01 -1.682598467952e-16 4.873980584524e-01
   outer loop
     vertex -1.160264570641e+01 9.500000000000e+00 7.852361280616e+00
     vertex -1.175474241233e+01 6.500000000000e+00 7.579878073689e+00
     vertex -1.160264570641e+01 6.500000000000e+00 7.852361280616e+00
   endloop
 endfacet
 facet normal -8.056573643126e-01 -2.520065889831e-16 5.923818121186e-01
   outer loop
     vertex -1.160264570641e+01 9.500000000000e+00 7.852361280616e+00
     vertex -1.141778792804e+01 6.500000000000e+00 8.103773507413e+00
     vertex -1.141778792804e+01 9.500000000000e+00 8.103773507413e+00
   endloop
 endfacet
 facet normal -9.270975177587e-01 -4.320895609001e-16 3.748202136566e-01
   outer loop
     vertex -1.175474241233e+01 9.500000000000e+00 7.579878073689e+00
     vertex -1.187170824513e+01 6.500000000000e+00 7.290569415042e+00
     vertex -1.175474241233e+01 6.500000000000e+00 7.579878073689e+00
   endloop
 endfacet
 facet normal -8.731798970526e-01 -1.682598467952e-16 4.873980584524e-01
   outer loop
     vertex -1.175474241233e+01 9.500000000000e+00 7.579878073689e+00
     vertex -1.175474241233e+01 6.500000000000e+00 7.579878073689e+00
     vertex -1.160264570641e+01 9.500000000000e+00 7.852361280616e+00
   endloop
 endfacet
 facet normal -9.270975177587e-01 2.278315195996e-16 3.748202136566e-01
   outer loop
     vertex -1.187170824513e+01 9.500000000000e+00 7.290569415042e+00
     vertex -1.187170824513e+01 6.500000000000e+00 7.290569415042e+00
     vertex -1.175474241233e+01 9.500000000000e+00 7.579878073689e+00
   endloop
 endfacet
 facet normal -9.665701424010e-01 -4.076577174727e-17 2.564023397299e-01
   outer loop
     vertex -1.195172077408e+01 9.500000000000e+00 6.988942988448e+00
     vertex -1.187170824513e+01 6.500000000000e+00 7.290569415042e+00
     vertex -1.187170824513e+01 9.500000000000e+00 7.290569415042e+00
   endloop
 endfacet
 facet normal -9.665701424010e-01 5.313723914537e-16 2.564023397299e-01
   outer loop
     vertex -1.195172077408e+01 9.500000000000e+00 6.988942988448e+00
     vertex -1.195172077408e+01 6.500000000000e+00 6.988942988448e+00
     vertex -1.187170824513e+01 6.500000000000e+00 7.290569415042e+00
   endloop
 endfacet
 facet normal -9.909827527135e-01 2.776820078431e-16 1.339894914696e-01
   outer loop
     vertex -1.195172077408e+01 9.500000000000e+00 6.988942988448e+00
     vertex -1.199353333350e+01 6.500000000000e+00 6.679698399354e+00
     vertex -1.195172077408e+01 6.500000000000e+00 6.988942988448e+00
   endloop
 endfacet
 facet normal -9.909827527135e-01 -3.090976556603e-16 1.339894914696e-01
   outer loop
     vertex -1.199353333350e+01 9.500000000000e+00 6.679698399354e+00
     vertex -1.199353333350e+01 6.500000000000e+00 6.679698399354e+00
     vertex -1.195172077408e+01 9.500000000000e+00 6.988942988448e+00
   endloop
 endfacet
 facet normal -9.999549787212e-01 -5.723421703835e-16 9.488968892649e-03
   outer loop
     vertex -1.199649444688e+01 9.500000000000e+00 6.367653950891e+00
     vertex -1.199353333350e+01 6.500000000000e+00 6.679698399354e+00
     vertex -1.199353333350e+01 9.500000000000e+00 6.679698399354e+00
   endloop
 endfacet
 facet normal -9.999549787212e-01 1.966509392321e-17 9.488968892655e-03
   outer loop
     vertex -1.199649444688e+01 9.500000000000e+00 6.367653950891e+00
     vertex -1.199649444688e+01 6.500000000000e+00 6.367653950891e+00
     vertex -1.199353333350e+01 6.500000000000e+00 6.679698399354e+00
   endloop
 endfacet
 facet normal -9.933470252386e-01 -2.390356616090e-16 -1.151594001791e-01
   outer loop
     vertex -1.196055797746e+01 9.500000000000e+00 6.057671570464e+00
     vertex -1.199649444688e+01 6.500000000000e+00 6.367653950891e+00
     vertex -1.199649444688e+01 9.500000000000e+00 6.367653950891e+00
   endloop
 endfacet
 facet normal -9.933470252386e-01 4.177094372857e-16 -1.151594001791e-01
   outer loop
     vertex -1.196055797746e+01 9.500000000000e+00 6.057671570464e+00
     vertex -1.196055797746e+01 6.500000000000e+00 6.057671570464e+00
     vertex -1.199649444688e+01 6.500000000000e+00 6.367653950891e+00
   endloop
 endfacet
 facet normal -9.712618500023e-01 2.223587549851e-16 -2.380134843450e-01
   outer loop
     vertex -1.188628384709e+01 9.500000000000e+00 5.754581056644e+00
     vertex -1.196055797746e+01 6.500000000000e+00 6.057671570464e+00
     vertex -1.196055797746e+01 9.500000000000e+00 6.057671570464e+00
   endloop
 endfacet
 facet normal -9.712618500023e-01 2.227718093786e-16 -2.380134843450e-01
   outer loop
     vertex -1.188628384709e+01 9.500000000000e+00 5.754581056644e+00
     vertex -1.188628384709e+01 6.500000000000e+00 5.754581056644e+00
     vertex -1.196055797746e+01 6.500000000000e+00 6.057671570464e+00
   endloop
 endfacet
 facet normal -9.340435594987e-01 2.436320042796e-17 -3.571591087442e-01
   outer loop
     vertex -1.188628384709e+01 9.500000000000e+00 5.754581056644e+00
     vertex -1.177482931216e+01 6.500000000000e+00 5.463104826647e+00
     vertex -1.188628384709e+01 6.500000000000e+00 5.754581056644e+00
   endloop
 endfacet
 facet normal -9.340435594987e-01 -4.229613503812e-16 -3.571591087442e-01
   outer loop
     vertex -1.177482931216e+01 9.500000000000e+00 5.463104826647e+00
     vertex -1.177482931216e+01 6.500000000000e+00 5.463104826647e+00
     vertex -1.188628384709e+01 9.500000000000e+00 5.754581056644e+00
   endloop
 endfacet
 facet normal -8.822720474818e-01 -5.558968874627e-16 -4.707398795857e-01
   outer loop
     vertex -1.162793093252e+01 9.500000000000e+00 5.187784336916e+00
     vertex -1.177482931216e+01 6.500000000000e+00 5.463104826647e+00
     vertex -1.177482931216e+01 9.500000000000e+00 5.463104826647e+00
   endloop
 endfacet
 facet normal -8.822720474818e-01 2.436759936918e-16 -4.707398795856e-01
   outer loop
     vertex -1.162793093252e+01 9.500000000000e+00 5.187784336916e+00
     vertex -1.162793093252e+01 6.500000000000e+00 5.187784336916e+00
     vertex -1.177482931216e+01 6.500000000000e+00 5.463104826647e+00
   endloop
 endfacet
 facet normal -8.167539597174e-01 -1.708222033157e-16 -5.769861083995e-01
   outer loop
     vertex -1.144787751431e+01 9.500000000000e+00 4.932909323227e+00
     vertex -1.144787751431e+01 6.500000000000e+00 4.932909323227e+00
     vertex -1.162793093252e+01 6.500000000000e+00 5.187784336916e+00
   endloop
 endfacet
 facet normal -8.167539597174e-01 1.408272114906e-16 -5.769861083995e-01
   outer loop
     vertex -1.144787751431e+01 9.500000000000e+00 4.932909323227e+00
     vertex -1.162793093252e+01 6.500000000000e+00 5.187784336916e+00
     vertex -1.162793093252e+01 9.500000000000e+00 5.187784336916e+00
   endloop
 endfacet
 facet normal -7.385101257318e-01 -1.996158454360e-16 -6.742423853420e-01
   outer loop
     vertex -1.144787751431e+01 9.500000000000e+00 4.932909323227e+00
     vertex -1.123747444843e+01 6.500000000000e+00 4.702450962828e+00
     vertex -1.144787751431e+01 6.500000000000e+00 4.932909323227e+00
   endloop
 endfacet
 facet normal -6.487596533884e-01 -2.252992968304e-16 -7.609933719392e-01
   outer loop
     vertex -1.123747444843e+01 9.500000000000e+00 4.702450962828e+00
     vertex -1.100000000000e+01 6.500000000000e+00 4.500000000000e+00
     vertex -1.123747444843e+01 6.500000000000e+00 4.702450962828e+00
   endloop
 endfacet
 facet normal -7.385101257318e-01 -1.996158454360e-16 -6.742423853420e-01
   outer loop
     vertex -1.123747444843e+01 9.500000000000e+00 4.702450962828e+00
     vertex -1.123747444843e+01 6.500000000000e+00 4.702450962828e+00
     vertex -1.144787751431e+01 9.500000000000e+00 4.932909323227e+00
   endloop
 endfacet
 facet normal -6.487596533884e-01 -0.000000000000e+00 -7.609933719392e-01
   outer loop
     vertex -1.100000000000e+01 9.500000000000e+00 4.500000000000e+00
     vertex -1.100000000000e+01 6.500000000000e+00 4.500000000000e+00
     vertex -1.123747444843e+01 9.500000000000e+00 4.702450962828e+00
   endloop
 endfacet
 facet normal 1.000000000000e+00 0.000000000000e+00 8.171241461242e-14
   outer loop
     vertex -8.000000000000e+00 9.500000000000e+00 4.500000000000e+00
     vertex -8.000000000000e+00 6.500000000000e+00 4.500000000000e+00
     vertex -8.000000000000e+00 6.500000000000e+00 4.000000000000e+00
   endloop
 endfacet
 facet normal 1.000000000000e+00 0.000000000000e+00 8.171241461242e-14
   outer loop
     vertex -8.000000000000e+00 9.500000000000e+00 4.000000000000e+00
     vertex -8.000000000000e+00 9.500000000000e+00 4.500000000000e+00
     vertex -8.000000000000e+00 6.500000000000e+00 4.000000000000e+00
   endloop
 endfacet
 facet normal 7.071067811865e-01 0.000000000000e+00 7.071067811865e-01
   outer loop
     vertex -8.000000000000e+00 9.500000000000e+00 4.000000000000e+00
     vertex -8.000000000000e+00 6.500000000000e+00 4.000000000000e+00
     vertex -7.000000000000e+00 6.500000000000e+00 3.000000000000e+00
   endloop
 endfacet
 facet normal 7.071067811865e-01 0.000000000000e+00 7.071067811865e-01
   outer loop
     vertex -8.000000000000e+00 9.500000000000e+00 4.000000000000e+00
     vertex -7.000000000000e+00 6.500000000000e+00 3.000000000000e+00
     vertex -7.000000000000e+00 9.500000000000e+00 3.000000000000e+00
   endloop
 endfacet
 facet normal 1.000000000000e+00 0.000000000000e+00 0.000000000000e+00
   outer loop
     vertex -7.000000000000e+00 9.500000000000e+00 2.000000000000e+00
     vertex -7.000000000000e+00 6.500000000000e+00 3.000000000000e+00
     vertex -7.000000000000e+00 6.500000000000e+00 2.000000000000e+00
   endloop
 endfacet
 facet normal 1.000000000000e+00 0.000000000000e+00 -0.000000000000e+00
   outer loop
     vertex -7.000000000000e+00 9.500000000000e+00 2.000000000000e+00
     vertex -7.000000000000e+00 9.500000000000e+00 3.000000000000e+00
     vertex -7.000000000000e+00 6.500000000000e+00 3.000000000000e+00
   endloop
 endfacet
 facet normal -0.000000000000e+00 0.000000000000e+00 1.000000000000e+00
   outer loop
     vertex 6.900000000000e+00 -6.900000000000e+00 2.000000000000e+00
     vertex 9.500000000000e+00 -9.500000000000e+00 2.000000000000e+00
     vertex 9.500000000000e+00 -6.400000000000e+00 2.000000000000e+00
   endloop
 endfacet
 facet normal -0.000000000000e+00 0.000000000000e+00 1.000000000000e+00
   outer loop
     vertex 7.000000000000e+00 -6.400000000000e+00 2.000000000000e+00
     vertex 6.900000000000e+00 -6.900000000000e+00 2.000000000000e+00
     vertex 9.500000000000e+00 -6.400000000000e+00 2.000000000000e+00
   endloop
 endfacet
 facet normal -0.000000000000e+00 0.000000000000e+00 1.000000000000e+00
   outer loop
     vertex 5.500000000000e+00 -7.500000000000e+00 2.000000000000e+00
     vertex 9.500000000000e+00 -9.500000000000e+00 2.000000000000e+00
     vertex 6.900000000000e+00 -6.900000000000e+00 2.000000000000e+00
   endloop
 endfacet
 facet normal -0.000000000000e+00 0.000000000000e+00 1.000000000000e+00
   outer loop
     vertex 5.500000000000e+00 -6.900000000000e+00 2.000000000000e+00
     vertex 5.500000000000e+00 -7.500000000000e+00 2.000000000000e+00
     vertex 6.900000000000e+00 -6.900000000000e+00 2.000000000000e+00
   endloop
 endfacet
 facet normal -0.000000000000e+00 0.000000000000e+00 1.000000000000e+00
   outer loop
     vertex 6.900000000000e+00 -5.500000000000e+00 2.000000000000e+00
     vertex 7.000000000000e+00 -6.400000000000e+00 2.000000000000e+00
     vertex 7.000000000000e+00 -5.500000000000e+00 2.000000000000e+00
   endloop
 endfacet
 facet normal 0.000000000000e+00 0.000000000000e+00 1.000000000000e+00
   outer loop
     vertex -7.000000000000e+00 -9.500000000000e+00 2.000000000000e+00
     vertex 9.500000000000e+00 -9.500000000000e+00 2.000000000000e+00
     vertex 5.500000000000e+00 -7.500000000000e+00 2.000000000000e+00
   endloop
 endfacet
 facet normal -0.000000000000e+00 0.000000000000e+00 1.000000000000e+00
   outer loop
     vertex -5.500000000000e+00 -7.500000000000e+00 2.000000000000e+00
     vertex -7.000000000000e+00 -9.500000000000e+00 2.000000000000e+00
     vertex 5.500000000000e+00 -7.500000000000e+00 2.000000000000e+00
   endloop
 endfacet
 facet normal 0.000000000000e+00 0.000000000000e+00 1.000000000000e+00
   outer loop
     vertex 7.000000000000e+00 6.400000000000e+00 2.000000000000e+00
     vertex 6.900000000000e+00 5.500000000000e+00 2.000000000000e+00
     vertex 7.000000000000e+00 5.500000000000e+00 2.000000000000e+00
   endloop
 endfacet
 facet normal -0.000000000000e+00 0.000000000000e+00 1.000000000000e+00
   outer loop
     vertex 6.900000000000e+00 6.900000000000e+00 2.000000000000e+00
     vertex 9.500000000000e+00 6.400000000000e+00 2.000000000000e+00
     vertex 9.500000000000e+00 9.500000000000e+00 2.000000000000e+00
   endloop
 endfacet
 facet normal 0.000000000000e+00 0.000000000000e+00 1.000000000000e+00
   outer loop
     vertex 6.900000000000e+00 6.900000000000e+00 2.000000000000e+00
     vertex 7.000000000000e+00 6.400000000000e+00 2.000000000000e+00
     vertex 9.500000000000e+00 6.400000000000e+00 2.000000000000e+00
   endloop
 endfacet
 facet normal -0.000000000000e+00 0.000000000000e+00 1.000000000000e+00
   outer loop
     vertex -6.900000000000e+00 -6.900000000000e+00 2.000000000000e+00
     vertex -5.500000000000e+00 -7.500000000000e+00 2.000000000000e+00
     vertex -5.500000000000e+00 -6.900000000000e+00 2.000000000000e+00
   endloop
 endfacet
 facet normal 0.000000000000e+00 0.000000000000e+00 1.000000000000e+00
   outer loop
     vertex -6.900000000000e+00 -6.900000000000e+00 2.000000000000e+00
     vertex -7.000000000000e+00 -9.500000000000e+00 2.000000000000e+00
     vertex -5.500000000000e+00 -7.500000000000e+00 2.000000000000e+00
   endloop
 endfacet
 facet normal 0.000000000000e+00 0.000000000000e+00 1.000000000000e+00
   outer loop
     vertex 5.500000000000e+00 7.500000000000e+00 2.000000000000e+00
     vertex 5.500000000000e+00 6.900000000000e+00 2.000000000000e+00
     vertex 6.900000000000e+00 6.900000000000e+00 2.000000000000e+00
   endloop
 endfacet
 facet normal -0.000000000000e+00 0.000000000000e+00 1.000000000000e+00
   outer loop
     vertex 5.500000000000e+00 7.500000000000e+00 2.000000000000e+00
     vertex 6.900000000000e+00 6.900000000000e+00 2.000000000000e+00
     vertex 9.500000000000e+00 9.500000000000e+00 2.000000000000e+00
   endloop
 endfacet
 facet normal -0.000000000000e+00 0.000000000000e+00 1.000000000000e+00
   outer loop
     vertex -7.500000000000e+00 -5.500000000000e+00 2.000000000000e+00
     vertex -7.000000000000e+00 -6.500000000000e+00 2.000000000000e+00
     vertex -6.900000000000e+00 -5.500000000000e+00 2.000000000000e+00
   endloop
 endfacet
 facet normal 0.000000000000e+00 0.000000000000e+00 1.000000000000e+00
   outer loop
     vertex -9.500000000000e+00 -6.500000000000e+00 2.000000000000e+00
     vertex -7.000000000000e+00 -6.500000000000e+00 2.000000000000e+00
     vertex -7.500000000000e+00 -5.500000000000e+00 2.000000000000e+00
   endloop
 endfacet
 facet normal 0.000000000000e+00 0.000000000000e+00 1.000000000000e+00
   outer loop
     vertex -7.000000000000e+00 6.500000000000e+00 2.000000000000e+00
     vertex -7.500000000000e+00 5.500000000000e+00 2.000000000000e+00
     vertex -6.900000000000e+00 5.500000000000e+00 2.000000000000e+00
   endloop
 endfacet
 facet normal 0.000000000000e+00 0.000000000000e+00 1.000000000000e+00
   outer loop
     vertex -6.900000000000e+00 6.900000000000e+00 2.000000000000e+00
     vertex -5.500000000000e+00 6.900000000000e+00 2.000000000000e+00
     vertex -5.500000000000e+00 7.500000000000e+00 2.000000000000e+00
   endloop
 endfacet
 facet normal 0.000000000000e+00 0.000000000000e+00 1.000000000000e+00
   outer loop
     vertex -9.500000000000e+00 6.500000000000e+00 2.000000000000e+00
     vertex -7.500000000000e+00 -5.500000000000e+00 2.000000000000e+00
     vertex -7.500000000000e+00 5.500000000000e+00 2.000000000000e+00
   endloop
 endfacet
 facet normal 0.000000000000e+00 0.000000000000e+00 1.000000000000e+00
   outer loop
     vertex -9.500000000000e+00 6.500000000000e+00 2.000000000000e+00
     vertex -9.500000000000e+00 -6.500000000000e+00 2.000000000000e+00
     vertex -7.500000000000e+00 -5.500000000000e+00 2.000000000000e+00
   endloop
 endfacet
 facet normal -0.000000000000e+00 0.000000000000e+00 1.000000000000e+00
   outer loop
     vertex -9.500000000000e+00 6.500000000000e+00 2.000000000000e+00
     vertex -7.500000000000e+00 5.500000000000e+00 2.000000000000e+00
     vertex -7.000000000000e+00 6.500000000000e+00 2.000000000000e+00
   endloop
 endfacet
 facet normal 0.000000000000e+00 0.000000000000e+00 1.000000000000e+00
   outer loop
     vertex -7.000000000000e+00 9.500000000000e+00 2.000000000000e+00
     vertex -5.500000000000e+00 7.500000000000e+00 2.000000000000e+00
     vertex 5.500000000000e+00 7.500000000000e+00 2.000000000000e+00
   endloop
 endfacet
 facet normal 0.000000000000e+00 0.000000000000e+00 1.000000000000e+00
   outer loop
     vertex -7.000000000000e+00 9.500000000000e+00 2.000000000000e+00
     vertex -6.900000000000e+00 6.900000000000e+00 2.000000000000e+00
     vertex -5.500000000000e+00 7.500000000000e+00 2.000000000000e+00
   endloop
 endfacet
 facet normal 0.000000000000e+00 0.000000000000e+00 1.000000000000e+00
   outer loop
     vertex -7.000000000000e+00 -9.500000000000e+00 2.000000000000e+00
     vertex -6.900000000000e+00 -6.900000000000e+00 2.000000000000e+00
     vertex -7.000000000000e+00 -6.500000000000e+00 2.000000000000e+00
   endloop
 endfacet
 facet normal 0.000000000000e+00 0.000000000000e+00 1.000000000000e+00
   outer loop
     vertex -7.000000000000e+00 6.500000000000e+00 2.000000000000e+00
     vertex -6.900000000000e+00 6.900000000000e+00 2.000000000000e+00
     vertex -7.000000000000e+00 9.500000000000e+00 2.000000000000e+00
   endloop
 endfacet
 facet normal -0.000000000000e+00 0.000000000000e+00 1.000000000000e+00
   outer loop
     vertex -7.000000000000e+00 6.500000000000e+00 2.000000000000e+00
     vertex -6.900000000000e+00 5.500000000000e+00 2.000000000000e+00
     vertex -6.900000000000e+00 6.900000000000e+00 2.000000000000e+00
   endloop
 endfacet
 facet normal -0.000000000000e+00 0.000000000000e+00 1.000000000000e+00
   outer loop
     vertex -7.000000000000e+00 9.500000000000e+00 2.000000000000e+00
     vertex 5.500000000000e+00 7.500000000000e+00 2.000000000000e+00
     vertex 9.500000000000e+00 9.500000000000e+00 2.000000000000e+00
   endloop
 endfacet
 facet normal 0.000000000000e+00 0.000000000000e+00 1.000000000000e+00
   outer loop
     vertex 6.900000000000e+00 5.500000000000e+00 2.000000000000e+00
     vertex 7.000000000000e+00 6.400000000000e+00 2.000000000000e+00
     vertex 6.900000000000e+00 6.900000000000e+00 2.000000000000e+00
   endloop
 endfacet
 facet normal 0.000000000000e+00 0.000000000000e+00 1.000000000000e+00
   outer loop
     vertex -6.900000000000e+00 -5.500000000000e+00 2.000000000000e+00
     vertex -7.000000000000e+00 -6.500000000000e+00 2.000000000000e+00
     vertex -6.900000000000e+00 -6.900000000000e+00 2.000000000000e+00
   endloop
 endfacet
 facet normal 0.000000000000e+00 0.000000000000e+00 1.000000000000e+00
   outer loop
     vertex 6.900000000000e+00 -6.900000000000e+00 2.000000000000e+00
     vertex 7.000000000000e+00 -6.400000000000e+00 2.000000000000e+00
     vertex 6.900000000000e+00 -5.500000000000e+00 2.000000000000e+00
   endloop
 endfacet
 facet normal 1.000000000000e+00 -0.000000000000e+00 0.000000000000e+00
   outer loop
     vertex 9.500000000000e+00 6.400000000000e+00 2.000000000000e+00
     vertex 9.500000000000e+00 9.500000000000e+00 0.000000000000e+00
     vertex 9.500000000000e+00 9.500000000000e+00 2.000000000000e+00
   endloop
 endfacet
 facet normal 1.000000000000e+00 -0.000000000000e+00 0.000000000000e+00
   outer loop
     vertex 9.500000000000e+00 3.400000000000e+00 2.000000000000e+00
     vertex 9.500000000000e+00 9.500000000000e+00 0.000000000000e+00
     vertex 9.500000000000e+00 6.400000000000e+00 2.000000000000e+00
   endloop
 endfacet
 facet normal 1.000000000000e+00 0.000000000000e+00 0.000000000000e+00
   outer loop
     vertex 9.500000000000e+00 -9.500000000000e+00 0.000000000000e+00
     vertex 9.500000000000e+00 -3.400000000000e+00 2.000000000000e+00
     vertex 9.500000000000e+00 -6.400000000000e+00 2.000000000000e+00
   endloop
 endfacet
 facet normal 1.000000000000e+00 0.000000000000e+00 0.000000000000e+00
   outer loop
     vertex 9.500000000000e+00 -9.500000000000e+00 0.000000000000e+00
     vertex 9.500000000000e+00 -6.400000000000e+00 2.000000000000e+00
     vertex 9.500000000000e+00 -9.500000000000e+00 2.000000000000e+00
   endloop
 endfacet
 facet normal 1.000000000000e+00 0.000000000000e+00 0.000000000000e+00
   outer loop
     vertex 9.500000000000e+00 -9.500000000000e+00 0.000000000000e+00
     vertex 9.500000000000e+00 9.500000000000e+00 0.000000000000e+00
     vertex 9.500000000000e+00 3.400000000000e+00 2.000000000000e+00
   endloop
 endfacet
 facet normal 1.000000000000e+00 0.000000000000e+00 0.000000000000e+00
   outer loop
     vertex 9.500000000000e+00 -9.500000000000e+00 0.000000000000e+00
     vertex 9.500000000000e+00 3.400000000000e+00 2.000000000000e+00
     vertex 9.500000000000e+00 -3.400000000000e+00 2.000000000000e+00
   endloop
 endfacet
 facet normal 0.000000000000e+00 0.000000000000e+00 -1.000000000000e+00
   outer loop
     vertex 9.500000000000e+00 9.500000000000e+00 0.000000000000e+00
     vertex 6.900000000000e+00 -6.900000000000e+00 0.000000000000e+00
     vertex 6.900000000000e+00 6.900000000000e+00 0.000000000000e+00
   endloop
 endfacet
 facet normal 0.000000000000e+00 -0.000000000000e+00 -1.000000000000e+00
   outer loop
     vertex 9.500000000000e+00 9.500000000000e+00 0.000000000000e+00
     vertex 9.500000000000e+00 -9.500000000000e+00 0.000000000000e+00
     vertex 6.900000000000e+00 -6.900000000000e+00 0.000000000000e+00
   endloop
 endfacet
 facet normal 0.000000000000e+00 0.000000000000e+00 -1.000000000000e+00
   outer loop
     vertex -9.500000000000e+00 -9.500000000000e+00 0.000000000000e+00
     vertex -6.900000000000e+00 -6.900000000000e+00 0.000000000000e+00
     vertex 6.900000000000e+00 -6.900000000000e+00 0.000000000000e+00
   endloop
 endfacet
 facet normal 0.000000000000e+00 0.000000000000e+00 -1.000000000000e+00
   outer loop
     vertex -9.500000000000e+00 -9.500000000000e+00 0.000000000000e+00
     vertex 6.900000000000e+00 -6.900000000000e+00 0.000000000000e+00
     vertex 9.500000000000e+00 -9.500000000000e+00 0.000000000000e+00
   endloop
 endfacet
 facet normal 0.000000000000e+00 0.000000000000e+00 -1.000000000000e+00
   outer loop
     vertex -9.500000000000e+00 9.500000000000e+00 0.000000000000e+00
     vertex 6.900000000000e+00 6.900000000000e+00 0.000000000000e+00
     vertex -6.900000000000e+00 6.900000000000e+00 0.000000000000e+00
   endloop
 endfacet
 facet normal 0.000000000000e+00 0.000000000000e+00 -1.000000000000e+00
   outer loop
     vertex -9.500000000000e+00 9.500000000000e+00 0.000000000000e+00
     vertex -6.900000000000e+00 6.900000000000e+00 0.000000000000e+00
     vertex -6.900000000000e+00 -6.900000000000e+00 0.000000000000e+00
   endloop
 endfacet
 facet normal 0.000000000000e+00 0.000000000000e+00 -1.000000000000e+00
   outer loop
     vertex -9.500000000000e+00 9.500000000000e+00 0.000000000000e+00
     vertex 9.500000000000e+00 9.500000000000e+00 0.000000000000e+00
     vertex 6.900000000000e+00 6.900000000000e+00 0.000000000000e+00
   endloop
 endfacet
 facet normal 0.000000000000e+00 0.000000000000e+00 -1.000000000000e+00
   outer loop
     vertex -9.500000000000e+00 9.500000000000e+00 0.000000000000e+00
     vertex -6.900000000000e+00 -6.900000000000e+00 0.000000000000e+00
     vertex -9.500000000000e+00 -9.500000000000e+00 0.000000000000e+00
   endloop
 endfacet
 facet normal -9.954719225731e-01 0.000000000000e+00 -9.505604330418e-02
   outer loop
     vertex -8.419878433011e+00 9.500000000000e+00 6.708176368796e+00
     vertex -8.400000000000e+00 9.500000000000e+00 6.500000000000e+00
     vertex -8.400000000000e+00 6.500000000000e+00 6.500000000000e+00
   endloop
 endfacet
 facet normal -9.954719225731e-01 -0.000000000000e+00 -9.505604330418e-02
   outer loop
     vertex -8.419878433011e+00 9.500000000000e+00 6.708176368796e+00
     vertex -8.400000000000e+00 6.500000000000e+00 6.500000000000e+00
     vertex -8.419878433011e+00 6.500000000000e+00 6.708176368796e+00
   endloop
 endfacet
 facet normal -9.594929736145e-01 -0.000000000000e+00 -2.817325568414e-01
   outer loop
     vertex -8.478795273682e+00 9.500000000000e+00 6.908828701226e+00
     vertex -8.419878433011e+00 6.500000000000e+00 6.708176368796e+00
     vertex -8.478795273682e+00 6.500000000000e+00 6.908828701226e+00
   endloop
 endfacet
 facet normal -9.594929736145e-01 0.000000000000e+00 -2.817325568414e-01
   outer loop
     vertex -8.478795273682e+00 9.500000000000e+00 6.908828701226e+00
     vertex -8.419878433011e+00 9.500000000000e+00 6.708176368796e+00
     vertex -8.419878433011e+00 6.500000000000e+00 6.708176368796e+00
   endloop
 endfacet
 facet normal -8.888354486549e-01 -0.000000000000e+00 -4.582265217274e-01
   outer loop
     vertex -8.574621113886e+00 9.500000000000e+00 7.094704899201e+00
     vertex -8.478795273682e+00 6.500000000000e+00 6.908828701226e+00
     vertex -8.574621113886e+00 6.500000000000e+00 7.094704899201e+00
   endloop
 endfacet
 facet normal -8.888354486549e-01 0.000000000000e+00 -4.582265217274e-01
   outer loop
     vertex -8.574621113886e+00 9.500000000000e+00 7.094704899201e+00
     vertex -8.478795273682e+00 9.500000000000e+00 6.908828701226e+00
     vertex -8.478795273682e+00 6.500000000000e+00 6.908828701226e+00
   endloop
 endfacet
 facet normal -7.860530947428e-01 -0.000000000000e+00 -6.181589862206e-01
   outer loop
     vertex -8.703892558084e+00 9.500000000000e+00 7.259086912630e+00
     vertex -8.574621113886e+00 6.500000000000e+00 7.094704899201e+00
     vertex -8.703892558084e+00 6.500000000000e+00 7.259086912630e+00
   endloop
 endfacet
 facet normal -7.860530947428e-01 0.000000000000e+00 -6.181589862206e-01
   outer loop
     vertex -8.703892558084e+00 9.500000000000e+00 7.259086912630e+00
     vertex -8.574621113886e+00 9.500000000000e+00 7.094704899201e+00
     vertex -8.574621113886e+00 6.500000000000e+00 7.094704899201e+00
   endloop
 endfacet
 facet normal -6.548607339453e-01 -0.000000000000e+00 -7.557495743543e-01
   outer loop
     vertex -8.861937399472e+00 9.500000000000e+00 7.396033547255e+00
     vertex -8.703892558084e+00 6.500000000000e+00 7.259086912630e+00
     vertex -8.861937399472e+00 6.500000000000e+00 7.396033547255e+00
   endloop
 endfacet
 facet normal -6.548607339453e-01 0.000000000000e+00 -7.557495743543e-01
   outer loop
     vertex -8.861937399472e+00 9.500000000000e+00 7.396033547255e+00
     vertex -8.703892558084e+00 9.500000000000e+00 7.259086912630e+00
     vertex -8.703892558084e+00 6.500000000000e+00 7.259086912630e+00
   endloop
 endfacet
 facet normal -5.000000000000e-01 -0.000000000000e+00 -8.660254037844e-01
   outer loop
     vertex -9.043043485698e+00 9.500000000000e+00 7.500595194890e+00
     vertex -8.861937399472e+00 6.500000000000e+00 7.396033547255e+00
     vertex -9.043043485698e+00 6.500000000000e+00 7.500595194890e+00
   endloop
 endfacet
 facet normal -5.000000000000e-01 0.000000000000e+00 -8.660254037844e-01
   outer loop
     vertex -9.043043485698e+00 9.500000000000e+00 7.500595194890e+00
     vertex -8.861937399472e+00 9.500000000000e+00 7.396033547255e+00
     vertex -8.861937399472e+00 6.500000000000e+00 7.396033547255e+00
   endloop
 endfacet
 facet normal -3.270679633174e-01 -0.000000000000e+00 -9.450008187147e-01
   outer loop
     vertex -9.240665170940e+00 9.500000000000e+00 7.568992725156e+00
     vertex -9.043043485698e+00 6.500000000000e+00 7.500595194890e+00
     vertex -9.240665170940e+00 6.500000000000e+00 7.568992725156e+00
   endloop
 endfacet
 facet normal -3.270679633174e-01 0.000000000000e+00 -9.450008187147e-01
   outer loop
     vertex -9.240665170940e+00 9.500000000000e+00 7.568992725156e+00
     vertex -9.043043485698e+00 9.500000000000e+00 7.500595194890e+00
     vertex -9.043043485698e+00 6.500000000000e+00 7.500595194890e+00
   endloop
 endfacet
 facet normal -1.423148382733e-01 0.000000000000e+00 -9.898214418809e-01
   outer loop
     vertex -9.447659892594e+00 9.500000000000e+00 7.598754073101e+00
     vertex -9.240665170940e+00 9.500000000000e+00 7.568992725156e+00
     vertex -9.240665170940e+00 6.500000000000e+00 7.568992725156e+00
   endloop
 endfacet
 facet normal -1.423148382733e-01 -0.000000000000e+00 -9.898214418809e-01
   outer loop
     vertex -9.447659892594e+00 9.500000000000e+00 7.598754073101e+00
     vertex -9.240665170940e+00 6.500000000000e+00 7.568992725156e+00
     vertex -9.447659892594e+00 6.500000000000e+00 7.598754073101e+00
   endloop
 endfacet
 facet normal 4.758191582374e-02 0.000000000000e+00 -9.988673391830e-01
   outer loop
     vertex -9.656546322101e+00 9.500000000000e+00 7.588803586069e+00
     vertex -9.447659892594e+00 9.500000000000e+00 7.598754073101e+00
     vertex -9.447659892594e+00 6.500000000000e+00 7.598754073101e+00
   endloop
 endfacet
 facet normal 4.758191582374e-02 0.000000000000e+00 -9.988673391830e-01
   outer loop
     vertex -9.656546322101e+00 9.500000000000e+00 7.588803586069e+00
     vertex -9.447659892594e+00 6.500000000000e+00 7.598754073101e+00
     vertex -9.656546322101e+00 6.500000000000e+00 7.588803586069e+00
   endloop
 endfacet
 facet normal 2.357589355094e-01 0.000000000000e+00 -9.718115683235e-01
   outer loop
     vertex -9.656546322101e+00 9.500000000000e+00 7.588803586069e+00
     vertex -9.656546322101e+00 6.500000000000e+00 7.588803586069e+00
     vertex -9.859774759649e+00 6.500000000000e+00 7.539500900586e+00
   endloop
 endfacet
 facet normal 2.357589355094e-01 0.000000000000e+00 -9.718115683235e-01
   outer loop
     vertex -9.859774759649e+00 9.500000000000e+00 7.539500900586e+00
     vertex -9.656546322101e+00 9.500000000000e+00 7.588803586069e+00
     vertex -9.859774759649e+00 6.500000000000e+00 7.539500900586e+00
   endloop
 endfacet
 facet normal 4.154150130019e-01 0.000000000000e+00 -9.096319953545e-01
   outer loop
     vertex -1.005000000000e+01 9.500000000000e+00 7.452627944163e+00
     vertex -9.859774759649e+00 9.500000000000e+00 7.539500900586e+00
     vertex -9.859774759649e+00 6.500000000000e+00 7.539500900586e+00
   endloop
 endfacet
 facet normal 4.154150130019e-01 0.000000000000e+00 -9.096319953545e-01
   outer loop
     vertex -1.005000000000e+01 9.500000000000e+00 7.452627944163e+00
     vertex -9.859774759649e+00 6.500000000000e+00 7.539500900586e+00
     vertex -1.005000000000e+01 6.500000000000e+00 7.452627944163e+00
   endloop
 endfacet
 facet normal 5.800569095712e-01 0.000000000000e+00 -8.145759520503e-01
   outer loop
     vertex -1.022034680734e+01 9.500000000000e+00 7.331324531790e+00
     vertex -1.005000000000e+01 9.500000000000e+00 7.452627944163e+00
     vertex -1.005000000000e+01 6.500000000000e+00 7.452627944163e+00
   endloop
 endfacet
 facet normal 5.800569095712e-01 0.000000000000e+00 -8.145759520503e-01
   outer loop
     vertex -1.022034680734e+01 9.500000000000e+00 7.331324531790e+00
     vertex -1.005000000000e+01 6.500000000000e+00 7.452627944163e+00
     vertex -1.022034680734e+01 6.500000000000e+00 7.331324531790e+00
   endloop
 endfacet
 facet normal 7.237340381051e-01 0.000000000000e+00 -6.900790114821e-01
   outer loop
     vertex -1.036465840422e+01 9.500000000000e+00 7.179974884843e+00
     vertex -1.022034680734e+01 9.500000000000e+00 7.331324531790e+00
     vertex -1.022034680734e+01 6.500000000000e+00 7.331324531790e+00
   endloop
 endfacet
 facet normal 7.237340381051e-01 0.000000000000e+00 -6.900790114821e-01
   outer loop
     vertex -1.036465840422e+01 9.500000000000e+00 7.179974884843e+00
     vertex -1.022034680734e+01 6.500000000000e+00 7.331324531790e+00
     vertex -1.036465840422e+01 6.500000000000e+00 7.179974884843e+00
   endloop
 endfacet
 facet normal 8.412535328312e-01 0.000000000000e+00 -5.406408174556e-01
   outer loop
     vertex -1.047771899352e+01 9.500000000000e+00 7.004049173900e+00
     vertex -1.036465840422e+01 9.500000000000e+00 7.179974884843e+00
     vertex -1.036465840422e+01 6.500000000000e+00 7.179974884843e+00
   endloop
 endfacet
 facet normal 8.412535328312e-01 0.000000000000e+00 -5.406408174556e-01
   outer loop
     vertex -1.047771899352e+01 9.500000000000e+00 7.004049173900e+00
     vertex -1.036465840422e+01 6.500000000000e+00 7.179974884843e+00
     vertex -1.047771899352e+01 6.500000000000e+00 7.004049173900e+00
   endloop
 endfacet
 facet normal 9.283679330161e-01 0.000000000000e+00 -3.716624556603e-01
   outer loop
     vertex -1.055544227098e+01 9.500000000000e+00 6.809905812526e+00
     vertex -1.047771899352e+01 9.500000000000e+00 7.004049173900e+00
     vertex -1.047771899352e+01 6.500000000000e+00 7.004049173900e+00
   endloop
 endfacet
 facet normal 9.283679330161e-01 0.000000000000e+00 -3.716624556603e-01
   outer loop
     vertex -1.055544227098e+01 9.500000000000e+00 6.809905812526e+00
     vertex -1.047771899352e+01 6.500000000000e+00 7.004049173900e+00
     vertex -1.055544227098e+01 6.500000000000e+00 6.809905812526e+00
   endloop
 endfacet
 facet normal 9.819286972627e-01 0.000000000000e+00 -1.892512443604e-01
   outer loop
     vertex -1.059501911483e+01 9.500000000000e+00 6.604561647635e+00
     vertex -1.055544227098e+01 9.500000000000e+00 6.809905812526e+00
     vertex -1.055544227098e+01 6.500000000000e+00 6.809905812526e+00
   endloop
 endfacet
 facet normal 9.819286972627e-01 0.000000000000e+00 -1.892512443604e-01
   outer loop
     vertex -1.059501911483e+01 9.500000000000e+00 6.604561647635e+00
     vertex -1.055544227098e+01 6.500000000000e+00 6.809905812526e+00
     vertex -1.059501911483e+01 6.500000000000e+00 6.604561647635e+00
   endloop
 endfacet
 facet normal 1.000000000000e+00 0.000000000000e+00 -0.000000000000e+00
   outer loop
     vertex -1.059501911483e+01 9.500000000000e+00 6.395438352365e+00
     vertex -1.059501911483e+01 9.500000000000e+00 6.604561647635e+00
     vertex -1.059501911483e+01 6.500000000000e+00 6.604561647635e+00
   endloop
 endfacet
 facet normal 1.000000000000e+00 0.000000000000e+00 0.000000000000e+00
   outer loop
     vertex -1.059501911483e+01 9.500000000000e+00 6.395438352365e+00
     vertex -1.059501911483e+01 6.500000000000e+00 6.604561647635e+00
     vertex -1.059501911483e+01 6.500000000000e+00 6.395438352365e+00
   endloop
 endfacet
 facet normal 9.819286972627e-01 0.000000000000e+00 1.892512443604e-01
   outer loop
     vertex -1.055544227098e+01 9.500000000000e+00 6.190094187474e+00
     vertex -1.059501911483e+01 9.500000000000e+00 6.395438352365e+00
     vertex -1.059501911483e+01 6.500000000000e+00 6.395438352365e+00
   endloop
 endfacet
 facet normal 9.819286972627e-01 0.000000000000e+00 1.892512443604e-01
   outer loop
     vertex -1.055544227098e+01 9.500000000000e+00 6.190094187474e+00
     vertex -1.059501911483e+01 6.500000000000e+00 6.395438352365e+00
     vertex -1.055544227098e+01 6.500000000000e+00 6.190094187474e+00
   endloop
 endfacet
 facet normal 9.283679330161e-01 0.000000000000e+00 3.716624556603e-01
   outer loop
     vertex -1.047771899352e+01 9.500000000000e+00 5.995950826100e+00
     vertex -1.055544227098e+01 9.500000000000e+00 6.190094187474e+00
     vertex -1.055544227098e+01 6.500000000000e+00 6.190094187474e+00
   endloop
 endfacet
 facet normal 9.283679330161e-01 0.000000000000e+00 3.716624556603e-01
   outer loop
     vertex -1.047771899352e+01 9.500000000000e+00 5.995950826100e+00
     vertex -1.055544227098e+01 6.500000000000e+00 6.190094187474e+00
     vertex -1.047771899352e+01 6.500000000000e+00 5.995950826100e+00
   endloop
 endfacet
 facet normal 8.412535328312e-01 0.000000000000e+00 5.406408174556e-01
   outer loop
     vertex -1.036465840422e+01 9.500000000000e+00 5.820025115157e+00
     vertex -1.047771899352e+01 9.500000000000e+00 5.995950826100e+00
     vertex -1.047771899352e+01 6.500000000000e+00 5.995950826100e+00
   endloop
 endfacet
 facet normal 8.412535328312e-01 0.000000000000e+00 5.406408174556e-01
   outer loop
     vertex -1.036465840422e+01 9.500000000000e+00 5.820025115157e+00
     vertex -1.047771899352e+01 6.500000000000e+00 5.995950826100e+00
     vertex -1.036465840422e+01 6.500000000000e+00 5.820025115157e+00
   endloop
 endfacet
 facet normal 7.237340381051e-01 0.000000000000e+00 6.900790114821e-01
   outer loop
     vertex -1.022034680734e+01 9.500000000000e+00 5.668675468210e+00
     vertex -1.036465840422e+01 9.500000000000e+00 5.820025115157e+00
     vertex -1.036465840422e+01 6.500000000000e+00 5.820025115157e+00
   endloop
 endfacet
 facet normal 7.237340381051e-01 0.000000000000e+00 6.900790114821e-01
   outer loop
     vertex -1.022034680734e+01 9.500000000000e+00 5.668675468210e+00
     vertex -1.036465840422e+01 6.500000000000e+00 5.820025115157e+00
     vertex -1.022034680734e+01 6.500000000000e+00 5.668675468210e+00
   endloop
 endfacet
 facet normal 5.800569095712e-01 0.000000000000e+00 8.145759520503e-01
   outer loop
     vertex -1.005000000000e+01 9.500000000000e+00 5.547372055837e+00
     vertex -1.022034680734e+01 6.500000000000e+00 5.668675468210e+00
     vertex -1.005000000000e+01 6.500000000000e+00 5.547372055837e+00
   endloop
 endfacet
 facet normal 5.800569095712e-01 0.000000000000e+00 8.145759520503e-01
   outer loop
     vertex -1.005000000000e+01 9.500000000000e+00 5.547372055837e+00
     vertex -1.022034680734e+01 9.500000000000e+00 5.668675468210e+00
     vertex -1.022034680734e+01 6.500000000000e+00 5.668675468210e+00
   endloop
 endfacet
 facet normal 4.154150130019e-01 0.000000000000e+00 9.096319953545e-01
   outer loop
     vertex -9.859774759649e+00 9.500000000000e+00 5.460499099414e+00
     vertex -1.005000000000e+01 6.500000000000e+00 5.547372055837e+00
     vertex -9.859774759649e+00 6.500000000000e+00 5.460499099414e+00
   endloop
 endfacet
 facet normal 4.154150130019e-01 0.000000000000e+00 9.096319953545e-01
   outer loop
     vertex -9.859774759649e+00 9.500000000000e+00 5.460499099414e+00
     vertex -1.005000000000e+01 9.500000000000e+00 5.547372055837e+00
     vertex -1.005000000000e+01 6.500000000000e+00 5.547372055837e+00
   endloop
 endfacet
 facet normal 2.357589355094e-01 0.000000000000e+00 9.718115683235e-01
   outer loop
     vertex -9.656546322101e+00 9.500000000000e+00 5.411196413931e+00
     vertex -9.859774759649e+00 6.500000000000e+00 5.460499099414e+00
     vertex -9.656546322101e+00 6.500000000000e+00 5.411196413931e+00
   endloop
 endfacet
 facet normal 2.357589355094e-01 0.000000000000e+00 9.718115683235e-01
   outer loop
     vertex -9.656546322101e+00 9.500000000000e+00 5.411196413931e+00
     vertex -9.859774759649e+00 9.500000000000e+00 5.460499099414e+00
     vertex -9.859774759649e+00 6.500000000000e+00 5.460499099414e+00
   endloop
 endfacet
 facet normal 4.758191582374e-02 0.000000000000e+00 9.988673391830e-01
   outer loop
     vertex -9.447659892594e+00 9.500000000000e+00 5.401245926899e+00
     vertex -9.656546322101e+00 6.500000000000e+00 5.411196413931e+00
     vertex -9.447659892594e+00 6.500000000000e+00 5.401245926899e+00
   endloop
 endfacet
 facet normal 4.758191582374e-02 0.000000000000e+00 9.988673391830e-01
   outer loop
     vertex -9.447659892594e+00 9.500000000000e+00 5.401245926899e+00
     vertex -9.656546322101e+00 9.500000000000e+00 5.411196413931e+00
     vertex -9.656546322101e+00 6.500000000000e+00 5.411196413931e+00
   endloop
 endfacet
 facet normal -1.423148382733e-01 0.000000000000e+00 9.898214418809e-01
   outer loop
     vertex -9.240665170940e+00 9.500000000000e+00 5.431007274844e+00
     vertex -9.447659892594e+00 6.500000000000e+00 5.401245926899e+00
     vertex -9.240665170940e+00 6.500000000000e+00 5.431007274844e+00
   endloop
 endfacet
 facet normal -1.423148382733e-01 0.000000000000e+00 9.898214418809e-01
   outer loop
     vertex -9.240665170940e+00 9.500000000000e+00 5.431007274844e+00
     vertex -9.447659892594e+00 9.500000000000e+00 5.401245926899e+00
     vertex -9.447659892594e+00 6.500000000000e+00 5.401245926899e+00
   endloop
 endfacet
 facet normal -3.270679633174e-01 0.000000000000e+00 9.450008187147e-01
   outer loop
     vertex -9.043043485698e+00 9.500000000000e+00 5.499404805110e+00
     vertex -9.240665170940e+00 6.500000000000e+00 5.431007274844e+00
     vertex -9.043043485698e+00 6.500000000000e+00 5.499404805110e+00
   endloop
 endfacet
 facet normal -3.270679633174e-01 0.000000000000e+00 9.450008187147e-01
   outer loop
     vertex -9.043043485698e+00 9.500000000000e+00 5.499404805110e+00
     vertex -9.240665170940e+00 9.500000000000e+00 5.431007274844e+00
     vertex -9.240665170940e+00 6.500000000000e+00 5.431007274844e+00
   endloop
 endfacet
 facet normal -5.000000000000e-01 0.000000000000e+00 8.660254037844e-01
   outer loop
     vertex -8.861937399472e+00 9.500000000000e+00 5.603966452745e+00
     vertex -9.043043485698e+00 6.500000000000e+00 5.499404805110e+00
     vertex -8.861937399472e+00 6.500000000000e+00 5.603966452745e+00
   endloop
 endfacet
 facet normal -5.000000000000e-01 0.000000000000e+00 8.660254037844e-01
   outer loop
     vertex -8.861937399472e+00 9.500000000000e+00 5.603966452745e+00
     vertex -9.043043485698e+00 9.500000000000e+00 5.499404805110e+00
     vertex -9.043043485698e+00 6.500000000000e+00 5.499404805110e+00
   endloop
 endfacet
 facet normal -6.548607339453e-01 0.000000000000e+00 7.557495743543e-01
   outer loop
     vertex -8.703892558084e+00 9.500000000000e+00 5.740913087370e+00
     vertex -8.861937399472e+00 6.500000000000e+00 5.603966452745e+00
     vertex -8.703892558084e+00 6.500000000000e+00 5.740913087370e+00
   endloop
 endfacet
 facet normal -6.548607339453e-01 0.000000000000e+00 7.557495743543e-01
   outer loop
     vertex -8.703892558084e+00 9.500000000000e+00 5.740913087370e+00
     vertex -8.861937399472e+00 9.500000000000e+00 5.603966452745e+00
     vertex -8.861937399472e+00 6.500000000000e+00 5.603966452745e+00
   endloop
 endfacet
 facet normal -7.860530947428e-01 0.000000000000e+00 6.181589862206e-01
   outer loop
     vertex -8.574621113886e+00 9.500000000000e+00 5.905295100799e+00
     vertex -8.703892558084e+00 6.500000000000e+00 5.740913087370e+00
     vertex -8.574621113886e+00 6.500000000000e+00 5.905295100799e+00
   endloop
 endfacet
 facet normal -7.860530947428e-01 0.000000000000e+00 6.181589862206e-01
   outer loop
     vertex -8.574621113886e+00 9.500000000000e+00 5.905295100799e+00
     vertex -8.703892558084e+00 9.500000000000e+00 5.740913087370e+00
     vertex -8.703892558084e+00 6.500000000000e+00 5.740913087370e+00
   endloop
 endfacet
 facet normal -8.888354486549e-01 0.000000000000e+00 4.582265217274e-01
   outer loop
     vertex -8.478795273682e+00 9.500000000000e+00 6.091171298774e+00
     vertex -8.574621113886e+00 6.500000000000e+00 5.905295100799e+00
     vertex -8.478795273682e+00 6.500000000000e+00 6.091171298774e+00
   endloop
 endfacet
 facet normal -8.888354486549e-01 0.000000000000e+00 4.582265217274e-01
   outer loop
     vertex -8.478795273682e+00 9.500000000000e+00 6.091171298774e+00
     vertex -8.574621113886e+00 9.500000000000e+00 5.905295100799e+00
     vertex -8.574621113886e+00 6.500000000000e+00 5.905295100799e+00
   endloop
 endfacet
 facet normal -9.594929736145e-01 0.000000000000e+00 2.817325568414e-01
   outer loop
     vertex -8.419878433011e+00 9.500000000000e+00 6.291823631204e+00
     vertex -8.478795273682e+00 6.500000000000e+00 6.091171298774e+00
     vertex -8.419878433011e+00 6.500000000000e+00 6.291823631204e+00
   endloop
 endfacet
 facet normal -9.954719225731e-01 0.000000000000e+00 9.505604330418e-02
   outer loop
     vertex -8.419878433011e+00 9.500000000000e+00 6.291823631204e+00
     vertex -8.419878433011e+00 6.500000000000e+00 6.291823631204e+00
     vertex -8.400000000000e+00 6.500000000000e+00 6.500000000000e+00
   endloop
 endfacet
 facet normal -9.594929736145e-01 0.000000000000e+00 2.817325568414e-01
   outer loop
     vertex -8.419878433011e+00 9.500000000000e+00 6.291823631204e+00
     vertex -8.478795273682e+00 9.500000000000e+00 6.091171298774e+00
     vertex -8.478795273682e+00 6.500000000000e+00 6.091171298774e+00
   endloop
 endfacet
 facet normal -9.954719225731e-01 0.000000000000e+00 9.505604330418e-02
   outer loop
     vertex -8.400000000000e+00 9.500000000000e+00 6.500000000000e+00
     vertex -8.419878433011e+00 9.500000000000e+00 6.291823631204e+00
     vertex -8.400000000000e+00 6.500000000000e+00 6.500000000000e+00
   endloop
 endfacet
 facet normal 0.000000000000e+00 -1.000000000000e+00 0.000000000000e+00
   outer loop
     vertex -8.703892558084e+00 -9.500000000000e+00 7.259086912630e+00
     vertex -7.582212071964e+00 -9.500000000000e+00 8.103773507413e+00
     vertex -7.796950675756e+00 -9.500000000000e+00 8.330197530102e+00
   endloop
 endfacet
 facet normal 0.000000000000e+00 -1.000000000000e+00 0.000000000000e+00
   outer loop
     vertex -8.861937399472e+00 -9.500000000000e+00 7.396033547255e+00
     vertex -8.703892558084e+00 -9.500000000000e+00 7.259086912630e+00
     vertex -7.796950675756e+00 -9.500000000000e+00 8.330197530102e+00
   endloop
 endfacet
 facet normal 0.000000000000e+00 -1.000000000000e+00 0.000000000000e+00
   outer loop
     vertex -8.861937399472e+00 -9.500000000000e+00 7.396033547255e+00
     vertex -8.038224288341e+00 -9.500000000000e+00 8.528105462939e+00
     vertex -8.302273654281e+00 -9.500000000000e+00 8.694413725980e+00
   endloop
 endfacet
 facet normal 0.000000000000e+00 -1.000000000000e+00 0.000000000000e+00
   outer loop
     vertex -8.861937399472e+00 -9.500000000000e+00 7.396033547255e+00
     vertex -7.796950675756e+00 -9.500000000000e+00 8.330197530102e+00
     vertex -8.038224288341e+00 -9.500000000000e+00 8.528105462939e+00
   endloop
 endfacet
 facet normal 0.000000000000e+00 -1.000000000000e+00 0.000000000000e+00
   outer loop
     vertex -8.574621113886e+00 -9.500000000000e+00 7.094704899201e+00
     vertex -7.582212071964e+00 -9.500000000000e+00 8.103773507413e+00
     vertex -8.703892558084e+00 -9.500000000000e+00 7.259086912630e+00
   endloop
 endfacet
 facet normal 0.000000000000e+00 -1.000000000000e+00 0.000000000000e+00
   outer loop
     vertex -8.574621113886e+00 -9.500000000000e+00 7.094704899201e+00
     vertex -7.397354293588e+00 -9.500000000000e+00 7.852361280616e+00
     vertex -7.582212071964e+00 -9.500000000000e+00 8.103773507413e+00
   endloop
 endfacet
 facet normal 0.000000000000e+00 -1.000000000000e+00 0.000000000000e+00
   outer loop
     vertex -8.574621113886e+00 -9.500000000000e+00 7.094704899201e+00
     vertex -7.245257587668e+00 -9.500000000000e+00 7.579878073689e+00
     vertex -7.397354293588e+00 -9.500000000000e+00 7.852361280616e+00
   endloop
 endfacet
 facet normal 0.000000000000e+00 -1.000000000000e+00 0.000000000000e+00
   outer loop
     vertex -9.043043485698e+00 -9.500000000000e+00 7.500595194890e+00
     vertex -8.302273654281e+00 -9.500000000000e+00 8.694413725980e+00
     vertex -8.584984651838e+00 -9.500000000000e+00 8.826531089977e+00
   endloop
 endfacet
 facet normal 0.000000000000e+00 -1.000000000000e+00 0.000000000000e+00
   outer loop
     vertex -9.043043485698e+00 -9.500000000000e+00 7.500595194890e+00
     vertex -8.861937399472e+00 -9.500000000000e+00 7.396033547255e+00
     vertex -8.302273654281e+00 -9.500000000000e+00 8.694413725980e+00
   endloop
 endfacet
 facet normal 0.000000000000e+00 -1.000000000000e+00 0.000000000000e+00
   outer loop
     vertex -8.478795273682e+00 -9.500000000000e+00 6.908828701226e+00
     vertex -7.128291754874e+00 -9.500000000000e+00 7.290569415042e+00
     vertex -7.245257587668e+00 -9.500000000000e+00 7.579878073689e+00
   endloop
 endfacet
 facet normal 0.000000000000e+00 -1.000000000000e+00 0.000000000000e+00
   outer loop
     vertex -8.478795273682e+00 -9.500000000000e+00 6.908828701226e+00
     vertex -7.245257587668e+00 -9.500000000000e+00 7.579878073689e+00
     vertex -8.574621113886e+00 -9.500000000000e+00 7.094704899201e+00
   endloop
 endfacet
 facet normal 0.000000000000e+00 -1.000000000000e+00 0.000000000000e+00
   outer loop
     vertex -9.240665170940e+00 -9.500000000000e+00 7.568992725156e+00
     vertex -9.043043485698e+00 -9.500000000000e+00 7.500595194890e+00
     vertex -8.584984651838e+00 -9.500000000000e+00 8.826531089977e+00
   endloop
 endfacet
 facet normal 0.000000000000e+00 -1.000000000000e+00 0.000000000000e+00
   outer loop
     vertex -9.240665170940e+00 -9.500000000000e+00 7.568992725156e+00
     vertex -8.881952394613e+00 -9.500000000000e+00 8.922399050007e+00
     vertex -9.188549863556e+00 -9.500000000000e+00 8.980523898798e+00
   endloop
 endfacet
 facet normal 0.000000000000e+00 -1.000000000000e+00 0.000000000000e+00
   outer loop
     vertex -9.240665170940e+00 -9.500000000000e+00 7.568992725156e+00
     vertex -8.584984651838e+00 -9.500000000000e+00 8.826531089977e+00
     vertex -8.881952394613e+00 -9.500000000000e+00 8.922399050007e+00
   endloop
 endfacet
 facet normal 0.000000000000e+00 -1.000000000000e+00 0.000000000000e+00
   outer loop
     vertex -8.419878433011e+00 -9.500000000000e+00 6.708176368796e+00
     vertex -7.128291754874e+00 -9.500000000000e+00 7.290569415042e+00
     vertex -8.478795273682e+00 -9.500000000000e+00 6.908828701226e+00
   endloop
 endfacet
 facet normal 0.000000000000e+00 -1.000000000000e+00 0.000000000000e+00
   outer loop
     vertex -8.419878433011e+00 -9.500000000000e+00 6.708176368796e+00
     vertex -7.048279225922e+00 -9.500000000000e+00 6.988942988448e+00
     vertex -7.128291754874e+00 -9.500000000000e+00 7.290569415042e+00
   endloop
 endfacet
 facet normal 0.000000000000e+00 -1.000000000000e+00 0.000000000000e+00
   outer loop
     vertex -8.419878433011e+00 -9.500000000000e+00 6.708176368796e+00
     vertex -7.006466666501e+00 -9.500000000000e+00 6.679698399354e+00
     vertex -7.048279225922e+00 -9.500000000000e+00 6.988942988448e+00
   endloop
 endfacet
 facet normal 0.000000000000e+00 -1.000000000000e+00 0.000000000000e+00
   outer loop
     vertex -9.447659892594e+00 -9.500000000000e+00 7.598754073101e+00
     vertex -9.240665170940e+00 -9.500000000000e+00 7.568992725156e+00
     vertex -9.188549863556e+00 -9.500000000000e+00 8.980523898798e+00
   endloop
 endfacet
 facet normal 0.000000000000e+00 -1.000000000000e+00 0.000000000000e+00
   outer loop
     vertex -9.447659892594e+00 -9.500000000000e+00 7.598754073101e+00
     vertex -9.188549863556e+00 -9.500000000000e+00 8.980523898798e+00
     vertex -9.500000000000e+00 -9.500000000000e+00 9.000000000000e+00
   endloop
 endfacet
 facet normal 0.000000000000e+00 -1.000000000000e+00 0.000000000000e+00
   outer loop
     vertex -8.400000000000e+00 -9.500000000000e+00 6.500000000000e+00
     vertex -7.006466666501e+00 -9.500000000000e+00 6.679698399354e+00
     vertex -8.419878433011e+00 -9.500000000000e+00 6.708176368796e+00
   endloop
 endfacet
 facet normal 0.000000000000e+00 -1.000000000000e+00 0.000000000000e+00
   outer loop
     vertex -8.400000000000e+00 -9.500000000000e+00 6.500000000000e+00
     vertex -7.003505553124e+00 -9.500000000000e+00 6.367653950891e+00
     vertex -7.006466666501e+00 -9.500000000000e+00 6.679698399354e+00
   endloop
 endfacet
 facet normal 0.000000000000e+00 -1.000000000000e+00 0.000000000000e+00
   outer loop
     vertex -9.656546322101e+00 -9.500000000000e+00 7.588803586069e+00
     vertex -9.811450136444e+00 -9.500000000000e+00 8.980523898798e+00
     vertex -1.011804760539e+01 -9.500000000000e+00 8.922399050007e+00
   endloop
 endfacet
 facet normal 0.000000000000e+00 -1.000000000000e+00 0.000000000000e+00
   outer loop
     vertex -9.656546322101e+00 -9.500000000000e+00 7.588803586069e+00
     vertex -9.500000000000e+00 -9.500000000000e+00 9.000000000000e+00
     vertex -9.811450136444e+00 -9.500000000000e+00 8.980523898798e+00
   endloop
 endfacet
 facet normal 0.000000000000e+00 -1.000000000000e+00 0.000000000000e+00
   outer loop
     vertex -9.656546322101e+00 -9.500000000000e+00 7.588803586069e+00
     vertex -9.447659892594e+00 -9.500000000000e+00 7.598754073101e+00
     vertex -9.500000000000e+00 -9.500000000000e+00 9.000000000000e+00
   endloop
 endfacet
 facet normal 0.000000000000e+00 -1.000000000000e+00 0.000000000000e+00
   outer loop
     vertex -8.419878433011e+00 -9.500000000000e+00 6.291823631204e+00
     vertex -7.039442022544e+00 -9.500000000000e+00 6.057671570464e+00
     vertex -7.003505553124e+00 -9.500000000000e+00 6.367653950891e+00
   endloop
 endfacet
 facet normal 0.000000000000e+00 -1.000000000000e+00 0.000000000000e+00
   outer loop
     vertex -8.419878433011e+00 -9.500000000000e+00 6.291823631204e+00
     vertex -7.113716152909e+00 -9.500000000000e+00 5.754581056644e+00
     vertex -7.039442022544e+00 -9.500000000000e+00 6.057671570464e+00
   endloop
 endfacet
 facet normal 0.000000000000e+00 -1.000000000000e+00 0.000000000000e+00
   outer loop
     vertex -8.419878433011e+00 -9.500000000000e+00 6.291823631204e+00
     vertex -7.003505553124e+00 -9.500000000000e+00 6.367653950891e+00
     vertex -8.400000000000e+00 -9.500000000000e+00 6.500000000000e+00
   endloop
 endfacet
 facet normal 0.000000000000e+00 -1.000000000000e+00 0.000000000000e+00
   outer loop
     vertex -9.859774759649e+00 -9.500000000000e+00 7.539500900586e+00
     vertex -1.011804760539e+01 -9.500000000000e+00 8.922399050007e+00
     vertex -1.041501534816e+01 -9.500000000000e+00 8.826531089977e+00
   endloop
 endfacet
 facet normal 0.000000000000e+00 -1.000000000000e+00 0.000000000000e+00
   outer loop
     vertex -9.859774759649e+00 -9.500000000000e+00 7.539500900586e+00
     vertex -9.656546322101e+00 -9.500000000000e+00 7.588803586069e+00
     vertex -1.011804760539e+01 -9.500000000000e+00 8.922399050007e+00
   endloop
 endfacet
 facet normal 0.000000000000e+00 -1.000000000000e+00 0.000000000000e+00
   outer loop
     vertex -8.478795273682e+00 -9.500000000000e+00 6.091171298774e+00
     vertex -7.225170687837e+00 -9.500000000000e+00 5.463104826647e+00
     vertex -7.113716152909e+00 -9.500000000000e+00 5.754581056644e+00
   endloop
 endfacet
 facet normal 0.000000000000e+00 -1.000000000000e+00 0.000000000000e+00
   outer loop
     vertex -8.478795273682e+00 -9.500000000000e+00 6.091171298774e+00
     vertex -7.113716152909e+00 -9.500000000000e+00 5.754581056644e+00
     vertex -8.419878433011e+00 -9.500000000000e+00 6.291823631204e+00
   endloop
 endfacet
 facet normal 0.000000000000e+00 -1.000000000000e+00 0.000000000000e+00
   outer loop
     vertex -1.005000000000e+01 -9.500000000000e+00 7.452627944163e+00
     vertex -1.069772634572e+01 -9.500000000000e+00 8.694413725980e+00
     vertex -1.096177571166e+01 -9.500000000000e+00 8.528105462939e+00
   endloop
 endfacet
 facet normal 0.000000000000e+00 -1.000000000000e+00 0.000000000000e+00
   outer loop
     vertex -1.005000000000e+01 -9.500000000000e+00 7.452627944163e+00
     vertex -1.041501534816e+01 -9.500000000000e+00 8.826531089977e+00
     vertex -1.069772634572e+01 -9.500000000000e+00 8.694413725980e+00
   endloop
 endfacet
 facet normal 0.000000000000e+00 -1.000000000000e+00 0.000000000000e+00
   outer loop
     vertex -1.005000000000e+01 -9.500000000000e+00 7.452627944163e+00
     vertex -9.859774759649e+00 -9.500000000000e+00 7.539500900586e+00
     vertex -1.041501534816e+01 -9.500000000000e+00 8.826531089977e+00
   endloop
 endfacet
 facet normal 0.000000000000e+00 -1.000000000000e+00 0.000000000000e+00
   outer loop
     vertex -8.574621113886e+00 -9.500000000000e+00 5.905295100799e+00
     vertex -7.225170687837e+00 -9.500000000000e+00 5.463104826647e+00
     vertex -8.478795273682e+00 -9.500000000000e+00 6.091171298774e+00
   endloop
 endfacet
 facet normal 0.000000000000e+00 -1.000000000000e+00 0.000000000000e+00
   outer loop
     vertex -8.574621113886e+00 -9.500000000000e+00 5.905295100799e+00
     vertex -7.372069067484e+00 -9.500000000000e+00 5.187784336916e+00
     vertex -7.225170687837e+00 -9.500000000000e+00 5.463104826647e+00
   endloop
 endfacet
 facet normal 0.000000000000e+00 -1.000000000000e+00 0.000000000000e+00
   outer loop
     vertex -8.574621113886e+00 -9.500000000000e+00 5.905295100799e+00
     vertex -7.552122485686e+00 -9.500000000000e+00 4.932909323227e+00
     vertex -7.372069067484e+00 -9.500000000000e+00 5.187784336916e+00
   endloop
 endfacet
 facet normal 0.000000000000e+00 -1.000000000000e+00 0.000000000000e+00
   outer loop
     vertex -1.022034680734e+01 -9.500000000000e+00 7.331324531790e+00
     vertex -1.096177571166e+01 -9.500000000000e+00 8.528105462939e+00
     vertex -1.120304932424e+01 -9.500000000000e+00 8.330197530102e+00
   endloop
 endfacet
 facet normal 0.000000000000e+00 -1.000000000000e+00 0.000000000000e+00
   outer loop
     vertex -1.022034680734e+01 -9.500000000000e+00 7.331324531790e+00
     vertex -1.005000000000e+01 -9.500000000000e+00 7.452627944163e+00
     vertex -1.096177571166e+01 -9.500000000000e+00 8.528105462939e+00
   endloop
 endfacet
 facet normal 0.000000000000e+00 -1.000000000000e+00 0.000000000000e+00
   outer loop
     vertex -8.703892558084e+00 -9.500000000000e+00 5.740913087370e+00
     vertex -7.552122485686e+00 -9.500000000000e+00 4.932909323227e+00
     vertex -8.574621113886e+00 -9.500000000000e+00 5.905295100799e+00
   endloop
 endfacet
 facet normal 0.000000000000e+00 -1.000000000000e+00 0.000000000000e+00
   outer loop
     vertex -7.762525551566e+00 -9.500000000000e+00 4.702450962828e+00
     vertex -7.552122485686e+00 -9.500000000000e+00 4.932909323227e+00
     vertex -8.703892558084e+00 -9.500000000000e+00 5.740913087370e+00
   endloop
 endfacet
 facet normal 0.000000000000e+00 -1.000000000000e+00 0.000000000000e+00
   outer loop
     vertex -1.036465840422e+01 -9.500000000000e+00 7.179974884843e+00
     vertex -1.022034680734e+01 -9.500000000000e+00 7.331324531790e+00
     vertex -1.120304932424e+01 -9.500000000000e+00 8.330197530102e+00
   endloop
 endfacet
 facet normal 0.000000000000e+00 -1.000000000000e+00 0.000000000000e+00
   outer loop
     vertex -8.861937399472e+00 -9.500000000000e+00 5.603966452745e+00
     vertex -7.762525551566e+00 -9.500000000000e+00 4.702450962828e+00
     vertex -8.703892558084e+00 -9.500000000000e+00 5.740913087370e+00
   endloop
 endfacet
 facet normal 0.000000000000e+00 -1.000000000000e+00 0.000000000000e+00
   outer loop
     vertex -1.141778792804e+01 -9.500000000000e+00 8.103773507413e+00
     vertex -1.036465840422e+01 -9.500000000000e+00 7.179974884843e+00
     vertex -1.120304932424e+01 -9.500000000000e+00 8.330197530102e+00
   endloop
 endfacet
 facet normal 0.000000000000e+00 -1.000000000000e+00 0.000000000000e+00
   outer loop
     vertex -8.000000000000e+00 -9.500000000000e+00 4.500000000000e+00
     vertex -7.762525551566e+00 -9.500000000000e+00 4.702450962828e+00
     vertex -8.861937399472e+00 -9.500000000000e+00 5.603966452745e+00
   endloop
 endfacet
 facet normal 0.000000000000e+00 -1.000000000000e+00 0.000000000000e+00
   outer loop
     vertex -9.043043485698e+00 -9.500000000000e+00 5.499404805110e+00
     vertex -8.000000000000e+00 -9.500000000000e+00 4.500000000000e+00
     vertex -8.861937399472e+00 -9.500000000000e+00 5.603966452745e+00
   endloop
 endfacet
 facet normal 0.000000000000e+00 -1.000000000000e+00 0.000000000000e+00
   outer loop
     vertex -1.160264570641e+01 -9.500000000000e+00 7.852361280616e+00
     vertex -1.047771899352e+01 -9.500000000000e+00 7.004049173900e+00
     vertex -1.036465840422e+01 -9.500000000000e+00 7.179974884843e+00
   endloop
 endfacet
 facet normal 0.000000000000e+00 -1.000000000000e+00 0.000000000000e+00
   outer loop
     vertex -1.160264570641e+01 -9.500000000000e+00 7.852361280616e+00
     vertex -1.036465840422e+01 -9.500000000000e+00 7.179974884843e+00
     vertex -1.141778792804e+01 -9.500000000000e+00 8.103773507413e+00
   endloop
 endfacet
 facet normal 0.000000000000e+00 -1.000000000000e+00 0.000000000000e+00
   outer loop
     vertex -9.240665170940e+00 -9.500000000000e+00 5.431007274844e+00
     vertex -8.000000000000e+00 -9.500000000000e+00 4.500000000000e+00
     vertex -9.043043485698e+00 -9.500000000000e+00 5.499404805110e+00
   endloop
 endfacet
 facet normal 0.000000000000e+00 -1.000000000000e+00 0.000000000000e+00
   outer loop
     vertex -8.000000000000e+00 -9.500000000000e+00 4.000000000000e+00
     vertex -8.000000000000e+00 -9.500000000000e+00 4.500000000000e+00
     vertex -9.240665170940e+00 -9.500000000000e+00 5.431007274844e+00
   endloop
 endfacet
 facet normal 0.000000000000e+00 -1.000000000000e+00 0.000000000000e+00
   outer loop
     vertex -9.447659892594e+00 -9.500000000000e+00 5.401245926899e+00
     vertex -8.000000000000e+00 -9.500000000000e+00 4.000000000000e+00
     vertex -9.240665170940e+00 -9.500000000000e+00 5.431007274844e+00
   endloop
 endfacet
 facet normal 0.000000000000e+00 -1.000000000000e+00 0.000000000000e+00
   outer loop
     vertex -1.175474241233e+01 -9.500000000000e+00 7.579878073689e+00
     vertex -1.047771899352e+01 -9.500000000000e+00 7.004049173900e+00
     vertex -1.160264570641e+01 -9.500000000000e+00 7.852361280616e+00
   endloop
 endfacet
 facet normal 0.000000000000e+00 -1.000000000000e+00 0.000000000000e+00
   outer loop
     vertex -1.187170824513e+01 -9.500000000000e+00 7.290569415042e+00
     vertex -1.047771899352e+01 -9.500000000000e+00 7.004049173900e+00
     vertex -1.175474241233e+01 -9.500000000000e+00 7.579878073689e+00
   endloop
 endfacet
 facet normal 0.000000000000e+00 -1.000000000000e+00 0.000000000000e+00
   outer loop
     vertex -1.187170824513e+01 -9.500000000000e+00 7.290569415042e+00
     vertex -1.055544227098e+01 -9.500000000000e+00 6.809905812526e+00
     vertex -1.047771899352e+01 -9.500000000000e+00 7.004049173900e+00
   endloop
 endfacet
 facet normal 0.000000000000e+00 -1.000000000000e+00 0.000000000000e+00
   outer loop
     vertex -1.195172077408e+01 -9.500000000000e+00 6.988942988448e+00
     vertex -1.055544227098e+01 -9.500000000000e+00 6.809905812526e+00
     vertex -1.187170824513e+01 -9.500000000000e+00 7.290569415042e+00
   endloop
 endfacet
 facet normal 0.000000000000e+00 -1.000000000000e+00 0.000000000000e+00
   outer loop
     vertex -1.195172077408e+01 -9.500000000000e+00 6.988942988448e+00
     vertex -1.059501911483e+01 -9.500000000000e+00 6.604561647635e+00
     vertex -1.055544227098e+01 -9.500000000000e+00 6.809905812526e+00
   endloop
 endfacet
 facet normal 0.000000000000e+00 -1.000000000000e+00 0.000000000000e+00
   outer loop
     vertex -7.000000000000e+00 -9.500000000000e+00 2.000000000000e+00
     vertex 9.500000000000e+00 -9.500000000000e+00 0.000000000000e+00
     vertex 9.500000000000e+00 -9.500000000000e+00 2.000000000000e+00
   endloop
 endfacet
 facet normal 0.000000000000e+00 -1.000000000000e+00 0.000000000000e+00
   outer loop
     vertex -1.199353333350e+01 -9.500000000000e+00 6.679698399354e+00
     vertex -1.059501911483e+01 -9.500000000000e+00 6.604561647635e+00
     vertex -1.195172077408e+01 -9.500000000000e+00 6.988942988448e+00
   endloop
 endfacet
 facet normal 0.000000000000e+00 -1.000000000000e+00 0.000000000000e+00
   outer loop
     vertex -1.199649444688e+01 -9.500000000000e+00 6.367653950891e+00
     vertex -1.059501911483e+01 -9.500000000000e+00 6.395438352365e+00
     vertex -1.059501911483e+01 -9.500000000000e+00 6.604561647635e+00
   endloop
 endfacet
 facet normal 0.000000000000e+00 -1.000000000000e+00 0.000000000000e+00
   outer loop
     vertex -1.199649444688e+01 -9.500000000000e+00 6.367653950891e+00
     vertex -1.059501911483e+01 -9.500000000000e+00 6.604561647635e+00
     vertex -1.199353333350e+01 -9.500000000000e+00 6.679698399354e+00
   endloop
 endfacet
 facet normal 0.000000000000e+00 -1.000000000000e+00 0.000000000000e+00
   outer loop
     vertex -1.196055797746e+01 -9.500000000000e+00 6.057671570464e+00
     vertex -1.059501911483e+01 -9.500000000000e+00 6.395438352365e+00
     vertex -1.199649444688e+01 -9.500000000000e+00 6.367653950891e+00
   endloop
 endfacet
 facet normal 0.000000000000e+00 -1.000000000000e+00 0.000000000000e+00
   outer loop
     vertex -1.196055797746e+01 -9.500000000000e+00 6.057671570464e+00
     vertex -1.055544227098e+01 -9.500000000000e+00 6.190094187474e+00
     vertex -1.059501911483e+01 -9.500000000000e+00 6.395438352365e+00
   endloop
 endfacet
 facet normal 0.000000000000e+00 -1.000000000000e+00 0.000000000000e+00
   outer loop
     vertex -1.188628384709e+01 -9.500000000000e+00 5.754581056644e+00
     vertex -1.055544227098e+01 -9.500000000000e+00 6.190094187474e+00
     vertex -1.196055797746e+01 -9.500000000000e+00 6.057671570464e+00
   endloop
 endfacet
 facet normal 0.000000000000e+00 -1.000000000000e+00 0.000000000000e+00
   outer loop
     vertex -1.177482931216e+01 -9.500000000000e+00 5.463104826647e+00
     vertex -1.055544227098e+01 -9.500000000000e+00 6.190094187474e+00
     vertex -1.188628384709e+01 -9.500000000000e+00 5.754581056644e+00
   endloop
 endfacet
 facet normal 0.000000000000e+00 -1.000000000000e+00 0.000000000000e+00
   outer loop
     vertex -1.177482931216e+01 -9.500000000000e+00 5.463104826647e+00
     vertex -1.047771899352e+01 -9.500000000000e+00 5.995950826100e+00
     vertex -1.055544227098e+01 -9.500000000000e+00 6.190094187474e+00
   endloop
 endfacet
 facet normal 0.000000000000e+00 -1.000000000000e+00 0.000000000000e+00
   outer loop
     vertex -1.162793093252e+01 -9.500000000000e+00 5.187784336916e+00
     vertex -1.047771899352e+01 -9.500000000000e+00 5.995950826100e+00
     vertex -1.177482931216e+01 -9.500000000000e+00 5.463104826647e+00
   endloop
 endfacet
 facet normal 0.000000000000e+00 -1.000000000000e+00 0.000000000000e+00
   outer loop
     vertex -1.162793093252e+01 -9.500000000000e+00 5.187784336916e+00
     vertex -1.036465840422e+01 -9.500000000000e+00 5.820025115157e+00
     vertex -1.047771899352e+01 -9.500000000000e+00 5.995950826100e+00
   endloop
 endfacet
 facet normal 0.000000000000e+00 -1.000000000000e+00 0.000000000000e+00
   outer loop
     vertex -1.100000000000e+01 -9.500000000000e+00 4.500000000000e+00
     vertex -1.005000000000e+01 -9.500000000000e+00 5.547372055837e+00
     vertex -1.022034680734e+01 -9.500000000000e+00 5.668675468210e+00
   endloop
 endfacet
 facet normal 0.000000000000e+00 -1.000000000000e+00 0.000000000000e+00
   outer loop
     vertex -1.100000000000e+01 -9.500000000000e+00 4.500000000000e+00
     vertex -9.859774759649e+00 -9.500000000000e+00 5.460499099414e+00
     vertex -1.005000000000e+01 -9.500000000000e+00 5.547372055837e+00
   endloop
 endfacet
 facet normal 0.000000000000e+00 -1.000000000000e+00 0.000000000000e+00
   outer loop
     vertex -1.100000000000e+01 -9.500000000000e+00 4.500000000000e+00
     vertex -9.656546322101e+00 -9.500000000000e+00 5.411196413931e+00
     vertex -9.859774759649e+00 -9.500000000000e+00 5.460499099414e+00
   endloop
 endfacet
 facet normal 0.000000000000e+00 -1.000000000000e+00 0.000000000000e+00
   outer loop
     vertex -1.144787751431e+01 -9.500000000000e+00 4.932909323227e+00
     vertex -1.036465840422e+01 -9.500000000000e+00 5.820025115157e+00
     vertex -1.162793093252e+01 -9.500000000000e+00 5.187784336916e+00
   endloop
 endfacet
 facet normal 0.000000000000e+00 -1.000000000000e+00 0.000000000000e+00
   outer loop
     vertex -1.123747444843e+01 -9.500000000000e+00 4.702450962828e+00
     vertex -1.036465840422e+01 -9.500000000000e+00 5.820025115157e+00
     vertex -1.144787751431e+01 -9.500000000000e+00 4.932909323227e+00
   endloop
 endfacet
 facet normal 0.000000000000e+00 -1.000000000000e+00 0.000000000000e+00
   outer loop
     vertex -1.123747444843e+01 -9.500000000000e+00 4.702450962828e+00
     vertex -1.022034680734e+01 -9.500000000000e+00 5.668675468210e+00
     vertex -1.036465840422e+01 -9.500000000000e+00 5.820025115157e+00
   endloop
 endfacet
 facet normal 0.000000000000e+00 -1.000000000000e+00 0.000000000000e+00
   outer loop
     vertex -1.123747444843e+01 -9.500000000000e+00 4.702450962828e+00
     vertex -1.100000000000e+01 -9.500000000000e+00 4.500000000000e+00
     vertex -1.022034680734e+01 -9.500000000000e+00 5.668675468210e+00
   endloop
 endfacet
 facet normal 0.000000000000e+00 -1.000000000000e+00 0.000000000000e+00
   outer loop
     vertex -9.500000000000e+00 -9.500000000000e+00 2.000000000000e+00
     vertex -7.000000000000e+00 -9.500000000000e+00 2.000000000000e+00
     vertex -7.000000000000e+00 -9.500000000000e+00 3.000000000000e+00
   endloop
 endfacet
 facet normal 0.000000000000e+00 -1.000000000000e+00 0.000000000000e+00
   outer loop
     vertex -9.500000000000e+00 -9.500000000000e+00 2.000000000000e+00
     vertex -7.000000000000e+00 -9.500000000000e+00 3.000000000000e+00
     vertex -8.000000000000e+00 -9.500000000000e+00 4.000000000000e+00
   endloop
 endfacet
 facet normal 0.000000000000e+00 -1.000000000000e+00 0.000000000000e+00
   outer loop
     vertex -1.100000000000e+01 -9.500000000000e+00 3.500000000000e+00
     vertex -9.500000000000e+00 -9.500000000000e+00 2.000000000000e+00
     vertex -8.000000000000e+00 -9.500000000000e+00 4.000000000000e+00
   endloop
 endfacet
 facet normal 0.000000000000e+00 -1.000000000000e+00 0.000000000000e+00
   outer loop
     vertex -1.100000000000e+01 -9.500000000000e+00 3.500000000000e+00
     vertex -9.656546322101e+00 -9.500000000000e+00 5.411196413931e+00
     vertex -1.100000000000e+01 -9.500000000000e+00 4.500000000000e+00
   endloop
 endfacet
 facet normal 0.000000000000e+00 -1.000000000000e+00 0.000000000000e+00
   outer loop
     vertex -1.100000000000e+01 -9.500000000000e+00 3.500000000000e+00
     vertex -9.447659892594e+00 -9.500000000000e+00 5.401245926899e+00
     vertex -9.656546322101e+00 -9.500000000000e+00 5.411196413931e+00
   endloop
 endfacet
 facet normal 0.000000000000e+00 -1.000000000000e+00 0.000000000000e+00
   outer loop
     vertex -1.100000000000e+01 -9.500000000000e+00 3.500000000000e+00
     vertex -8.000000000000e+00 -9.500000000000e+00 4.000000000000e+00
     vertex -9.447659892594e+00 -9.500000000000e+00 5.401245926899e+00
   endloop
 endfacet
 facet normal 0.000000000000e+00 -1.000000000000e+00 0.000000000000e+00
   outer loop
     vertex -9.500000000000e+00 -9.500000000000e+00 0.000000000000e+00
     vertex -7.000000000000e+00 -9.500000000000e+00 2.000000000000e+00
     vertex -9.500000000000e+00 -9.500000000000e+00 2.000000000000e+00
   endloop
 endfacet
 facet normal 0.000000000000e+00 -1.000000000000e+00 0.000000000000e+00
   outer loop
     vertex -9.500000000000e+00 -9.500000000000e+00 0.000000000000e+00
     vertex 9.500000000000e+00 -9.500000000000e+00 0.000000000000e+00
     vertex -7.000000000000e+00 -9.500000000000e+00 2.000000000000e+00
   endloop
 endfacet
 facet normal -7.071067811865e-01 -0.000000000000e+00 -7.071067811865e-01
   outer loop
     vertex -9.500000000000e+00 -6.500000000000e+00 2.000000000000e+00
     vertex -9.500000000000e+00 -9.500000000000e+00 2.000000000000e+00
     vertex -1.100000000000e+01 -9.500000000000e+00 3.500000000000e+00
   endloop
 endfacet
 facet normal -7.071067811865e-01 0.000000000000e+00 -7.071067811865e-01
   outer loop
     vertex -9.500000000000e+00 -6.500000000000e+00 2.000000000000e+00
     vertex -1.100000000000e+01 -9.500000000000e+00 3.500000000000e+00
     vertex -1.100000000000e+01 -6.500000000000e+00 3.500000000000e+00
   endloop
 endfacet
 facet normal 0.000000000000e+00 -1.000000000000e+00 0.000000000000e+00
   outer loop
     vertex -1.022034680734e+01 6.500000000000e+00 5.668675468210e+00
     vertex -1.123747444843e+01 6.500000000000e+00 4.702450962828e+00
     vertex -1.100000000000e+01 6.500000000000e+00 4.500000000000e+00
   endloop
 endfacet
 facet normal 0.000000000000e+00 -1.000000000000e+00 0.000000000000e+00
   outer loop
     vertex -1.036465840422e+01 6.500000000000e+00 5.820025115157e+00
     vertex -1.162793093252e+01 6.500000000000e+00 5.187784336916e+00
     vertex -1.144787751431e+01 6.500000000000e+00 4.932909323227e+00
   endloop
 endfacet
 facet normal 0.000000000000e+00 -1.000000000000e+00 0.000000000000e+00
   outer loop
     vertex -1.036465840422e+01 6.500000000000e+00 5.820025115157e+00
     vertex -1.144787751431e+01 6.500000000000e+00 4.932909323227e+00
     vertex -1.123747444843e+01 6.500000000000e+00 4.702450962828e+00
   endloop
 endfacet
 facet normal 0.000000000000e+00 -1.000000000000e+00 -0.000000000000e+00
   outer loop
     vertex -1.036465840422e+01 6.500000000000e+00 5.820025115157e+00
     vertex -1.123747444843e+01 6.500000000000e+00 4.702450962828e+00
     vertex -1.022034680734e+01 6.500000000000e+00 5.668675468210e+00
   endloop
 endfacet
 facet normal -0.000000000000e+00 -1.000000000000e+00 0.000000000000e+00
   outer loop
     vertex -1.005000000000e+01 6.500000000000e+00 5.547372055837e+00
     vertex -1.022034680734e+01 6.500000000000e+00 5.668675468210e+00
     vertex -1.100000000000e+01 6.500000000000e+00 4.500000000000e+00
   endloop
 endfacet
 facet normal 0.000000000000e+00 -1.000000000000e+00 0.000000000000e+00
   outer loop
     vertex -1.047771899352e+01 6.500000000000e+00 5.995950826100e+00
     vertex -1.177482931216e+01 6.500000000000e+00 5.463104826647e+00
     vertex -1.162793093252e+01 6.500000000000e+00 5.187784336916e+00
   endloop
 endfacet
 facet normal 0.000000000000e+00 -1.000000000000e+00 -0.000000000000e+00
   outer loop
     vertex -1.047771899352e+01 6.500000000000e+00 5.995950826100e+00
     vertex -1.162793093252e+01 6.500000000000e+00 5.187784336916e+00
     vertex -1.036465840422e+01 6.500000000000e+00 5.820025115157e+00
   endloop
 endfacet
 facet normal -0.000000000000e+00 -1.000000000000e+00 0.000000000000e+00
   outer loop
     vertex -9.859774759649e+00 6.500000000000e+00 5.460499099414e+00
     vertex -1.005000000000e+01 6.500000000000e+00 5.547372055837e+00
     vertex -1.100000000000e+01 6.500000000000e+00 4.500000000000e+00
   endloop
 endfacet
 facet normal 0.000000000000e+00 -1.000000000000e+00 -0.000000000000e+00
   outer loop
     vertex -1.055544227098e+01 6.500000000000e+00 6.190094187474e+00
     vertex -1.177482931216e+01 6.500000000000e+00 5.463104826647e+00
     vertex -1.047771899352e+01 6.500000000000e+00 5.995950826100e+00
   endloop
 endfacet
 facet normal 0.000000000000e+00 -1.000000000000e+00 0.000000000000e+00
   outer loop
     vertex -1.055544227098e+01 6.500000000000e+00 6.190094187474e+00
     vertex -1.196055797746e+01 6.500000000000e+00 6.057671570464e+00
     vertex -1.188628384709e+01 6.500000000000e+00 5.754581056644e+00
   endloop
 endfacet
 facet normal 0.000000000000e+00 -1.000000000000e+00 0.000000000000e+00
   outer loop
     vertex -1.055544227098e+01 6.500000000000e+00 6.190094187474e+00
     vertex -1.188628384709e+01 6.500000000000e+00 5.754581056644e+00
     vertex -1.177482931216e+01 6.500000000000e+00 5.463104826647e+00
   endloop
 endfacet
 facet normal -0.000000000000e+00 -1.000000000000e+00 0.000000000000e+00
   outer loop
     vertex -9.656546322101e+00 6.500000000000e+00 5.411196413931e+00
     vertex -9.859774759649e+00 6.500000000000e+00 5.460499099414e+00
     vertex -1.100000000000e+01 6.500000000000e+00 4.500000000000e+00
   endloop
 endfacet
 facet normal 0.000000000000e+00 -1.000000000000e+00 0.000000000000e+00
   outer loop
     vertex -9.656546322101e+00 6.500000000000e+00 5.411196413931e+00
     vertex -1.100000000000e+01 6.500000000000e+00 4.500000000000e+00
     vertex -1.100000000000e+01 6.500000000000e+00 3.500000000000e+00
   endloop
 endfacet
 facet normal 0.000000000000e+00 -1.000000000000e+00 0.000000000000e+00
   outer loop
     vertex -1.059501911483e+01 6.500000000000e+00 6.395438352365e+00
     vertex -1.199649444688e+01 6.500000000000e+00 6.367653950891e+00
     vertex -1.196055797746e+01 6.500000000000e+00 6.057671570464e+00
   endloop
 endfacet
 facet normal 0.000000000000e+00 -1.000000000000e+00 -0.000000000000e+00
   outer loop
     vertex -1.059501911483e+01 6.500000000000e+00 6.395438352365e+00
     vertex -1.196055797746e+01 6.500000000000e+00 6.057671570464e+00
     vertex -1.055544227098e+01 6.500000000000e+00 6.190094187474e+00
   endloop
 endfacet
 facet normal -0.000000000000e+00 -1.000000000000e+00 0.000000000000e+00
   outer loop
     vertex -9.447659892594e+00 6.500000000000e+00 5.401245926899e+00
     vertex -9.656546322101e+00 6.500000000000e+00 5.411196413931e+00
     vertex -1.100000000000e+01 6.500000000000e+00 3.500000000000e+00
   endloop
 endfacet
 facet normal 0.000000000000e+00 -1.000000000000e+00 -0.000000000000e+00
   outer loop
     vertex -7.000000000000e+00 6.500000000000e+00 3.000000000000e+00
     vertex -9.500000000000e+00 6.500000000000e+00 2.000000000000e+00
     vertex -7.000000000000e+00 6.500000000000e+00 2.000000000000e+00
   endloop
 endfacet
 facet normal -0.000000000000e+00 -1.000000000000e+00 0.000000000000e+00
   outer loop
     vertex -8.000000000000e+00 6.500000000000e+00 4.000000000000e+00
     vertex -9.447659892594e+00 6.500000000000e+00 5.401245926899e+00
     vertex -1.100000000000e+01 6.500000000000e+00 3.500000000000e+00
   endloop
 endfacet
 facet normal 0.000000000000e+00 -1.000000000000e+00 -0.000000000000e+00
   outer loop
     vertex -8.000000000000e+00 6.500000000000e+00 4.000000000000e+00
     vertex -9.500000000000e+00 6.500000000000e+00 2.000000000000e+00
     vertex -7.000000000000e+00 6.500000000000e+00 3.000000000000e+00
   endloop
 endfacet
 facet normal 0.000000000000e+00 -1.000000000000e+00 0.000000000000e+00
   outer loop
     vertex -8.000000000000e+00 6.500000000000e+00 4.000000000000e+00
     vertex -1.100000000000e+01 6.500000000000e+00 3.500000000000e+00
     vertex -9.500000000000e+00 6.500000000000e+00 2.000000000000e+00
   endloop
 endfacet
 facet normal 0.000000000000e+00 -1.000000000000e+00 -0.000000000000e+00
   outer loop
     vertex -1.059501911483e+01 6.500000000000e+00 6.604561647635e+00
     vertex -1.199649444688e+01 6.500000000000e+00 6.367653950891e+00
     vertex -1.059501911483e+01 6.500000000000e+00 6.395438352365e+00
   endloop
 endfacet
 facet normal 0.000000000000e+00 -1.000000000000e+00 0.000000000000e+00
   outer loop
     vertex -1.059501911483e+01 6.500000000000e+00 6.604561647635e+00
     vertex -1.195172077408e+01 6.500000000000e+00 6.988942988448e+00
     vertex -1.199353333350e+01 6.500000000000e+00 6.679698399354e+00
   endloop
 endfacet
 facet normal -0.000000000000e+00 -1.000000000000e+00 0.000000000000e+00
   outer loop
     vertex -1.059501911483e+01 6.500000000000e+00 6.604561647635e+00
     vertex -1.199353333350e+01 6.500000000000e+00 6.679698399354e+00
     vertex -1.199649444688e+01 6.500000000000e+00 6.367653950891e+00
   endloop
 endfacet
 facet normal 0.000000000000e+00 -1.000000000000e+00 -0.000000000000e+00
   outer loop
     vertex -9.240665170940e+00 6.500000000000e+00 5.431007274844e+00
     vertex -9.447659892594e+00 6.500000000000e+00 5.401245926899e+00
     vertex -8.000000000000e+00 6.500000000000e+00 4.000000000000e+00
   endloop
 endfacet
 facet normal 0.000000000000e+00 -1.000000000000e+00 0.000000000000e+00
   outer loop
     vertex -1.055544227098e+01 6.500000000000e+00 6.809905812526e+00
     vertex -1.187170824513e+01 6.500000000000e+00 7.290569415042e+00
     vertex -1.195172077408e+01 6.500000000000e+00 6.988942988448e+00
   endloop
 endfacet
 facet normal -0.000000000000e+00 -1.000000000000e+00 0.000000000000e+00
   outer loop
     vertex -1.055544227098e+01 6.500000000000e+00 6.809905812526e+00
     vertex -1.195172077408e+01 6.500000000000e+00 6.988942988448e+00
     vertex -1.059501911483e+01 6.500000000000e+00 6.604561647635e+00
   endloop
 endfacet
 facet normal -0.000000000000e+00 -1.000000000000e+00 -0.000000000000e+00
   outer loop
     vertex -8.000000000000e+00 6.500000000000e+00 4.500000000000e+00
     vertex -9.240665170940e+00 6.500000000000e+00 5.431007274844e+00
     vertex -8.000000000000e+00 6.500000000000e+00 4.000000000000e+00
   endloop
 endfacet
 facet normal 0.000000000000e+00 -1.000000000000e+00 0.000000000000e+00
   outer loop
     vertex -8.000000000000e+00 6.500000000000e+00 4.500000000000e+00
     vertex -9.043043485698e+00 6.500000000000e+00 5.499404805110e+00
     vertex -9.240665170940e+00 6.500000000000e+00 5.431007274844e+00
   endloop
 endfacet
 facet normal -0.000000000000e+00 -1.000000000000e+00 0.000000000000e+00
   outer loop
     vertex -1.047771899352e+01 6.500000000000e+00 7.004049173900e+00
     vertex -1.187170824513e+01 6.500000000000e+00 7.290569415042e+00
     vertex -1.055544227098e+01 6.500000000000e+00 6.809905812526e+00
   endloop
 endfacet
 facet normal 0.000000000000e+00 -1.000000000000e+00 0.000000000000e+00
   outer loop
     vertex -1.047771899352e+01 6.500000000000e+00 7.004049173900e+00
     vertex -1.160264570641e+01 6.500000000000e+00 7.852361280616e+00
     vertex -1.175474241233e+01 6.500000000000e+00 7.579878073689e+00
   endloop
 endfacet
 facet normal 0.000000000000e+00 -1.000000000000e+00 0.000000000000e+00
   outer loop
     vertex -1.047771899352e+01 6.500000000000e+00 7.004049173900e+00
     vertex -1.175474241233e+01 6.500000000000e+00 7.579878073689e+00
     vertex -1.187170824513e+01 6.500000000000e+00 7.290569415042e+00
   endloop
 endfacet
 facet normal 0.000000000000e+00 -1.000000000000e+00 -0.000000000000e+00
   outer loop
     vertex -8.861937399472e+00 6.500000000000e+00 5.603966452745e+00
     vertex -9.043043485698e+00 6.500000000000e+00 5.499404805110e+00
     vertex -8.000000000000e+00 6.500000000000e+00 4.500000000000e+00
   endloop
 endfacet
 facet normal 0.000000000000e+00 -1.000000000000e+00 0.000000000000e+00
   outer loop
     vertex -1.036465840422e+01 6.500000000000e+00 7.179974884843e+00
     vertex -1.141778792804e+01 6.500000000000e+00 8.103773507413e+00
     vertex -1.160264570641e+01 6.500000000000e+00 7.852361280616e+00
   endloop
 endfacet
 facet normal -0.000000000000e+00 -1.000000000000e+00 0.000000000000e+00
   outer loop
     vertex -1.036465840422e+01 6.500000000000e+00 7.179974884843e+00
     vertex -1.160264570641e+01 6.500000000000e+00 7.852361280616e+00
     vertex -1.047771899352e+01 6.500000000000e+00 7.004049173900e+00
   endloop
 endfacet
 facet normal -0.000000000000e+00 -1.000000000000e+00 0.000000000000e+00
   outer loop
     vertex -7.762525551566e+00 6.500000000000e+00 4.702450962828e+00
     vertex -8.861937399472e+00 6.500000000000e+00 5.603966452745e+00
     vertex -8.000000000000e+00 6.500000000000e+00 4.500000000000e+00
   endloop
 endfacet
 facet normal 0.000000000000e+00 -1.000000000000e+00 -0.000000000000e+00
   outer loop
     vertex -8.703892558084e+00 6.500000000000e+00 5.740913087370e+00
     vertex -8.861937399472e+00 6.500000000000e+00 5.603966452745e+00
     vertex -7.762525551566e+00 6.500000000000e+00 4.702450962828e+00
   endloop
 endfacet
 facet normal 0.000000000000e+00 -1.000000000000e+00 -0.000000000000e+00
   outer loop
     vertex -1.120304932424e+01 6.500000000000e+00 8.330197530102e+00
     vertex -1.141778792804e+01 6.500000000000e+00 8.103773507413e+00
     vertex -1.036465840422e+01 6.500000000000e+00 7.179974884843e+00
   endloop
 endfacet
 facet normal 0.000000000000e+00 -1.000000000000e+00 0.000000000000e+00
   outer loop
     vertex -1.120304932424e+01 6.500000000000e+00 8.330197530102e+00
     vertex -1.036465840422e+01 6.500000000000e+00 7.179974884843e+00
     vertex -1.022034680734e+01 6.500000000000e+00 7.331324531790e+00
   endloop
 endfacet
 facet normal -0.000000000000e+00 -1.000000000000e+00 0.000000000000e+00
   outer loop
     vertex -7.552122485686e+00 6.500000000000e+00 4.932909323227e+00
     vertex -8.703892558084e+00 6.500000000000e+00 5.740913087370e+00
     vertex -7.762525551566e+00 6.500000000000e+00 4.702450962828e+00
   endloop
 endfacet
 facet normal 0.000000000000e+00 -1.000000000000e+00 0.000000000000e+00
   outer loop
     vertex -7.552122485686e+00 6.500000000000e+00 4.932909323227e+00
     vertex -8.574621113886e+00 6.500000000000e+00 5.905295100799e+00
     vertex -8.703892558084e+00 6.500000000000e+00 5.740913087370e+00
   endloop
 endfacet
 facet normal 0.000000000000e+00 -1.000000000000e+00 -0.000000000000e+00
   outer loop
     vertex -1.096177571166e+01 6.500000000000e+00 8.528105462939e+00
     vertex -1.120304932424e+01 6.500000000000e+00 8.330197530102e+00
     vertex -1.022034680734e+01 6.500000000000e+00 7.331324531790e+00
   endloop
 endfacet
 facet normal 0.000000000000e+00 -1.000000000000e+00 0.000000000000e+00
   outer loop
     vertex -1.096177571166e+01 6.500000000000e+00 8.528105462939e+00
     vertex -1.022034680734e+01 6.500000000000e+00 7.331324531790e+00
     vertex -1.005000000000e+01 6.500000000000e+00 7.452627944163e+00
   endloop
 endfacet
 facet normal -0.000000000000e+00 -1.000000000000e+00 0.000000000000e+00
   outer loop
     vertex -7.372069067484e+00 6.500000000000e+00 5.187784336916e+00
     vertex -8.574621113886e+00 6.500000000000e+00 5.905295100799e+00
     vertex -7.552122485686e+00 6.500000000000e+00 4.932909323227e+00
   endloop
 endfacet
 facet normal 0.000000000000e+00 -1.000000000000e+00 -0.000000000000e+00
   outer loop
     vertex -1.069772634572e+01 6.500000000000e+00 8.694413725980e+00
     vertex -1.096177571166e+01 6.500000000000e+00 8.528105462939e+00
     vertex -1.005000000000e+01 6.500000000000e+00 7.452627944163e+00
   endloop
 endfacet
 facet normal -0.000000000000e+00 -1.000000000000e+00 0.000000000000e+00
   outer loop
     vertex -7.225170687837e+00 6.500000000000e+00 5.463104826647e+00
     vertex -8.574621113886e+00 6.500000000000e+00 5.905295100799e+00
     vertex -7.372069067484e+00 6.500000000000e+00 5.187784336916e+00
   endloop
 endfacet
 facet normal 0.000000000000e+00 -1.000000000000e+00 0.000000000000e+00
   outer loop
     vertex -7.225170687837e+00 6.500000000000e+00 5.463104826647e+00
     vertex -8.478795273682e+00 6.500000000000e+00 6.091171298774e+00
     vertex -8.574621113886e+00 6.500000000000e+00 5.905295100799e+00
   endloop
 endfacet
 facet normal 0.000000000000e+00 -1.000000000000e+00 0.000000000000e+00
   outer loop
     vertex -1.041501534816e+01 6.500000000000e+00 8.826531089977e+00
     vertex -1.005000000000e+01 6.500000000000e+00 7.452627944163e+00
     vertex -9.859774759649e+00 6.500000000000e+00 7.539500900586e+00
   endloop
 endfacet
 facet normal 0.000000000000e+00 -1.000000000000e+00 -0.000000000000e+00
   outer loop
     vertex -1.041501534816e+01 6.500000000000e+00 8.826531089977e+00
     vertex -1.069772634572e+01 6.500000000000e+00 8.694413725980e+00
     vertex -1.005000000000e+01 6.500000000000e+00 7.452627944163e+00
   endloop
 endfacet
 facet normal -0.000000000000e+00 -1.000000000000e+00 0.000000000000e+00
   outer loop
     vertex -7.113716152909e+00 6.500000000000e+00 5.754581056644e+00
     vertex -8.478795273682e+00 6.500000000000e+00 6.091171298774e+00
     vertex -7.225170687837e+00 6.500000000000e+00 5.463104826647e+00
   endloop
 endfacet
 facet normal 0.000000000000e+00 -1.000000000000e+00 0.000000000000e+00
   outer loop
     vertex -7.113716152909e+00 6.500000000000e+00 5.754581056644e+00
     vertex -8.419878433011e+00 6.500000000000e+00 6.291823631204e+00
     vertex -8.478795273682e+00 6.500000000000e+00 6.091171298774e+00
   endloop
 endfacet
 facet normal 0.000000000000e+00 -1.000000000000e+00 0.000000000000e+00
   outer loop
     vertex -1.011804760539e+01 6.500000000000e+00 8.922399050007e+00
     vertex -9.859774759649e+00 6.500000000000e+00 7.539500900586e+00
     vertex -9.656546322101e+00 6.500000000000e+00 7.588803586069e+00
   endloop
 endfacet
 facet normal 0.000000000000e+00 -1.000000000000e+00 -0.000000000000e+00
   outer loop
     vertex -1.011804760539e+01 6.500000000000e+00 8.922399050007e+00
     vertex -1.041501534816e+01 6.500000000000e+00 8.826531089977e+00
     vertex -9.859774759649e+00 6.500000000000e+00 7.539500900586e+00
   endloop
 endfacet
 facet normal -0.000000000000e+00 -1.000000000000e+00 0.000000000000e+00
   outer loop
     vertex -7.039442022544e+00 6.500000000000e+00 6.057671570464e+00
     vertex -8.419878433011e+00 6.500000000000e+00 6.291823631204e+00
     vertex -7.113716152909e+00 6.500000000000e+00 5.754581056644e+00
   endloop
 endfacet
 facet normal 0.000000000000e+00 -1.000000000000e+00 -0.000000000000e+00
   outer loop
     vertex -9.811450136444e+00 6.500000000000e+00 8.980523898798e+00
     vertex -1.011804760539e+01 6.500000000000e+00 8.922399050007e+00
     vertex -9.656546322101e+00 6.500000000000e+00 7.588803586069e+00
   endloop
 endfacet
 facet normal -0.000000000000e+00 -1.000000000000e+00 0.000000000000e+00
   outer loop
     vertex -7.003505553124e+00 6.500000000000e+00 6.367653950891e+00
     vertex -8.400000000000e+00 6.500000000000e+00 6.500000000000e+00
     vertex -8.419878433011e+00 6.500000000000e+00 6.291823631204e+00
   endloop
 endfacet
 facet normal 0.000000000000e+00 -1.000000000000e+00 0.000000000000e+00
   outer loop
     vertex -7.003505553124e+00 6.500000000000e+00 6.367653950891e+00
     vertex -8.419878433011e+00 6.500000000000e+00 6.291823631204e+00
     vertex -7.039442022544e+00 6.500000000000e+00 6.057671570464e+00
   endloop
 endfacet
 facet normal 0.000000000000e+00 -1.000000000000e+00 0.000000000000e+00
   outer loop
     vertex -9.500000000000e+00 6.500000000000e+00 9.000000000000e+00
     vertex -9.811450136444e+00 6.500000000000e+00 8.980523898798e+00
     vertex -9.656546322101e+00 6.500000000000e+00 7.588803586069e+00
   endloop
 endfacet
 facet normal 0.000000000000e+00 -1.000000000000e+00 -0.000000000000e+00
   outer loop
     vertex -9.500000000000e+00 6.500000000000e+00 9.000000000000e+00
     vertex -9.656546322101e+00 6.500000000000e+00 7.588803586069e+00
     vertex -9.447659892594e+00 6.500000000000e+00 7.598754073101e+00
   endloop
 endfacet
 facet normal -0.000000000000e+00 -1.000000000000e+00 0.000000000000e+00
   outer loop
     vertex -7.006466666501e+00 6.500000000000e+00 6.679698399354e+00
     vertex -8.419878433011e+00 6.500000000000e+00 6.708176368796e+00
     vertex -8.400000000000e+00 6.500000000000e+00 6.500000000000e+00
   endloop
 endfacet
 facet normal 0.000000000000e+00 -1.000000000000e+00 -0.000000000000e+00
   outer loop
     vertex -7.006466666501e+00 6.500000000000e+00 6.679698399354e+00
     vertex -8.400000000000e+00 6.500000000000e+00 6.500000000000e+00
     vertex -7.003505553124e+00 6.500000000000e+00 6.367653950891e+00
   endloop
 endfacet
 facet normal -0.000000000000e+00 -1.000000000000e+00 0.000000000000e+00
   outer loop
     vertex -9.188549863556e+00 6.500000000000e+00 8.980523898798e+00
     vertex -9.500000000000e+00 6.500000000000e+00 9.000000000000e+00
     vertex -9.447659892594e+00 6.500000000000e+00 7.598754073101e+00
   endloop
 endfacet
 facet normal 0.000000000000e+00 -1.000000000000e+00 0.000000000000e+00
   outer loop
     vertex -9.188549863556e+00 6.500000000000e+00 8.980523898798e+00
     vertex -9.447659892594e+00 6.500000000000e+00 7.598754073101e+00
     vertex -9.240665170940e+00 6.500000000000e+00 7.568992725156e+00
   endloop
 endfacet
 facet normal 0.000000000000e+00 -1.000000000000e+00 -0.000000000000e+00
   outer loop
     vertex -7.048279225922e+00 6.500000000000e+00 6.988942988448e+00
     vertex -8.419878433011e+00 6.500000000000e+00 6.708176368796e+00
     vertex -7.006466666501e+00 6.500000000000e+00 6.679698399354e+00
   endloop
 endfacet
 facet normal -0.000000000000e+00 -1.000000000000e+00 0.000000000000e+00
   outer loop
     vertex -8.881952394613e+00 6.500000000000e+00 8.922399050007e+00
     vertex -9.188549863556e+00 6.500000000000e+00 8.980523898798e+00
     vertex -9.240665170940e+00 6.500000000000e+00 7.568992725156e+00
   endloop
 endfacet
 facet normal 0.000000000000e+00 -1.000000000000e+00 -0.000000000000e+00
   outer loop
     vertex -7.128291754874e+00 6.500000000000e+00 7.290569415042e+00
     vertex -8.419878433011e+00 6.500000000000e+00 6.708176368796e+00
     vertex -7.048279225922e+00 6.500000000000e+00 6.988942988448e+00
   endloop
 endfacet
 facet normal 0.000000000000e+00 -1.000000000000e+00 0.000000000000e+00
   outer loop
     vertex -7.128291754874e+00 6.500000000000e+00 7.290569415042e+00
     vertex -8.478795273682e+00 6.500000000000e+00 6.908828701226e+00
     vertex -8.419878433011e+00 6.500000000000e+00 6.708176368796e+00
   endloop
 endfacet
 facet normal -0.000000000000e+00 -1.000000000000e+00 0.000000000000e+00
   outer loop
     vertex -8.584984651838e+00 6.500000000000e+00 8.826531089977e+00
     vertex -8.881952394613e+00 6.500000000000e+00 8.922399050007e+00
     vertex -9.240665170940e+00 6.500000000000e+00 7.568992725156e+00
   endloop
 endfacet
 facet normal 0.000000000000e+00 -1.000000000000e+00 0.000000000000e+00
   outer loop
     vertex -8.584984651838e+00 6.500000000000e+00 8.826531089977e+00
     vertex -9.240665170940e+00 6.500000000000e+00 7.568992725156e+00
     vertex -9.043043485698e+00 6.500000000000e+00 7.500595194890e+00
   endloop
 endfacet
 facet normal 0.000000000000e+00 -1.000000000000e+00 -0.000000000000e+00
   outer loop
     vertex -7.245257587668e+00 6.500000000000e+00 7.579878073689e+00
     vertex -8.478795273682e+00 6.500000000000e+00 6.908828701226e+00
     vertex -7.128291754874e+00 6.500000000000e+00 7.290569415042e+00
   endloop
 endfacet
 facet normal 0.000000000000e+00 -1.000000000000e+00 0.000000000000e+00
   outer loop
     vertex -7.245257587668e+00 6.500000000000e+00 7.579878073689e+00
     vertex -8.574621113886e+00 6.500000000000e+00 7.094704899201e+00
     vertex -8.478795273682e+00 6.500000000000e+00 6.908828701226e+00
   endloop
 endfacet
 facet normal -0.000000000000e+00 -1.000000000000e+00 0.000000000000e+00
   outer loop
     vertex -8.302273654281e+00 6.500000000000e+00 8.694413725980e+00
     vertex -8.584984651838e+00 6.500000000000e+00 8.826531089977e+00
     vertex -9.043043485698e+00 6.500000000000e+00 7.500595194890e+00
   endloop
 endfacet
 facet normal 0.000000000000e+00 -1.000000000000e+00 0.000000000000e+00
   outer loop
     vertex -8.302273654281e+00 6.500000000000e+00 8.694413725980e+00
     vertex -9.043043485698e+00 6.500000000000e+00 7.500595194890e+00
     vertex -8.861937399472e+00 6.500000000000e+00 7.396033547255e+00
   endloop
 endfacet
 facet normal 0.000000000000e+00 -1.000000000000e+00 -0.000000000000e+00
   outer loop
     vertex -7.397354293588e+00 6.500000000000e+00 7.852361280616e+00
     vertex -8.574621113886e+00 6.500000000000e+00 7.094704899201e+00
     vertex -7.245257587668e+00 6.500000000000e+00 7.579878073689e+00
   endloop
 endfacet
 facet normal -0.000000000000e+00 -1.000000000000e+00 0.000000000000e+00
   outer loop
     vertex -8.038224288341e+00 6.500000000000e+00 8.528105462939e+00
     vertex -8.302273654281e+00 6.500000000000e+00 8.694413725980e+00
     vertex -8.861937399472e+00 6.500000000000e+00 7.396033547255e+00
   endloop
 endfacet
 facet normal 0.000000000000e+00 -1.000000000000e+00 -0.000000000000e+00
   outer loop
     vertex -7.582212071964e+00 6.500000000000e+00 8.103773507413e+00
     vertex -8.574621113886e+00 6.500000000000e+00 7.094704899201e+00
     vertex -7.397354293588e+00 6.500000000000e+00 7.852361280616e+00
   endloop
 endfacet
 facet normal 0.000000000000e+00 -1.000000000000e+00 0.000000000000e+00
   outer loop
     vertex -7.582212071964e+00 6.500000000000e+00 8.103773507413e+00
     vertex -8.703892558084e+00 6.500000000000e+00 7.259086912630e+00
     vertex -8.574621113886e+00 6.500000000000e+00 7.094704899201e+00
   endloop
 endfacet
 facet normal -0.000000000000e+00 -1.000000000000e+00 0.000000000000e+00
   outer loop
     vertex -7.796950675756e+00 6.500000000000e+00 8.330197530102e+00
     vertex -8.038224288341e+00 6.500000000000e+00 8.528105462939e+00
     vertex -8.861937399472e+00 6.500000000000e+00 7.396033547255e+00
   endloop
 endfacet
 facet normal 0.000000000000e+00 -1.000000000000e+00 -0.000000000000e+00
   outer loop
     vertex -7.796950675756e+00 6.500000000000e+00 8.330197530102e+00
     vertex -8.703892558084e+00 6.500000000000e+00 7.259086912630e+00
     vertex -7.582212071964e+00 6.500000000000e+00 8.103773507413e+00
   endloop
 endfacet
 facet normal 0.000000000000e+00 -1.000000000000e+00 0.000000000000e+00
   outer loop
     vertex -7.796950675756e+00 6.500000000000e+00 8.330197530102e+00
     vertex -8.861937399472e+00 6.500000000000e+00 7.396033547255e+00
     vertex -8.703892558084e+00 6.500000000000e+00 7.259086912630e+00
   endloop
 endfacet
 facet normal 1.000000000000e+00 0.000000000000e+00 0.000000000000e+00
   outer loop
     vertex -7.000000000000e+00 -9.500000000000e+00 2.000000000000e+00
     vertex -7.000000000000e+00 -6.500000000000e+00 2.000000000000e+00
     vertex -7.000000000000e+00 -6.500000000000e+00 3.000000000000e+00
   endloop
 endfacet
 facet normal 1.000000000000e+00 0.000000000000e+00 0.000000000000e+00
   outer loop
     vertex -7.000000000000e+00 -9.500000000000e+00 2.000000000000e+00
     vertex -7.000000000000e+00 -6.500000000000e+00 3.000000000000e+00
     vertex -7.000000000000e+00 -9.500000000000e+00 3.000000000000e+00
   endloop
 endfacet
 facet normal 0.000000000000e+00 -1.000000000000e+00 0.000000000000e+00
   outer loop
     vertex 1.020710678119e+01 -6.400000000000e+00 5.792893218813e+00
     vertex 1.100000000000e+01 -6.400000000000e+00 4.500000000000e+00
     vertex 1.123747444843e+01 -6.400000000000e+00 4.702450962828e+00
   endloop
 endfacet
 facet normal 0.000000000000e+00 -1.000000000000e+00 0.000000000000e+00
   outer loop
     vertex 1.020710678119e+01 -6.400000000000e+00 5.792893218813e+00
     vertex 1.123747444843e+01 -6.400000000000e+00 4.702450962828e+00
     vertex 1.144787751431e+01 -6.400000000000e+00 4.932909323227e+00
   endloop
 endfacet
 facet normal 0.000000000000e+00 -1.000000000000e+00 0.000000000000e+00
   outer loop
     vertex 1.005557023302e+01 -6.400000000000e+00 5.668530387697e+00
     vertex 1.100000000000e+01 -6.400000000000e+00 4.500000000000e+00
     vertex 1.020710678119e+01 -6.400000000000e+00 5.792893218813e+00
   endloop
 endfacet
 facet normal 0.000000000000e+00 -1.000000000000e+00 0.000000000000e+00
   outer loop
     vertex 1.033146961230e+01 -6.400000000000e+00 5.944429766980e+00
     vertex 1.144787751431e+01 -6.400000000000e+00 4.932909323227e+00
     vertex 1.162793093252e+01 -6.400000000000e+00 5.187784336916e+00
   endloop
 endfacet
 facet normal 0.000000000000e+00 -1.000000000000e+00 -0.000000000000e+00
   outer loop
     vertex 1.033146961230e+01 -6.400000000000e+00 5.944429766980e+00
     vertex 1.020710678119e+01 -6.400000000000e+00 5.792893218813e+00
     vertex 1.144787751431e+01 -6.400000000000e+00 4.932909323227e+00
   endloop
 endfacet
 facet normal 0.000000000000e+00 -1.000000000000e+00 0.000000000000e+00
   outer loop
     vertex 9.882683432365e+00 -6.400000000000e+00 5.576120467489e+00
     vertex 1.100000000000e+01 -6.400000000000e+00 4.500000000000e+00
     vertex 1.005557023302e+01 -6.400000000000e+00 5.668530387697e+00
   endloop
 endfacet
 facet normal 0.000000000000e+00 -1.000000000000e+00 0.000000000000e+00
   outer loop
     vertex 1.042387953251e+01 -6.400000000000e+00 6.117316567635e+00
     vertex 1.162793093252e+01 -6.400000000000e+00 5.187784336916e+00
     vertex 1.177482931216e+01 -6.400000000000e+00 5.463104826647e+00
   endloop
 endfacet
 facet normal 0.000000000000e+00 -1.000000000000e+00 0.000000000000e+00
   outer loop
     vertex 1.042387953251e+01 -6.400000000000e+00 6.117316567635e+00
     vertex 1.177482931216e+01 -6.400000000000e+00 5.463104826647e+00
     vertex 1.188628384709e+01 -6.400000000000e+00 5.754581056644e+00
   endloop
 endfacet
 facet normal 0.000000000000e+00 -1.000000000000e+00 -0.000000000000e+00
   outer loop
     vertex 1.042387953251e+01 -6.400000000000e+00 6.117316567635e+00
     vertex 1.033146961230e+01 -6.400000000000e+00 5.944429766980e+00
     vertex 1.162793093252e+01 -6.400000000000e+00 5.187784336916e+00
   endloop
 endfacet
 facet normal 0.000000000000e+00 -1.000000000000e+00 0.000000000000e+00
   outer loop
     vertex 9.695090322016e+00 -6.400000000000e+00 5.519214719597e+00
     vertex 1.100000000000e+01 -6.400000000000e+00 4.500000000000e+00
     vertex 9.882683432365e+00 -6.400000000000e+00 5.576120467489e+00
   endloop
 endfacet
 facet normal 0.000000000000e+00 -1.000000000000e+00 0.000000000000e+00
   outer loop
     vertex 1.048078528040e+01 -6.400000000000e+00 6.304909677984e+00
     vertex 1.188628384709e+01 -6.400000000000e+00 5.754581056644e+00
     vertex 1.196055797746e+01 -6.400000000000e+00 6.057671570464e+00
   endloop
 endfacet
 facet normal 0.000000000000e+00 -1.000000000000e+00 0.000000000000e+00
   outer loop
     vertex 1.048078528040e+01 -6.400000000000e+00 6.304909677984e+00
     vertex 1.196055797746e+01 -6.400000000000e+00 6.057671570464e+00
     vertex 1.199649444688e+01 -6.400000000000e+00 6.367653950891e+00
   endloop
 endfacet
 facet normal 0.000000000000e+00 -1.000000000000e+00 -0.000000000000e+00
   outer loop
     vertex 1.048078528040e+01 -6.400000000000e+00 6.304909677984e+00
     vertex 1.042387953251e+01 -6.400000000000e+00 6.117316567635e+00
     vertex 1.188628384709e+01 -6.400000000000e+00 5.754581056644e+00
   endloop
 endfacet
 facet normal 0.000000000000e+00 -1.000000000000e+00 0.000000000000e+00
   outer loop
     vertex 9.500000000000e+00 -6.400000000000e+00 5.500000000000e+00
     vertex 1.100000000000e+01 -6.400000000000e+00 4.500000000000e+00
     vertex 9.695090322016e+00 -6.400000000000e+00 5.519214719597e+00
   endloop
 endfacet
 facet normal 0.000000000000e+00 -1.000000000000e+00 0.000000000000e+00
   outer loop
     vertex 9.500000000000e+00 -6.400000000000e+00 5.500000000000e+00
     vertex 1.100000000000e+01 -6.400000000000e+00 3.500000000000e+00
     vertex 1.100000000000e+01 -6.400000000000e+00 4.500000000000e+00
   endloop
 endfacet
 facet normal 0.000000000000e+00 -1.000000000000e+00 0.000000000000e+00
   outer loop
     vertex 8.000000000000e+00 -6.400000000000e+00 4.000000000000e+00
     vertex 1.100000000000e+01 -6.400000000000e+00 3.500000000000e+00
     vertex 9.500000000000e+00 -6.400000000000e+00 5.500000000000e+00
   endloop
 endfacet
 facet normal 0.000000000000e+00 -1.000000000000e+00 0.000000000000e+00
   outer loop
     vertex 8.000000000000e+00 -6.400000000000e+00 4.000000000000e+00
     vertex 9.500000000000e+00 -6.400000000000e+00 2.000000000000e+00
     vertex 1.100000000000e+01 -6.400000000000e+00 3.500000000000e+00
   endloop
 endfacet
 facet normal 0.000000000000e+00 -1.000000000000e+00 0.000000000000e+00
   outer loop
     vertex 7.000000000000e+00 -6.400000000000e+00 3.000000000000e+00
     vertex 9.500000000000e+00 -6.400000000000e+00 2.000000000000e+00
     vertex 8.000000000000e+00 -6.400000000000e+00 4.000000000000e+00
   endloop
 endfacet
 facet normal 0.000000000000e+00 -1.000000000000e+00 0.000000000000e+00
   outer loop
     vertex 7.000000000000e+00 -6.400000000000e+00 3.000000000000e+00
     vertex 7.000000000000e+00 -6.400000000000e+00 2.000000000000e+00
     vertex 9.500000000000e+00 -6.400000000000e+00 2.000000000000e+00
   endloop
 endfacet
 facet normal 0.000000000000e+00 -1.000000000000e+00 0.000000000000e+00
   outer loop
     vertex 1.050000000000e+01 -6.400000000000e+00 6.500000000000e+00
     vertex 1.199649444688e+01 -6.400000000000e+00 6.367653950891e+00
     vertex 1.199353333350e+01 -6.400000000000e+00 6.679698399354e+00
   endloop
 endfacet
 facet normal 0.000000000000e+00 -1.000000000000e+00 -0.000000000000e+00
   outer loop
     vertex 1.050000000000e+01 -6.400000000000e+00 6.500000000000e+00
     vertex 1.048078528040e+01 -6.400000000000e+00 6.304909677984e+00
     vertex 1.199649444688e+01 -6.400000000000e+00 6.367653950891e+00
   endloop
 endfacet
 facet normal 0.000000000000e+00 -1.000000000000e+00 -0.000000000000e+00
   outer loop
     vertex 9.304909677984e+00 -6.400000000000e+00 5.519214719597e+00
     vertex 8.000000000000e+00 -6.400000000000e+00 4.000000000000e+00
     vertex 9.500000000000e+00 -6.400000000000e+00 5.500000000000e+00
   endloop
 endfacet
 facet normal 0.000000000000e+00 -1.000000000000e+00 0.000000000000e+00
   outer loop
     vertex 1.048078528040e+01 -6.400000000000e+00 6.695090322016e+00
     vertex 1.199353333350e+01 -6.400000000000e+00 6.679698399354e+00
     vertex 1.195172077408e+01 -6.400000000000e+00 6.988942988448e+00
   endloop
 endfacet
 facet normal 0.000000000000e+00 -1.000000000000e+00 0.000000000000e+00
   outer loop
     vertex 1.048078528040e+01 -6.400000000000e+00 6.695090322016e+00
     vertex 1.195172077408e+01 -6.400000000000e+00 6.988942988448e+00
     vertex 1.187170824513e+01 -6.400000000000e+00 7.290569415042e+00
   endloop
 endfacet
 facet normal 0.000000000000e+00 -1.000000000000e+00 0.000000000000e+00
   outer loop
     vertex 1.048078528040e+01 -6.400000000000e+00 6.695090322016e+00
     vertex 1.050000000000e+01 -6.400000000000e+00 6.500000000000e+00
     vertex 1.199353333350e+01 -6.400000000000e+00 6.679698399354e+00
   endloop
 endfacet
 facet normal 0.000000000000e+00 -1.000000000000e+00 0.000000000000e+00
   outer loop
     vertex 1.042387953251e+01 -6.400000000000e+00 6.882683432365e+00
     vertex 1.048078528040e+01 -6.400000000000e+00 6.695090322016e+00
     vertex 1.187170824513e+01 -6.400000000000e+00 7.290569415042e+00
   endloop
 endfacet
 facet normal 0.000000000000e+00 -1.000000000000e+00 0.000000000000e+00
   outer loop
     vertex 1.042387953251e+01 -6.400000000000e+00 6.882683432365e+00
     vertex 1.187170824513e+01 -6.400000000000e+00 7.290569415042e+00
     vertex 1.175474241233e+01 -6.400000000000e+00 7.579878073689e+00
   endloop
 endfacet
 facet normal 0.000000000000e+00 -1.000000000000e+00 -0.000000000000e+00
   outer loop
     vertex 8.000000000000e+00 -6.400000000000e+00 4.500000000000e+00
     vertex 8.000000000000e+00 -6.400000000000e+00 4.000000000000e+00
     vertex 9.304909677984e+00 -6.400000000000e+00 5.519214719597e+00
   endloop
 endfacet
 facet normal 0.000000000000e+00 -1.000000000000e+00 0.000000000000e+00
   outer loop
     vertex 8.000000000000e+00 -6.400000000000e+00 4.500000000000e+00
     vertex 9.304909677984e+00 -6.400000000000e+00 5.519214719597e+00
     vertex 9.117316567635e+00 -6.400000000000e+00 5.576120467489e+00
   endloop
 endfacet
 facet normal 0.000000000000e+00 -1.000000000000e+00 -0.000000000000e+00
   outer loop
     vertex 8.944429766980e+00 -6.400000000000e+00 5.668530387697e+00
     vertex 8.000000000000e+00 -6.400000000000e+00 4.500000000000e+00
     vertex 9.117316567635e+00 -6.400000000000e+00 5.576120467489e+00
   endloop
 endfacet
 facet normal 0.000000000000e+00 -1.000000000000e+00 0.000000000000e+00
   outer loop
     vertex 1.033146961230e+01 -6.400000000000e+00 7.055570233020e+00
     vertex 1.175474241233e+01 -6.400000000000e+00 7.579878073689e+00
     vertex 1.160264570641e+01 -6.400000000000e+00 7.852361280616e+00
   endloop
 endfacet
 facet normal 0.000000000000e+00 -1.000000000000e+00 0.000000000000e+00
   outer loop
     vertex 1.033146961230e+01 -6.400000000000e+00 7.055570233020e+00
     vertex 1.160264570641e+01 -6.400000000000e+00 7.852361280616e+00
     vertex 1.141778792804e+01 -6.400000000000e+00 8.103773507413e+00
   endloop
 endfacet
 facet normal 0.000000000000e+00 -1.000000000000e+00 0.000000000000e+00
   outer loop
     vertex 1.033146961230e+01 -6.400000000000e+00 7.055570233020e+00
     vertex 1.042387953251e+01 -6.400000000000e+00 6.882683432365e+00
     vertex 1.175474241233e+01 -6.400000000000e+00 7.579878073689e+00
   endloop
 endfacet
 facet normal 0.000000000000e+00 -1.000000000000e+00 -0.000000000000e+00
   outer loop
     vertex 8.792893218813e+00 -6.400000000000e+00 5.792893218813e+00
     vertex 8.000000000000e+00 -6.400000000000e+00 4.500000000000e+00
     vertex 8.944429766980e+00 -6.400000000000e+00 5.668530387697e+00
   endloop
 endfacet
 facet normal 0.000000000000e+00 -1.000000000000e+00 0.000000000000e+00
   outer loop
     vertex 8.792893218813e+00 -6.400000000000e+00 5.792893218813e+00
     vertex 7.762525551566e+00 -6.400000000000e+00 4.702450962828e+00
     vertex 8.000000000000e+00 -6.400000000000e+00 4.500000000000e+00
   endloop
 endfacet
 facet normal 0.000000000000e+00 -1.000000000000e+00 0.000000000000e+00
   outer loop
     vertex 1.020710678119e+01 -6.400000000000e+00 7.207106781187e+00
     vertex 1.033146961230e+01 -6.400000000000e+00 7.055570233020e+00
     vertex 1.141778792804e+01 -6.400000000000e+00 8.103773507413e+00
   endloop
 endfacet
 facet normal 0.000000000000e+00 -1.000000000000e+00 -0.000000000000e+00
   outer loop
     vertex 1.120304932424e+01 -6.400000000000e+00 8.330197530102e+00
     vertex 1.020710678119e+01 -6.400000000000e+00 7.207106781187e+00
     vertex 1.141778792804e+01 -6.400000000000e+00 8.103773507413e+00
   endloop
 endfacet
 facet normal 0.000000000000e+00 -1.000000000000e+00 0.000000000000e+00
   outer loop
     vertex 1.005557023302e+01 -6.400000000000e+00 7.331469612303e+00
     vertex 1.020710678119e+01 -6.400000000000e+00 7.207106781187e+00
     vertex 1.120304932424e+01 -6.400000000000e+00 8.330197530102e+00
   endloop
 endfacet
 facet normal 0.000000000000e+00 -1.000000000000e+00 0.000000000000e+00
   outer loop
     vertex 7.552122485686e+00 -6.400000000000e+00 4.932909323227e+00
     vertex 7.762525551566e+00 -6.400000000000e+00 4.702450962828e+00
     vertex 8.792893218813e+00 -6.400000000000e+00 5.792893218813e+00
   endloop
 endfacet
 facet normal 0.000000000000e+00 -1.000000000000e+00 0.000000000000e+00
   outer loop
     vertex 7.552122485686e+00 -6.400000000000e+00 4.932909323227e+00
     vertex 8.792893218813e+00 -6.400000000000e+00 5.792893218813e+00
     vertex 8.668530387697e+00 -6.400000000000e+00 5.944429766980e+00
   endloop
 endfacet
 facet normal 0.000000000000e+00 -1.000000000000e+00 -0.000000000000e+00
   outer loop
     vertex 1.096177571166e+01 -6.400000000000e+00 8.528105462939e+00
     vertex 1.005557023302e+01 -6.400000000000e+00 7.331469612303e+00
     vertex 1.120304932424e+01 -6.400000000000e+00 8.330197530102e+00
   endloop
 endfacet
 facet normal 0.000000000000e+00 -1.000000000000e+00 0.000000000000e+00
   outer loop
     vertex 7.372069067484e+00 -6.400000000000e+00 5.187784336916e+00
     vertex 8.668530387697e+00 -6.400000000000e+00 5.944429766980e+00
     vertex 8.576120467489e+00 -6.400000000000e+00 6.117316567635e+00
   endloop
 endfacet
 facet normal 0.000000000000e+00 -1.000000000000e+00 0.000000000000e+00
   outer loop
     vertex 7.372069067484e+00 -6.400000000000e+00 5.187784336916e+00
     vertex 7.552122485686e+00 -6.400000000000e+00 4.932909323227e+00
     vertex 8.668530387697e+00 -6.400000000000e+00 5.944429766980e+00
   endloop
 endfacet
 facet normal 0.000000000000e+00 -1.000000000000e+00 0.000000000000e+00
   outer loop
     vertex 1.069772634572e+01 -6.400000000000e+00 8.694413725980e+00
     vertex 9.882683432365e+00 -6.400000000000e+00 7.423879532511e+00
     vertex 1.005557023302e+01 -6.400000000000e+00 7.331469612303e+00
   endloop
 endfacet
 facet normal 0.000000000000e+00 -1.000000000000e+00 -0.000000000000e+00
   outer loop
     vertex 1.069772634572e+01 -6.400000000000e+00 8.694413725980e+00
     vertex 1.005557023302e+01 -6.400000000000e+00 7.331469612303e+00
     vertex 1.096177571166e+01 -6.400000000000e+00 8.528105462939e+00
   endloop
 endfacet
 facet normal 0.000000000000e+00 -1.000000000000e+00 0.000000000000e+00
   outer loop
     vertex 7.225170687837e+00 -6.400000000000e+00 5.463104826647e+00
     vertex 7.372069067484e+00 -6.400000000000e+00 5.187784336916e+00
     vertex 8.576120467489e+00 -6.400000000000e+00 6.117316567635e+00
   endloop
 endfacet
 facet normal 0.000000000000e+00 -1.000000000000e+00 -0.000000000000e+00
   outer loop
     vertex 1.041501534816e+01 -6.400000000000e+00 8.826531089977e+00
     vertex 9.882683432365e+00 -6.400000000000e+00 7.423879532511e+00
     vertex 1.069772634572e+01 -6.400000000000e+00 8.694413725980e+00
   endloop
 endfacet
 facet normal 0.000000000000e+00 -1.000000000000e+00 0.000000000000e+00
   outer loop
     vertex 7.113716152909e+00 -6.400000000000e+00 5.754581056644e+00
     vertex 7.225170687837e+00 -6.400000000000e+00 5.463104826647e+00
     vertex 8.576120467489e+00 -6.400000000000e+00 6.117316567635e+00
   endloop
 endfacet
 facet normal 0.000000000000e+00 -1.000000000000e+00 0.000000000000e+00
   outer loop
     vertex 7.113716152909e+00 -6.400000000000e+00 5.754581056644e+00
     vertex 8.576120467489e+00 -6.400000000000e+00 6.117316567635e+00
     vertex 8.519214719597e+00 -6.400000000000e+00 6.304909677984e+00
   endloop
 endfacet
 facet normal 0.000000000000e+00 -1.000000000000e+00 0.000000000000e+00
   outer loop
     vertex 1.011804760539e+01 -6.400000000000e+00 8.922399050007e+00
     vertex 9.695090322016e+00 -6.400000000000e+00 7.480785280403e+00
     vertex 9.882683432365e+00 -6.400000000000e+00 7.423879532511e+00
   endloop
 endfacet
 facet normal 0.000000000000e+00 -1.000000000000e+00 -0.000000000000e+00
   outer loop
     vertex 1.011804760539e+01 -6.400000000000e+00 8.922399050007e+00
     vertex 9.882683432365e+00 -6.400000000000e+00 7.423879532511e+00
     vertex 1.041501534816e+01 -6.400000000000e+00 8.826531089977e+00
   endloop
 endfacet
 facet normal 0.000000000000e+00 -1.000000000000e+00 0.000000000000e+00
   outer loop
     vertex 7.039442022544e+00 -6.400000000000e+00 6.057671570464e+00
     vertex 7.113716152909e+00 -6.400000000000e+00 5.754581056644e+00
     vertex 8.519214719597e+00 -6.400000000000e+00 6.304909677984e+00
   endloop
 endfacet
 facet normal 0.000000000000e+00 -1.000000000000e+00 -0.000000000000e+00
   outer loop
     vertex 9.811450136444e+00 -6.400000000000e+00 8.980523898798e+00
     vertex 9.695090322016e+00 -6.400000000000e+00 7.480785280403e+00
     vertex 1.011804760539e+01 -6.400000000000e+00 8.922399050007e+00
   endloop
 endfacet
 facet normal 0.000000000000e+00 -1.000000000000e+00 0.000000000000e+00
   outer loop
     vertex 9.811450136444e+00 -6.400000000000e+00 8.980523898798e+00
     vertex 9.500000000000e+00 -6.400000000000e+00 7.500000000000e+00
     vertex 9.695090322016e+00 -6.400000000000e+00 7.480785280403e+00
   endloop
 endfacet
 facet normal 0.000000000000e+00 -1.000000000000e+00 0.000000000000e+00
   outer loop
     vertex 7.003505553124e+00 -6.400000000000e+00 6.367653950891e+00
     vertex 8.519214719597e+00 -6.400000000000e+00 6.304909677984e+00
     vertex 8.500000000000e+00 -6.400000000000e+00 6.500000000000e+00
   endloop
 endfacet
 facet normal 0.000000000000e+00 -1.000000000000e+00 0.000000000000e+00
   outer loop
     vertex 7.003505553124e+00 -6.400000000000e+00 6.367653950891e+00
     vertex 7.039442022544e+00 -6.400000000000e+00 6.057671570464e+00
     vertex 8.519214719597e+00 -6.400000000000e+00 6.304909677984e+00
   endloop
 endfacet
 facet normal 0.000000000000e+00 -1.000000000000e+00 -0.000000000000e+00
   outer loop
     vertex 9.500000000000e+00 -6.400000000000e+00 9.000000000000e+00
     vertex 9.500000000000e+00 -6.400000000000e+00 7.500000000000e+00
     vertex 9.811450136444e+00 -6.400000000000e+00 8.980523898798e+00
   endloop
 endfacet
 facet normal 0.000000000000e+00 -1.000000000000e+00 -0.000000000000e+00
   outer loop
     vertex 7.006466666501e+00 -6.400000000000e+00 6.679698399354e+00
     vertex 7.003505553124e+00 -6.400000000000e+00 6.367653950891e+00
     vertex 8.500000000000e+00 -6.400000000000e+00 6.500000000000e+00
   endloop
 endfacet
 facet normal 0.000000000000e+00 -1.000000000000e+00 0.000000000000e+00
   outer loop
     vertex 7.006466666501e+00 -6.400000000000e+00 6.679698399354e+00
     vertex 8.500000000000e+00 -6.400000000000e+00 6.500000000000e+00
     vertex 8.519214719597e+00 -6.400000000000e+00 6.695090322016e+00
   endloop
 endfacet
 facet normal 0.000000000000e+00 -1.000000000000e+00 0.000000000000e+00
   outer loop
     vertex 9.188549863556e+00 -6.400000000000e+00 8.980523898798e+00
     vertex 9.304909677984e+00 -6.400000000000e+00 7.480785280403e+00
     vertex 9.500000000000e+00 -6.400000000000e+00 7.500000000000e+00
   endloop
 endfacet
 facet normal 0.000000000000e+00 -1.000000000000e+00 0.000000000000e+00
   outer loop
     vertex 9.188549863556e+00 -6.400000000000e+00 8.980523898798e+00
     vertex 9.500000000000e+00 -6.400000000000e+00 7.500000000000e+00
     vertex 9.500000000000e+00 -6.400000000000e+00 9.000000000000e+00
   endloop
 endfacet
 facet normal 0.000000000000e+00 -1.000000000000e+00 -0.000000000000e+00
   outer loop
     vertex 7.048279225922e+00 -6.400000000000e+00 6.988942988448e+00
     vertex 7.006466666501e+00 -6.400000000000e+00 6.679698399354e+00
     vertex 8.519214719597e+00 -6.400000000000e+00 6.695090322016e+00
   endloop
 endfacet
 facet normal 0.000000000000e+00 -1.000000000000e+00 0.000000000000e+00
   outer loop
     vertex 8.881952394613e+00 -6.400000000000e+00 8.922399050007e+00
     vertex 9.304909677984e+00 -6.400000000000e+00 7.480785280403e+00
     vertex 9.188549863556e+00 -6.400000000000e+00 8.980523898798e+00
   endloop
 endfacet
 facet normal 0.000000000000e+00 -1.000000000000e+00 0.000000000000e+00
   outer loop
     vertex 8.881952394613e+00 -6.400000000000e+00 8.922399050007e+00
     vertex 9.117316567635e+00 -6.400000000000e+00 7.423879532511e+00
     vertex 9.304909677984e+00 -6.400000000000e+00 7.480785280403e+00
   endloop
 endfacet
 facet normal 0.000000000000e+00 -1.000000000000e+00 -0.000000000000e+00
   outer loop
     vertex 7.128291754874e+00 -6.400000000000e+00 7.290569415042e+00
     vertex 7.048279225922e+00 -6.400000000000e+00 6.988942988448e+00
     vertex 8.519214719597e+00 -6.400000000000e+00 6.695090322016e+00
   endloop
 endfacet
 facet normal 0.000000000000e+00 -1.000000000000e+00 0.000000000000e+00
   outer loop
     vertex 7.128291754874e+00 -6.400000000000e+00 7.290569415042e+00
     vertex 8.519214719597e+00 -6.400000000000e+00 6.695090322016e+00
     vertex 8.576120467489e+00 -6.400000000000e+00 6.882683432365e+00
   endloop
 endfacet
 facet normal 0.000000000000e+00 -1.000000000000e+00 0.000000000000e+00
   outer loop
     vertex 8.584984651838e+00 -6.400000000000e+00 8.826531089977e+00
     vertex 9.117316567635e+00 -6.400000000000e+00 7.423879532511e+00
     vertex 8.881952394613e+00 -6.400000000000e+00 8.922399050007e+00
   endloop
 endfacet
 facet normal 0.000000000000e+00 -1.000000000000e+00 -0.000000000000e+00
   outer loop
     vertex 7.245257587668e+00 -6.400000000000e+00 7.579878073689e+00
     vertex 7.128291754874e+00 -6.400000000000e+00 7.290569415042e+00
     vertex 8.576120467489e+00 -6.400000000000e+00 6.882683432365e+00
   endloop
 endfacet
 facet normal 0.000000000000e+00 -1.000000000000e+00 0.000000000000e+00
   outer loop
     vertex 7.245257587668e+00 -6.400000000000e+00 7.579878073689e+00
     vertex 8.576120467489e+00 -6.400000000000e+00 6.882683432365e+00
     vertex 8.668530387697e+00 -6.400000000000e+00 7.055570233020e+00
   endloop
 endfacet
 facet normal 0.000000000000e+00 -1.000000000000e+00 0.000000000000e+00
   outer loop
     vertex 8.302273654281e+00 -6.400000000000e+00 8.694413725980e+00
     vertex 9.117316567635e+00 -6.400000000000e+00 7.423879532511e+00
     vertex 8.584984651838e+00 -6.400000000000e+00 8.826531089977e+00
   endloop
 endfacet
 facet normal 0.000000000000e+00 -1.000000000000e+00 0.000000000000e+00
   outer loop
     vertex 8.302273654281e+00 -6.400000000000e+00 8.694413725980e+00
     vertex 8.944429766980e+00 -6.400000000000e+00 7.331469612303e+00
     vertex 9.117316567635e+00 -6.400000000000e+00 7.423879532511e+00
   endloop
 endfacet
 facet normal 0.000000000000e+00 -1.000000000000e+00 -0.000000000000e+00
   outer loop
     vertex 7.397354293588e+00 -6.400000000000e+00 7.852361280616e+00
     vertex 7.245257587668e+00 -6.400000000000e+00 7.579878073689e+00
     vertex 8.668530387697e+00 -6.400000000000e+00 7.055570233020e+00
   endloop
 endfacet
 facet normal 0.000000000000e+00 -1.000000000000e+00 0.000000000000e+00
   outer loop
     vertex 8.038224288341e+00 -6.400000000000e+00 8.528105462939e+00
     vertex 8.944429766980e+00 -6.400000000000e+00 7.331469612303e+00
     vertex 8.302273654281e+00 -6.400000000000e+00 8.694413725980e+00
   endloop
 endfacet
 facet normal 0.000000000000e+00 -1.000000000000e+00 -0.000000000000e+00
   outer loop
     vertex 7.582212071964e+00 -6.400000000000e+00 8.103773507413e+00
     vertex 7.397354293588e+00 -6.400000000000e+00 7.852361280616e+00
     vertex 8.668530387697e+00 -6.400000000000e+00 7.055570233020e+00
   endloop
 endfacet
 facet normal 0.000000000000e+00 -1.000000000000e+00 0.000000000000e+00
   outer loop
     vertex 7.582212071964e+00 -6.400000000000e+00 8.103773507413e+00
     vertex 8.668530387697e+00 -6.400000000000e+00 7.055570233020e+00
     vertex 8.792893218813e+00 -6.400000000000e+00 7.207106781187e+00
   endloop
 endfacet
 facet normal 0.000000000000e+00 -1.000000000000e+00 0.000000000000e+00
   outer loop
     vertex 7.796950675756e+00 -6.400000000000e+00 8.330197530102e+00
     vertex 8.944429766980e+00 -6.400000000000e+00 7.331469612303e+00
     vertex 8.038224288341e+00 -6.400000000000e+00 8.528105462939e+00
   endloop
 endfacet
 facet normal 0.000000000000e+00 -1.000000000000e+00 -0.000000000000e+00
   outer loop
     vertex 7.796950675756e+00 -6.400000000000e+00 8.330197530102e+00
     vertex 7.582212071964e+00 -6.400000000000e+00 8.103773507413e+00
     vertex 8.792893218813e+00 -6.400000000000e+00 7.207106781187e+00
   endloop
 endfacet
 facet normal 0.000000000000e+00 -1.000000000000e+00 0.000000000000e+00
   outer loop
     vertex 7.796950675756e+00 -6.400000000000e+00 8.330197530102e+00
     vertex 8.792893218813e+00 -6.400000000000e+00 7.207106781187e+00
     vertex 8.944429766980e+00 -6.400000000000e+00 7.331469612303e+00
   endloop
 endfacet
 facet normal -1.000000000000e+00 0.000000000000e+00 0.000000000000e+00
   outer loop
     vertex 7.000000000000e+00 -5.500000000000e+00 2.000000000000e+00
     vertex 7.000000000000e+00 -3.400000000000e+00 3.000000000000e+00
     vertex 7.000000000000e+00 -3.400000000000e+00 2.000000000000e+00
   endloop
 endfacet
 facet normal -1.000000000000e+00 0.000000000000e+00 0.000000000000e+00
   outer loop
     vertex 7.000000000000e+00 -5.500000000000e+00 2.000000000000e+00
     vertex 7.000000000000e+00 -6.400000000000e+00 3.000000000000e+00
     vertex 7.000000000000e+00 -3.400000000000e+00 3.000000000000e+00
   endloop
 endfacet
 facet normal -1.000000000000e+00 0.000000000000e+00 0.000000000000e+00
   outer loop
     vertex 7.000000000000e+00 -6.400000000000e+00 2.000000000000e+00
     vertex 7.000000000000e+00 -6.400000000000e+00 3.000000000000e+00
     vertex 7.000000000000e+00 -5.500000000000e+00 2.000000000000e+00
   endloop
 endfacet
 facet normal 0.000000000000e+00 1.000000000000e+00 -0.000000000000e+00
   outer loop
     vertex 7.500000000000e+00 -5.500000000000e+00 1.000000000000e+00
     vertex 7.000000000000e+00 -5.500000000000e+00 2.000000000000e+00
     vertex 7.500000000000e+00 -5.500000000000e+00 2.000000000000e+00
   endloop
 endfacet
 facet normal 0.000000000000e+00 1.000000000000e+00 0.000000000000e+00
   outer loop
     vertex 6.900000000000e+00 -5.500000000000e+00 1.000000000000e+00
     vertex 6.900000000000e+00 -5.500000000000e+00 2.000000000000e+00
     vertex 7.000000000000e+00 -5.500000000000e+00 2.000000000000e+00
   endloop
 endfacet
 facet normal 0.000000000000e+00 1.000000000000e+00 0.000000000000e+00
   outer loop
     vertex 6.900000000000e+00 -5.500000000000e+00 1.000000000000e+00
     vertex 7.000000000000e+00 -5.500000000000e+00 2.000000000000e+00
     vertex 7.500000000000e+00 -5.500000000000e+00 1.000000000000e+00
   endloop
 endfacet
 facet normal -1.000000000000e+00 0.000000000000e+00 0.000000000000e+00
   outer loop
     vertex 6.900000000000e+00 5.500000000000e+00 1.000000000000e+00
     vertex 6.900000000000e+00 6.900000000000e+00 2.000000000000e+00
     vertex 6.900000000000e+00 6.900000000000e+00 0.000000000000e+00
   endloop
 endfacet
 facet normal -1.000000000000e+00 0.000000000000e+00 0.000000000000e+00
   outer loop
     vertex 6.900000000000e+00 5.500000000000e+00 1.000000000000e+00
     vertex 6.900000000000e+00 5.500000000000e+00 2.000000000000e+00
     vertex 6.900000000000e+00 6.900000000000e+00 2.000000000000e+00
   endloop
 endfacet
 facet normal -1.000000000000e+00 0.000000000000e+00 0.000000000000e+00
   outer loop
     vertex 6.900000000000e+00 -6.900000000000e+00 2.000000000000e+00
     vertex 6.900000000000e+00 -5.500000000000e+00 2.000000000000e+00
     vertex 6.900000000000e+00 -5.500000000000e+00 1.000000000000e+00
   endloop
 endfacet
 facet normal -1.000000000000e+00 0.000000000000e+00 0.000000000000e+00
   outer loop
     vertex 6.900000000000e+00 -6.900000000000e+00 0.000000000000e+00
     vertex 6.900000000000e+00 -6.900000000000e+00 2.000000000000e+00
     vertex 6.900000000000e+00 -5.500000000000e+00 1.000000000000e+00
   endloop
 endfacet
 facet normal -1.000000000000e+00 0.000000000000e+00 0.000000000000e+00
   outer loop
     vertex 6.900000000000e+00 -6.900000000000e+00 0.000000000000e+00
     vertex 6.900000000000e+00 5.500000000000e+00 1.000000000000e+00
     vertex 6.900000000000e+00 6.900000000000e+00 0.000000000000e+00
   endloop
 endfacet
 facet normal -1.000000000000e+00 0.000000000000e+00 0.000000000000e+00
   outer loop
     vertex 6.900000000000e+00 -6.900000000000e+00 0.000000000000e+00
     vertex 6.900000000000e+00 -5.500000000000e+00 1.000000000000e+00
     vertex 6.900000000000e+00 5.500000000000e+00 1.000000000000e+00
   endloop
 endfacet
 facet normal -0.000000000000e+00 1.000000000000e+00 0.000000000000e+00
   outer loop
     vertex 5.500000000000e+00 -6.900000000000e+00 1.000000000000e+00
     vertex 6.900000000000e+00 -6.900000000000e+00 2.000000000000e+00
     vertex 6.900000000000e+00 -6.900000000000e+00 0.000000000000e+00
   endloop
 endfacet
 facet normal 0.000000000000e+00 1.000000000000e+00 0.000000000000e+00
   outer loop
     vertex 5.500000000000e+00 -6.900000000000e+00 1.000000000000e+00
     vertex 5.500000000000e+00 -6.900000000000e+00 2.000000000000e+00
     vertex 6.900000000000e+00 -6.900000000000e+00 2.000000000000e+00
   endloop
 endfacet
 facet normal -0.000000000000e+00 1.000000000000e+00 0.000000000000e+00
   outer loop
     vertex -6.900000000000e+00 -6.900000000000e+00 2.000000000000e+00
     vertex -5.500000000000e+00 -6.900000000000e+00 2.000000000000e+00
     vertex -5.500000000000e+00 -6.900000000000e+00 1.000000000000e+00
   endloop
 endfacet
 facet normal 0.000000000000e+00 1.000000000000e+00 0.000000000000e+00
   outer loop
     vertex -6.900000000000e+00 -6.900000000000e+00 0.000000000000e+00
     vertex -6.900000000000e+00 -6.900000000000e+00 2.000000000000e+00
     vertex -5.500000000000e+00 -6.900000000000e+00 1.000000000000e+00
   endloop
 endfacet
 facet normal 0.000000000000e+00 1.000000000000e+00 0.000000000000e+00
   outer loop
     vertex -6.900000000000e+00 -6.900000000000e+00 0.000000000000e+00
     vertex 5.500000000000e+00 -6.900000000000e+00 1.000000000000e+00
     vertex 6.900000000000e+00 -6.900000000000e+00 0.000000000000e+00
   endloop
 endfacet
 facet normal 0.000000000000e+00 1.000000000000e+00 0.000000000000e+00
   outer loop
     vertex -6.900000000000e+00 -6.900000000000e+00 0.000000000000e+00
     vertex -5.500000000000e+00 -6.900000000000e+00 1.000000000000e+00
     vertex 5.500000000000e+00 -6.900000000000e+00 1.000000000000e+00
   endloop
 endfacet
 facet normal -1.000000000000e+00 0.000000000000e+00 0.000000000000e+00
   outer loop
     vertex 5.500000000000e+00 -7.500000000000e+00 1.000000000000e+00
     vertex 5.500000000000e+00 -6.900000000000e+00 2.000000000000e+00
     vertex 5.500000000000e+00 -6.900000000000e+00 1.000000000000e+00
   endloop
 endfacet
 facet normal -1.000000000000e+00 0.000000000000e+00 0.000000000000e+00
   outer loop
     vertex 5.500000000000e+00 -7.500000000000e+00 1.000000000000e+00
     vertex 5.500000000000e+00 -7.500000000000e+00 2.000000000000e+00
     vertex 5.500000000000e+00 -6.900000000000e+00 2.000000000000e+00
   endloop
 endfacet
 facet normal 0.000000000000e+00 1.000000000000e+00 0.000000000000e+00
   outer loop
     vertex -5.500000000000e+00 -7.500000000000e+00 1.000000000000e+00
     vertex 5.500000000000e+00 -7.500000000000e+00 2.000000000000e+00
     vertex 5.500000000000e+00 -7.500000000000e+00 1.000000000000e+00
   endloop
 endfacet
 facet normal 0.000000000000e+00 1.000000000000e+00 0.000000000000e+00
   outer loop
     vertex -5.500000000000e+00 -7.500000000000e+00 1.000000000000e+00
     vertex -5.500000000000e+00 -7.500000000000e+00 2.000000000000e+00
     vertex 5.500000000000e+00 -7.500000000000e+00 2.000000000000e+00
   endloop
 endfacet
 facet normal 1.000000000000e+00 0.000000000000e+00 0.000000000000e+00
   outer loop
     vertex -5.500000000000e+00 -6.900000000000e+00 1.000000000000e+00
     vertex -5.500000000000e+00 -7.500000000000e+00 2.000000000000e+00
     vertex -5.500000000000e+00 -7.500000000000e+00 1.000000000000e+00
   endloop
 endfacet
 facet normal 1.000000000000e+00 0.000000000000e+00 -0.000000000000e+00
   outer loop
     vertex -5.500000000000e+00 -6.900000000000e+00 1.000000000000e+00
     vertex -5.500000000000e+00 -6.900000000000e+00 2.000000000000e+00
     vertex -5.500000000000e+00 -7.500000000000e+00 2.000000000000e+00
   endloop
 endfacet
 facet normal 1.000000000000e+00 0.000000000000e+00 0.000000000000e+00
   outer loop
     vertex -6.900000000000e+00 -5.500000000000e+00 1.000000000000e+00
     vertex -6.900000000000e+00 -6.900000000000e+00 2.000000000000e+00
     vertex -6.900000000000e+00 -6.900000000000e+00 0.000000000000e+00
   endloop
 endfacet
 facet normal 1.000000000000e+00 0.000000000000e+00 -0.000000000000e+00
   outer loop
     vertex -6.900000000000e+00 -5.500000000000e+00 1.000000000000e+00
     vertex -6.900000000000e+00 -5.500000000000e+00 2.000000000000e+00
     vertex -6.900000000000e+00 -6.900000000000e+00 2.000000000000e+00
   endloop
 endfacet
 facet normal 1.000000000000e+00 0.000000000000e+00 0.000000000000e+00
   outer loop
     vertex -6.900000000000e+00 6.900000000000e+00 2.000000000000e+00
     vertex -6.900000000000e+00 5.500000000000e+00 2.000000000000e+00
     vertex -6.900000000000e+00 5.500000000000e+00 1.000000000000e+00
   endloop
 endfacet
 facet normal 1.000000000000e+00 0.000000000000e+00 -0.000000000000e+00
   outer loop
     vertex -6.900000000000e+00 6.900000000000e+00 0.000000000000e+00
     vertex -6.900000000000e+00 6.900000000000e+00 2.000000000000e+00
     vertex -6.900000000000e+00 5.500000000000e+00 1.000000000000e+00
   endloop
 endfacet
 facet normal 1.000000000000e+00 0.000000000000e+00 0.000000000000e+00
   outer loop
     vertex -6.900000000000e+00 6.900000000000e+00 0.000000000000e+00
     vertex -6.900000000000e+00 -5.500000000000e+00 1.000000000000e+00
     vertex -6.900000000000e+00 -6.900000000000e+00 0.000000000000e+00
   endloop
 endfacet
 facet normal 1.000000000000e+00 0.000000000000e+00 0.000000000000e+00
   outer loop
     vertex -6.900000000000e+00 6.900000000000e+00 0.000000000000e+00
     vertex -6.900000000000e+00 5.500000000000e+00 1.000000000000e+00
     vertex -6.900000000000e+00 -5.500000000000e+00 1.000000000000e+00
   endloop
 endfacet
 facet normal 0.000000000000e+00 1.000000000000e+00 0.000000000000e+00
   outer loop
     vertex -7.500000000000e+00 -5.500000000000e+00 1.000000000000e+00
     vertex -6.900000000000e+00 -5.500000000000e+00 2.000000000000e+00
     vertex -6.900000000000e+00 -5.500000000000e+00 1.000000000000e+00
   endloop
 endfacet
 facet normal 0.000000000000e+00 1.000000000000e+00 0.000000000000e+00
   outer loop
     vertex -7.500000000000e+00 -5.500000000000e+00 1.000000000000e+00
     vertex -7.500000000000e+00 -5.500000000000e+00 2.000000000000e+00
     vertex -6.900000000000e+00 -5.500000000000e+00 2.000000000000e+00
   endloop
 endfacet
 facet normal 1.000000000000e+00 0.000000000000e+00 0.000000000000e+00
   outer loop
     vertex -7.500000000000e+00 5.500000000000e+00 1.000000000000e+00
     vertex -7.500000000000e+00 -5.500000000000e+00 2.000000000000e+00
     vertex -7.500000000000e+00 -5.500000000000e+00 1.000000000000e+00
   endloop
 endfacet
 facet normal 1.000000000000e+00 0.000000000000e+00 -0.000000000000e+00
   outer loop
     vertex -7.500000000000e+00 5.500000000000e+00 1.000000000000e+00
     vertex -7.500000000000e+00 5.500000000000e+00 2.000000000000e+00
     vertex -7.500000000000e+00 -5.500000000000e+00 2.000000000000e+00
   endloop
 endfacet
 facet normal 0.000000000000e+00 -1.000000000000e+00 0.000000000000e+00
   outer loop
     vertex -6.900000000000e+00 5.500000000000e+00 1.000000000000e+00
     vertex -7.500000000000e+00 5.500000000000e+00 2.000000000000e+00
     vertex -7.500000000000e+00 5.500000000000e+00 1.000000000000e+00
   endloop
 endfacet
 facet normal 0.000000000000e+00 -1.000000000000e+00 0.000000000000e+00
   outer loop
     vertex -6.900000000000e+00 5.500000000000e+00 1.000000000000e+00
     vertex -6.900000000000e+00 5.500000000000e+00 2.000000000000e+00
     vertex -7.500000000000e+00 5.500000000000e+00 2.000000000000e+00
   endloop
 endfacet
 facet normal -0.000000000000e+00 -1.000000000000e+00 0.000000000000e+00
   outer loop
     vertex -5.500000000000e+00 6.900000000000e+00 1.000000000000e+00
     vertex -6.900000000000e+00 6.900000000000e+00 2.000000000000e+00
     vertex -6.900000000000e+00 6.900000000000e+00 0.000000000000e+00
   endloop
 endfacet
 facet normal 0.000000000000e+00 -1.000000000000e+00 0.000000000000e+00
   outer loop
     vertex -5.500000000000e+00 6.900000000000e+00 1.000000000000e+00
     vertex -5.500000000000e+00 6.900000000000e+00 2.000000000000e+00
     vertex -6.900000000000e+00 6.900000000000e+00 2.000000000000e+00
   endloop
 endfacet
 facet normal -0.000000000000e+00 -1.000000000000e+00 0.000000000000e+00
   outer loop
     vertex 6.900000000000e+00 6.900000000000e+00 2.000000000000e+00
     vertex 5.500000000000e+00 6.900000000000e+00 2.000000000000e+00
     vertex 5.500000000000e+00 6.900000000000e+00 1.000000000000e+00
   endloop
 endfacet
 facet normal 0.000000000000e+00 -1.000000000000e+00 0.000000000000e+00
   outer loop
     vertex 6.900000000000e+00 6.900000000000e+00 0.000000000000e+00
     vertex 6.900000000000e+00 6.900000000000e+00 2.000000000000e+00
     vertex 5.500000000000e+00 6.900000000000e+00 1.000000000000e+00
   endloop
 endfacet
 facet normal 0.000000000000e+00 -1.000000000000e+00 0.000000000000e+00
   outer loop
     vertex 6.900000000000e+00 6.900000000000e+00 0.000000000000e+00
     vertex -5.500000000000e+00 6.900000000000e+00 1.000000000000e+00
     vertex -6.900000000000e+00 6.900000000000e+00 0.000000000000e+00
   endloop
 endfacet
 facet normal 0.000000000000e+00 -1.000000000000e+00 0.000000000000e+00
   outer loop
     vertex 6.900000000000e+00 6.900000000000e+00 0.000000000000e+00
     vertex 5.500000000000e+00 6.900000000000e+00 1.000000000000e+00
     vertex -5.500000000000e+00 6.900000000000e+00 1.000000000000e+00
   endloop
 endfacet
 facet normal 1.000000000000e+00 0.000000000000e+00 0.000000000000e+00
   outer loop
     vertex -5.500000000000e+00 7.500000000000e+00 1.000000000000e+00
     vertex -5.500000000000e+00 6.900000000000e+00 2.000000000000e+00
     vertex -5.500000000000e+00 6.900000000000e+00 1.000000000000e+00
   endloop
 endfacet
 facet normal 1.000000000000e+00 0.000000000000e+00 -0.000000000000e+00
   outer loop
     vertex -5.500000000000e+00 7.500000000000e+00 1.000000000000e+00
     vertex -5.500000000000e+00 7.500000000000e+00 2.000000000000e+00
     vertex -5.500000000000e+00 6.900000000000e+00 2.000000000000e+00
   endloop
 endfacet
 facet normal 0.000000000000e+00 -1.000000000000e+00 0.000000000000e+00
   outer loop
     vertex 5.500000000000e+00 7.500000000000e+00 1.000000000000e+00
     vertex -5.500000000000e+00 7.500000000000e+00 2.000000000000e+00
     vertex -5.500000000000e+00 7.500000000000e+00 1.000000000000e+00
   endloop
 endfacet
 facet normal 0.000000000000e+00 -1.000000000000e+00 0.000000000000e+00
   outer loop
     vertex 5.500000000000e+00 7.500000000000e+00 1.000000000000e+00
     vertex 5.500000000000e+00 7.500000000000e+00 2.000000000000e+00
     vertex -5.500000000000e+00 7.500000000000e+00 2.000000000000e+00
   endloop
 endfacet
 facet normal -1.000000000000e+00 0.000000000000e+00 0.000000000000e+00
   outer loop
     vertex 5.500000000000e+00 6.900000000000e+00 1.000000000000e+00
     vertex 5.500000000000e+00 7.500000000000e+00 2.000000000000e+00
     vertex 5.500000000000e+00 7.500000000000e+00 1.000000000000e+00
   endloop
 endfacet
 facet normal -1.000000000000e+00 0.000000000000e+00 0.000000000000e+00
   outer loop
     vertex 5.500000000000e+00 6.900000000000e+00 1.000000000000e+00
     vertex 5.500000000000e+00 6.900000000000e+00 2.000000000000e+00
     vertex 5.500000000000e+00 7.500000000000e+00 2.000000000000e+00
   endloop
 endfacet
 facet normal 0.000000000000e+00 -1.000000000000e+00 0.000000000000e+00
   outer loop
     vertex 6.900000000000e+00 5.500000000000e+00 1.000000000000e+00
     vertex 7.000000000000e+00 5.500000000000e+00 2.000000000000e+00
     vertex 6.900000000000e+00 5.500000000000e+00 2.000000000000e+00
   endloop
 endfacet
 facet normal 0.000000000000e+00 -1.000000000000e+00 0.000000000000e+00
   outer loop
     vertex 7.500000000000e+00 5.500000000000e+00 1.000000000000e+00
     vertex 7.500000000000e+00 5.500000000000e+00 2.000000000000e+00
     vertex 7.000000000000e+00 5.500000000000e+00 2.000000000000e+00
   endloop
 endfacet
 facet normal 0.000000000000e+00 -1.000000000000e+00 0.000000000000e+00
   outer loop
     vertex 7.500000000000e+00 5.500000000000e+00 1.000000000000e+00
     vertex 7.000000000000e+00 5.500000000000e+00 2.000000000000e+00
     vertex 6.900000000000e+00 5.500000000000e+00 1.000000000000e+00
   endloop
 endfacet
 facet normal -1.000000000000e+00 0.000000000000e+00 0.000000000000e+00
   outer loop
     vertex 7.000000000000e+00 5.500000000000e+00 2.000000000000e+00
     vertex 7.000000000000e+00 3.400000000000e+00 2.000000000000e+00
     vertex 7.000000000000e+00 3.400000000000e+00 3.000000000000e+00
   endloop
 endfacet
 facet normal -1.000000000000e+00 0.000000000000e+00 0.000000000000e+00
   outer loop
     vertex 7.000000000000e+00 5.500000000000e+00 2.000000000000e+00
     vertex 7.000000000000e+00 3.400000000000e+00 3.000000000000e+00
     vertex 7.000000000000e+00 6.400000000000e+00 3.000000000000e+00
   endloop
 endfacet
 facet normal -1.000000000000e+00 0.000000000000e+00 0.000000000000e+00
   outer loop
     vertex 7.000000000000e+00 6.400000000000e+00 2.000000000000e+00
     vertex 7.000000000000e+00 5.500000000000e+00 2.000000000000e+00
     vertex 7.000000000000e+00 6.400000000000e+00 3.000000000000e+00
   endloop
 endfacet
 facet normal 0.000000000000e+00 1.000000000000e+00 0.000000000000e+00
   outer loop
     vertex 1.020710678119e+01 6.400000000000e+00 5.792893218813e+00
     vertex 1.123747444843e+01 6.400000000000e+00 4.702450962828e+00
     vertex 1.100000000000e+01 6.400000000000e+00 4.500000000000e+00
   endloop
 endfacet
 facet normal 0.000000000000e+00 1.000000000000e+00 0.000000000000e+00
   outer loop
     vertex 1.020710678119e+01 6.400000000000e+00 5.792893218813e+00
     vertex 1.144787751431e+01 6.400000000000e+00 4.932909323227e+00
     vertex 1.123747444843e+01 6.400000000000e+00 4.702450962828e+00
   endloop
 endfacet
 facet normal -0.000000000000e+00 1.000000000000e+00 0.000000000000e+00
   outer loop
     vertex 1.005557023302e+01 6.400000000000e+00 5.668530387697e+00
     vertex 1.020710678119e+01 6.400000000000e+00 5.792893218813e+00
     vertex 1.100000000000e+01 6.400000000000e+00 4.500000000000e+00
   endloop
 endfacet
 facet normal 0.000000000000e+00 1.000000000000e+00 0.000000000000e+00
   outer loop
     vertex 1.033146961230e+01 6.400000000000e+00 5.944429766980e+00
     vertex 1.162793093252e+01 6.400000000000e+00 5.187784336916e+00
     vertex 1.144787751431e+01 6.400000000000e+00 4.932909323227e+00
   endloop
 endfacet
 facet normal 0.000000000000e+00 1.000000000000e+00 0.000000000000e+00
   outer loop
     vertex 1.033146961230e+01 6.400000000000e+00 5.944429766980e+00
     vertex 1.144787751431e+01 6.400000000000e+00 4.932909323227e+00
     vertex 1.020710678119e+01 6.400000000000e+00 5.792893218813e+00
   endloop
 endfacet
 facet normal -0.000000000000e+00 1.000000000000e+00 0.000000000000e+00
   outer loop
     vertex 9.882683432365e+00 6.400000000000e+00 5.576120467489e+00
     vertex 1.005557023302e+01 6.400000000000e+00 5.668530387697e+00
     vertex 1.100000000000e+01 6.400000000000e+00 4.500000000000e+00
   endloop
 endfacet
 facet normal 0.000000000000e+00 1.000000000000e+00 0.000000000000e+00
   outer loop
     vertex 1.042387953251e+01 6.400000000000e+00 6.117316567635e+00
     vertex 1.177482931216e+01 6.400000000000e+00 5.463104826647e+00
     vertex 1.162793093252e+01 6.400000000000e+00 5.187784336916e+00
   endloop
 endfacet
 facet normal 0.000000000000e+00 1.000000000000e+00 0.000000000000e+00
   outer loop
     vertex 1.042387953251e+01 6.400000000000e+00 6.117316567635e+00
     vertex 1.188628384709e+01 6.400000000000e+00 5.754581056644e+00
     vertex 1.177482931216e+01 6.400000000000e+00 5.463104826647e+00
   endloop
 endfacet
 facet normal 0.000000000000e+00 1.000000000000e+00 0.000000000000e+00
   outer loop
     vertex 1.042387953251e+01 6.400000000000e+00 6.117316567635e+00
     vertex 1.162793093252e+01 6.400000000000e+00 5.187784336916e+00
     vertex 1.033146961230e+01 6.400000000000e+00 5.944429766980e+00
   endloop
 endfacet
 facet normal -0.000000000000e+00 1.000000000000e+00 0.000000000000e+00
   outer loop
     vertex 9.695090322016e+00 6.400000000000e+00 5.519214719597e+00
     vertex 9.882683432365e+00 6.400000000000e+00 5.576120467489e+00
     vertex 1.100000000000e+01 6.400000000000e+00 4.500000000000e+00
   endloop
 endfacet
 facet normal 0.000000000000e+00 1.000000000000e+00 0.000000000000e+00
   outer loop
     vertex 1.048078528040e+01 6.400000000000e+00 6.304909677984e+00
     vertex 1.196055797746e+01 6.400000000000e+00 6.057671570464e+00
     vertex 1.188628384709e+01 6.400000000000e+00 5.754581056644e+00
   endloop
 endfacet
 facet normal -0.000000000000e+00 1.000000000000e+00 0.000000000000e+00
   outer loop
     vertex 1.048078528040e+01 6.400000000000e+00 6.304909677984e+00
     vertex 1.199649444688e+01 6.400000000000e+00 6.367653950891e+00
     vertex 1.196055797746e+01 6.400000000000e+00 6.057671570464e+00
   endloop
 endfacet
 facet normal 0.000000000000e+00 1.000000000000e+00 0.000000000000e+00
   outer loop
     vertex 1.048078528040e+01 6.400000000000e+00 6.304909677984e+00
     vertex 1.188628384709e+01 6.400000000000e+00 5.754581056644e+00
     vertex 1.042387953251e+01 6.400000000000e+00 6.117316567635e+00
   endloop
 endfacet
 facet normal -0.000000000000e+00 1.000000000000e+00 0.000000000000e+00
   outer loop
     vertex 9.500000000000e+00 6.400000000000e+00 5.500000000000e+00
     vertex 9.695090322016e+00 6.400000000000e+00 5.519214719597e+00
     vertex 1.100000000000e+01 6.400000000000e+00 4.500000000000e+00
   endloop
 endfacet
 facet normal 0.000000000000e+00 1.000000000000e+00 0.000000000000e+00
   outer loop
     vertex 9.500000000000e+00 6.400000000000e+00 5.500000000000e+00
     vertex 1.100000000000e+01 6.400000000000e+00 4.500000000000e+00
     vertex 1.100000000000e+01 6.400000000000e+00 3.500000000000e+00
   endloop
 endfacet
 facet normal -0.000000000000e+00 1.000000000000e+00 0.000000000000e+00
   outer loop
     vertex 8.000000000000e+00 6.400000000000e+00 4.000000000000e+00
     vertex 9.500000000000e+00 6.400000000000e+00 5.500000000000e+00
     vertex 1.100000000000e+01 6.400000000000e+00 3.500000000000e+00
   endloop
 endfacet
 facet normal 0.000000000000e+00 1.000000000000e+00 0.000000000000e+00
   outer loop
     vertex 8.000000000000e+00 6.400000000000e+00 4.000000000000e+00
     vertex 1.100000000000e+01 6.400000000000e+00 3.500000000000e+00
     vertex 9.500000000000e+00 6.400000000000e+00 2.000000000000e+00
   endloop
 endfacet
 facet normal -0.000000000000e+00 1.000000000000e+00 0.000000000000e+00
   outer loop
     vertex 7.000000000000e+00 6.400000000000e+00 3.000000000000e+00
     vertex 8.000000000000e+00 6.400000000000e+00 4.000000000000e+00
     vertex 9.500000000000e+00 6.400000000000e+00 2.000000000000e+00
   endloop
 endfacet
 facet normal 0.000000000000e+00 1.000000000000e+00 0.000000000000e+00
   outer loop
     vertex 7.000000000000e+00 6.400000000000e+00 3.000000000000e+00
     vertex 9.500000000000e+00 6.400000000000e+00 2.000000000000e+00
     vertex 7.000000000000e+00 6.400000000000e+00 2.000000000000e+00
   endloop
 endfacet
 facet normal -0.000000000000e+00 1.000000000000e+00 0.000000000000e+00
   outer loop
     vertex 1.050000000000e+01 6.400000000000e+00 6.500000000000e+00
     vertex 1.199353333350e+01 6.400000000000e+00 6.679698399354e+00
     vertex 1.199649444688e+01 6.400000000000e+00 6.367653950891e+00
   endloop
 endfacet
 facet normal 0.000000000000e+00 1.000000000000e+00 0.000000000000e+00
   outer loop
     vertex 1.050000000000e+01 6.400000000000e+00 6.500000000000e+00
     vertex 1.199649444688e+01 6.400000000000e+00 6.367653950891e+00
     vertex 1.048078528040e+01 6.400000000000e+00 6.304909677984e+00
   endloop
 endfacet
 facet normal 0.000000000000e+00 1.000000000000e+00 0.000000000000e+00
   outer loop
     vertex 9.304909677984e+00 6.400000000000e+00 5.519214719597e+00
     vertex 9.500000000000e+00 6.400000000000e+00 5.500000000000e+00
     vertex 8.000000000000e+00 6.400000000000e+00 4.000000000000e+00
   endloop
 endfacet
 facet normal -0.000000000000e+00 1.000000000000e+00 0.000000000000e+00
   outer loop
     vertex 1.048078528040e+01 6.400000000000e+00 6.695090322016e+00
     vertex 1.195172077408e+01 6.400000000000e+00 6.988942988448e+00
     vertex 1.199353333350e+01 6.400000000000e+00 6.679698399354e+00
   endloop
 endfacet
 facet normal 0.000000000000e+00 1.000000000000e+00 0.000000000000e+00
   outer loop
     vertex 1.048078528040e+01 6.400000000000e+00 6.695090322016e+00
     vertex 1.187170824513e+01 6.400000000000e+00 7.290569415042e+00
     vertex 1.195172077408e+01 6.400000000000e+00 6.988942988448e+00
   endloop
 endfacet
 facet normal 0.000000000000e+00 1.000000000000e+00 0.000000000000e+00
   outer loop
     vertex 1.048078528040e+01 6.400000000000e+00 6.695090322016e+00
     vertex 1.199353333350e+01 6.400000000000e+00 6.679698399354e+00
     vertex 1.050000000000e+01 6.400000000000e+00 6.500000000000e+00
   endloop
 endfacet
 facet normal -0.000000000000e+00 1.000000000000e+00 0.000000000000e+00
   outer loop
     vertex 1.042387953251e+01 6.400000000000e+00 6.882683432365e+00
     vertex 1.187170824513e+01 6.400000000000e+00 7.290569415042e+00
     vertex 1.048078528040e+01 6.400000000000e+00 6.695090322016e+00
   endloop
 endfacet
 facet normal 0.000000000000e+00 1.000000000000e+00 0.000000000000e+00
   outer loop
     vertex 1.042387953251e+01 6.400000000000e+00 6.882683432365e+00
     vertex 1.175474241233e+01 6.400000000000e+00 7.579878073689e+00
     vertex 1.187170824513e+01 6.400000000000e+00 7.290569415042e+00
   endloop
 endfacet
 facet normal -0.000000000000e+00 1.000000000000e+00 0.000000000000e+00
   outer loop
     vertex 8.000000000000e+00 6.400000000000e+00 4.500000000000e+00
     vertex 9.304909677984e+00 6.400000000000e+00 5.519214719597e+00
     vertex 8.000000000000e+00 6.400000000000e+00 4.000000000000e+00
   endloop
 endfacet
 facet normal 0.000000000000e+00 1.000000000000e+00 0.000000000000e+00
   outer loop
     vertex 8.000000000000e+00 6.400000000000e+00 4.500000000000e+00
     vertex 9.117316567635e+00 6.400000000000e+00 5.576120467489e+00
     vertex 9.304909677984e+00 6.400000000000e+00 5.519214719597e+00
   endloop
 endfacet
 facet normal 0.000000000000e+00 1.000000000000e+00 0.000000000000e+00
   outer loop
     vertex 8.944429766980e+00 6.400000000000e+00 5.668530387697e+00
     vertex 9.117316567635e+00 6.400000000000e+00 5.576120467489e+00
     vertex 8.000000000000e+00 6.400000000000e+00 4.500000000000e+00
   endloop
 endfacet
 facet normal 0.000000000000e+00 1.000000000000e+00 0.000000000000e+00
   outer loop
     vertex 1.033146961230e+01 6.400000000000e+00 7.055570233020e+00
     vertex 1.160264570641e+01 6.400000000000e+00 7.852361280616e+00
     vertex 1.175474241233e+01 6.400000000000e+00 7.579878073689e+00
   endloop
 endfacet
 facet normal 0.000000000000e+00 1.000000000000e+00 0.000000000000e+00
   outer loop
     vertex 1.033146961230e+01 6.400000000000e+00 7.055570233020e+00
     vertex 1.141778792804e+01 6.400000000000e+00 8.103773507413e+00
     vertex 1.160264570641e+01 6.400000000000e+00 7.852361280616e+00
   endloop
 endfacet
 facet normal -0.000000000000e+00 1.000000000000e+00 0.000000000000e+00
   outer loop
     vertex 1.033146961230e+01 6.400000000000e+00 7.055570233020e+00
     vertex 1.175474241233e+01 6.400000000000e+00 7.579878073689e+00
     vertex 1.042387953251e+01 6.400000000000e+00 6.882683432365e+00
   endloop
 endfacet
 facet normal 0.000000000000e+00 1.000000000000e+00 0.000000000000e+00
   outer loop
     vertex 8.792893218813e+00 6.400000000000e+00 5.792893218813e+00
     vertex 8.944429766980e+00 6.400000000000e+00 5.668530387697e+00
     vertex 8.000000000000e+00 6.400000000000e+00 4.500000000000e+00
   endloop
 endfacet
 facet normal 0.000000000000e+00 1.000000000000e+00 0.000000000000e+00
   outer loop
     vertex 8.792893218813e+00 6.400000000000e+00 5.792893218813e+00
     vertex 8.000000000000e+00 6.400000000000e+00 4.500000000000e+00
     vertex 7.762525551566e+00 6.400000000000e+00 4.702450962828e+00
   endloop
 endfacet
 facet normal -0.000000000000e+00 1.000000000000e+00 0.000000000000e+00
   outer loop
     vertex 1.020710678119e+01 6.400000000000e+00 7.207106781187e+00
     vertex 1.141778792804e+01 6.400000000000e+00 8.103773507413e+00
     vertex 1.033146961230e+01 6.400000000000e+00 7.055570233020e+00
   endloop
 endfacet
 facet normal 0.000000000000e+00 1.000000000000e+00 0.000000000000e+00
   outer loop
     vertex 1.120304932424e+01 6.400000000000e+00 8.330197530102e+00
     vertex 1.141778792804e+01 6.400000000000e+00 8.103773507413e+00
     vertex 1.020710678119e+01 6.400000000000e+00 7.207106781187e+00
   endloop
 endfacet
 facet normal -0.000000000000e+00 1.000000000000e+00 0.000000000000e+00
   outer loop
     vertex 1.005557023302e+01 6.400000000000e+00 7.331469612303e+00
     vertex 1.120304932424e+01 6.400000000000e+00 8.330197530102e+00
     vertex 1.020710678119e+01 6.400000000000e+00 7.207106781187e+00
   endloop
 endfacet
 facet normal -0.000000000000e+00 1.000000000000e+00 0.000000000000e+00
   outer loop
     vertex 7.552122485686e+00 6.400000000000e+00 4.932909323227e+00
     vertex 8.792893218813e+00 6.400000000000e+00 5.792893218813e+00
     vertex 7.762525551566e+00 6.400000000000e+00 4.702450962828e+00
   endloop
 endfacet
 facet normal 0.000000000000e+00 1.000000000000e+00 0.000000000000e+00
   outer loop
     vertex 7.552122485686e+00 6.400000000000e+00 4.932909323227e+00
     vertex 8.668530387697e+00 6.400000000000e+00 5.944429766980e+00
     vertex 8.792893218813e+00 6.400000000000e+00 5.792893218813e+00
   endloop
 endfacet
 facet normal 0.000000000000e+00 1.000000000000e+00 0.000000000000e+00
   outer loop
     vertex 1.096177571166e+01 6.400000000000e+00 8.528105462939e+00
     vertex 1.120304932424e+01 6.400000000000e+00 8.330197530102e+00
     vertex 1.005557023302e+01 6.400000000000e+00 7.331469612303e+00
   endloop
 endfacet
 facet normal 0.000000000000e+00 1.000000000000e+00 0.000000000000e+00
   outer loop
     vertex 7.372069067484e+00 6.400000000000e+00 5.187784336916e+00
     vertex 8.576120467489e+00 6.400000000000e+00 6.117316567635e+00
     vertex 8.668530387697e+00 6.400000000000e+00 5.944429766980e+00
   endloop
 endfacet
 facet normal -0.000000000000e+00 1.000000000000e+00 0.000000000000e+00
   outer loop
     vertex 7.372069067484e+00 6.400000000000e+00 5.187784336916e+00
     vertex 8.668530387697e+00 6.400000000000e+00 5.944429766980e+00
     vertex 7.552122485686e+00 6.400000000000e+00 4.932909323227e+00
   endloop
 endfacet
 facet normal 0.000000000000e+00 1.000000000000e+00 0.000000000000e+00
   outer loop
     vertex 1.069772634572e+01 6.400000000000e+00 8.694413725980e+00
     vertex 1.005557023302e+01 6.400000000000e+00 7.331469612303e+00
     vertex 9.882683432365e+00 6.400000000000e+00 7.423879532511e+00
   endloop
 endfacet
 facet normal 0.000000000000e+00 1.000000000000e+00 0.000000000000e+00
   outer loop
     vertex 1.069772634572e+01 6.400000000000e+00 8.694413725980e+00
     vertex 1.096177571166e+01 6.400000000000e+00 8.528105462939e+00
     vertex 1.005557023302e+01 6.400000000000e+00 7.331469612303e+00
   endloop
 endfacet
 facet normal -0.000000000000e+00 1.000000000000e+00 0.000000000000e+00
   outer loop
     vertex 7.225170687837e+00 6.400000000000e+00 5.463104826647e+00
     vertex 8.576120467489e+00 6.400000000000e+00 6.117316567635e+00
     vertex 7.372069067484e+00 6.400000000000e+00 5.187784336916e+00
   endloop
 endfacet
 facet normal 0.000000000000e+00 1.000000000000e+00 0.000000000000e+00
   outer loop
     vertex 1.041501534816e+01 6.400000000000e+00 8.826531089977e+00
     vertex 1.069772634572e+01 6.400000000000e+00 8.694413725980e+00
     vertex 9.882683432365e+00 6.400000000000e+00 7.423879532511e+00
   endloop
 endfacet
 facet normal -0.000000000000e+00 1.000000000000e+00 0.000000000000e+00
   outer loop
     vertex 7.113716152909e+00 6.400000000000e+00 5.754581056644e+00
     vertex 8.576120467489e+00 6.400000000000e+00 6.117316567635e+00
     vertex 7.225170687837e+00 6.400000000000e+00 5.463104826647e+00
   endloop
 endfacet
 facet normal 0.000000000000e+00 1.000000000000e+00 0.000000000000e+00
   outer loop
     vertex 7.113716152909e+00 6.400000000000e+00 5.754581056644e+00
     vertex 8.519214719597e+00 6.400000000000e+00 6.304909677984e+00
     vertex 8.576120467489e+00 6.400000000000e+00 6.117316567635e+00
   endloop
 endfacet
 facet normal 0.000000000000e+00 1.000000000000e+00 0.000000000000e+00
   outer loop
     vertex 1.011804760539e+01 6.400000000000e+00 8.922399050007e+00
     vertex 9.882683432365e+00 6.400000000000e+00 7.423879532511e+00
     vertex 9.695090322016e+00 6.400000000000e+00 7.480785280403e+00
   endloop
 endfacet
 facet normal 0.000000000000e+00 1.000000000000e+00 0.000000000000e+00
   outer loop
     vertex 1.011804760539e+01 6.400000000000e+00 8.922399050007e+00
     vertex 1.041501534816e+01 6.400000000000e+00 8.826531089977e+00
     vertex 9.882683432365e+00 6.400000000000e+00 7.423879532511e+00
   endloop
 endfacet
 facet normal -0.000000000000e+00 1.000000000000e+00 0.000000000000e+00
   outer loop
     vertex 7.039442022544e+00 6.400000000000e+00 6.057671570464e+00
     vertex 8.519214719597e+00 6.400000000000e+00 6.304909677984e+00
     vertex 7.113716152909e+00 6.400000000000e+00 5.754581056644e+00
   endloop
 endfacet
 facet normal 0.000000000000e+00 1.000000000000e+00 0.000000000000e+00
   outer loop
     vertex 9.811450136444e+00 6.400000000000e+00 8.980523898798e+00
     vertex 1.011804760539e+01 6.400000000000e+00 8.922399050007e+00
     vertex 9.695090322016e+00 6.400000000000e+00 7.480785280403e+00
   endloop
 endfacet
 facet normal 0.000000000000e+00 1.000000000000e+00 0.000000000000e+00
   outer loop
     vertex 9.811450136444e+00 6.400000000000e+00 8.980523898798e+00
     vertex 9.695090322016e+00 6.400000000000e+00 7.480785280403e+00
     vertex 9.500000000000e+00 6.400000000000e+00 7.500000000000e+00
   endloop
 endfacet
 facet normal -0.000000000000e+00 1.000000000000e+00 0.000000000000e+00
   outer loop
     vertex 7.003505553124e+00 6.400000000000e+00 6.367653950891e+00
     vertex 8.500000000000e+00 6.400000000000e+00 6.500000000000e+00
     vertex 8.519214719597e+00 6.400000000000e+00 6.304909677984e+00
   endloop
 endfacet
 facet normal 0.000000000000e+00 1.000000000000e+00 0.000000000000e+00
   outer loop
     vertex 7.003505553124e+00 6.400000000000e+00 6.367653950891e+00
     vertex 8.519214719597e+00 6.400000000000e+00 6.304909677984e+00
     vertex 7.039442022544e+00 6.400000000000e+00 6.057671570464e+00
   endloop
 endfacet
 facet normal 0.000000000000e+00 1.000000000000e+00 0.000000000000e+00
   outer loop
     vertex 9.500000000000e+00 6.400000000000e+00 9.000000000000e+00
     vertex 9.811450136444e+00 6.400000000000e+00 8.980523898798e+00
     vertex 9.500000000000e+00 6.400000000000e+00 7.500000000000e+00
   endloop
 endfacet
 facet normal 0.000000000000e+00 1.000000000000e+00 0.000000000000e+00
   outer loop
     vertex 7.006466666501e+00 6.400000000000e+00 6.679698399354e+00
     vertex 8.500000000000e+00 6.400000000000e+00 6.500000000000e+00
     vertex 7.003505553124e+00 6.400000000000e+00 6.367653950891e+00
   endloop
 endfacet
 facet normal -0.000000000000e+00 1.000000000000e+00 0.000000000000e+00
   outer loop
     vertex 7.006466666501e+00 6.400000000000e+00 6.679698399354e+00
     vertex 8.519214719597e+00 6.400000000000e+00 6.695090322016e+00
     vertex 8.500000000000e+00 6.400000000000e+00 6.500000000000e+00
   endloop
 endfacet
 facet normal 0.000000000000e+00 1.000000000000e+00 0.000000000000e+00
   outer loop
     vertex 9.188549863556e+00 6.400000000000e+00 8.980523898798e+00
     vertex 9.500000000000e+00 6.400000000000e+00 7.500000000000e+00
     vertex 9.304909677984e+00 6.400000000000e+00 7.480785280403e+00
   endloop
 endfacet
 facet normal -0.000000000000e+00 1.000000000000e+00 0.000000000000e+00
   outer loop
     vertex 9.188549863556e+00 6.400000000000e+00 8.980523898798e+00
     vertex 9.500000000000e+00 6.400000000000e+00 9.000000000000e+00
     vertex 9.500000000000e+00 6.400000000000e+00 7.500000000000e+00
   endloop
 endfacet
 facet normal 0.000000000000e+00 1.000000000000e+00 0.000000000000e+00
   outer loop
     vertex 7.048279225922e+00 6.400000000000e+00 6.988942988448e+00
     vertex 8.519214719597e+00 6.400000000000e+00 6.695090322016e+00
     vertex 7.006466666501e+00 6.400000000000e+00 6.679698399354e+00
   endloop
 endfacet
 facet normal -0.000000000000e+00 1.000000000000e+00 0.000000000000e+00
   outer loop
     vertex 8.881952394613e+00 6.400000000000e+00 8.922399050007e+00
     vertex 9.188549863556e+00 6.400000000000e+00 8.980523898798e+00
     vertex 9.304909677984e+00 6.400000000000e+00 7.480785280403e+00
   endloop
 endfacet
 facet normal 0.000000000000e+00 1.000000000000e+00 0.000000000000e+00
   outer loop
     vertex 8.881952394613e+00 6.400000000000e+00 8.922399050007e+00
     vertex 9.304909677984e+00 6.400000000000e+00 7.480785280403e+00
     vertex 9.117316567635e+00 6.400000000000e+00 7.423879532511e+00
   endloop
 endfacet
 facet normal 0.000000000000e+00 1.000000000000e+00 0.000000000000e+00
   outer loop
     vertex 7.128291754874e+00 6.400000000000e+00 7.290569415042e+00
     vertex 8.519214719597e+00 6.400000000000e+00 6.695090322016e+00
     vertex 7.048279225922e+00 6.400000000000e+00 6.988942988448e+00
   endloop
 endfacet
 facet normal 0.000000000000e+00 1.000000000000e+00 0.000000000000e+00
   outer loop
     vertex 7.128291754874e+00 6.400000000000e+00 7.290569415042e+00
     vertex 8.576120467489e+00 6.400000000000e+00 6.882683432365e+00
     vertex 8.519214719597e+00 6.400000000000e+00 6.695090322016e+00
   endloop
 endfacet
 facet normal -0.000000000000e+00 1.000000000000e+00 0.000000000000e+00
   outer loop
     vertex 8.584984651838e+00 6.400000000000e+00 8.826531089977e+00
     vertex 8.881952394613e+00 6.400000000000e+00 8.922399050007e+00
     vertex 9.117316567635e+00 6.400000000000e+00 7.423879532511e+00
   endloop
 endfacet
 facet normal 0.000000000000e+00 1.000000000000e+00 0.000000000000e+00
   outer loop
     vertex 7.245257587668e+00 6.400000000000e+00 7.579878073689e+00
     vertex 8.576120467489e+00 6.400000000000e+00 6.882683432365e+00
     vertex 7.128291754874e+00 6.400000000000e+00 7.290569415042e+00
   endloop
 endfacet
 facet normal 0.000000000000e+00 1.000000000000e+00 0.000000000000e+00
   outer loop
     vertex 7.245257587668e+00 6.400000000000e+00 7.579878073689e+00
     vertex 8.668530387697e+00 6.400000000000e+00 7.055570233020e+00
     vertex 8.576120467489e+00 6.400000000000e+00 6.882683432365e+00
   endloop
 endfacet
 facet normal -0.000000000000e+00 1.000000000000e+00 0.000000000000e+00
   outer loop
     vertex 8.302273654281e+00 6.400000000000e+00 8.694413725980e+00
     vertex 8.584984651838e+00 6.400000000000e+00 8.826531089977e+00
     vertex 9.117316567635e+00 6.400000000000e+00 7.423879532511e+00
   endloop
 endfacet
 facet normal 0.000000000000e+00 1.000000000000e+00 0.000000000000e+00
   outer loop
     vertex 8.302273654281e+00 6.400000000000e+00 8.694413725980e+00
     vertex 9.117316567635e+00 6.400000000000e+00 7.423879532511e+00
     vertex 8.944429766980e+00 6.400000000000e+00 7.331469612303e+00
   endloop
 endfacet
 facet normal 0.000000000000e+00 1.000000000000e+00 0.000000000000e+00
   outer loop
     vertex 7.397354293588e+00 6.400000000000e+00 7.852361280616e+00
     vertex 8.668530387697e+00 6.400000000000e+00 7.055570233020e+00
     vertex 7.245257587668e+00 6.400000000000e+00 7.579878073689e+00
   endloop
 endfacet
 facet normal -0.000000000000e+00 1.000000000000e+00 0.000000000000e+00
   outer loop
     vertex 8.038224288341e+00 6.400000000000e+00 8.528105462939e+00
     vertex 8.302273654281e+00 6.400000000000e+00 8.694413725980e+00
     vertex 8.944429766980e+00 6.400000000000e+00 7.331469612303e+00
   endloop
 endfacet
 facet normal 0.000000000000e+00 1.000000000000e+00 0.000000000000e+00
   outer loop
     vertex 7.582212071964e+00 6.400000000000e+00 8.103773507413e+00
     vertex 8.668530387697e+00 6.400000000000e+00 7.055570233020e+00
     vertex 7.397354293588e+00 6.400000000000e+00 7.852361280616e+00
   endloop
 endfacet
 facet normal 0.000000000000e+00 1.000000000000e+00 0.000000000000e+00
   outer loop
     vertex 7.582212071964e+00 6.400000000000e+00 8.103773507413e+00
     vertex 8.792893218813e+00 6.400000000000e+00 7.207106781187e+00
     vertex 8.668530387697e+00 6.400000000000e+00 7.055570233020e+00
   endloop
 endfacet
 facet normal -0.000000000000e+00 1.000000000000e+00 0.000000000000e+00
   outer loop
     vertex 7.796950675756e+00 6.400000000000e+00 8.330197530102e+00
     vertex 8.038224288341e+00 6.400000000000e+00 8.528105462939e+00
     vertex 8.944429766980e+00 6.400000000000e+00 7.331469612303e+00
   endloop
 endfacet
 facet normal 0.000000000000e+00 1.000000000000e+00 0.000000000000e+00
   outer loop
     vertex 7.796950675756e+00 6.400000000000e+00 8.330197530102e+00
     vertex 8.792893218813e+00 6.400000000000e+00 7.207106781187e+00
     vertex 7.582212071964e+00 6.400000000000e+00 8.103773507413e+00
   endloop
 endfacet
 facet normal 0.000000000000e+00 1.000000000000e+00 0.000000000000e+00
   outer loop
     vertex 7.796950675756e+00 6.400000000000e+00 8.330197530102e+00
     vertex 8.944429766980e+00 6.400000000000e+00 7.331469612303e+00
     vertex 8.792893218813e+00 6.400000000000e+00 7.207106781187e+00
   endloop
 endfacet
 facet normal 0.000000000000e+00 1.000000000000e+00 0.000000000000e+00
   outer loop
     vertex -1.022034680734e+01 -6.500000000000e+00 5.668675468210e+00
     vertex -1.100000000000e+01 -6.500000000000e+00 4.500000000000e+00
     vertex -1.123747444843e+01 -6.500000000000e+00 4.702450962828e+00
   endloop
 endfacet
 facet normal 0.000000000000e+00 1.000000000000e+00 0.000000000000e+00
   outer loop
     vertex -1.036465840422e+01 -6.500000000000e+00 5.820025115157e+00
     vertex -1.144787751431e+01 -6.500000000000e+00 4.932909323227e+00
     vertex -1.162793093252e+01 -6.500000000000e+00 5.187784336916e+00
   endloop
 endfacet
 facet normal 0.000000000000e+00 1.000000000000e+00 0.000000000000e+00
   outer loop
     vertex -1.036465840422e+01 -6.500000000000e+00 5.820025115157e+00
     vertex -1.123747444843e+01 -6.500000000000e+00 4.702450962828e+00
     vertex -1.144787751431e+01 -6.500000000000e+00 4.932909323227e+00
   endloop
 endfacet
 facet normal 0.000000000000e+00 1.000000000000e+00 0.000000000000e+00
   outer loop
     vertex -1.036465840422e+01 -6.500000000000e+00 5.820025115157e+00
     vertex -1.022034680734e+01 -6.500000000000e+00 5.668675468210e+00
     vertex -1.123747444843e+01 -6.500000000000e+00 4.702450962828e+00
   endloop
 endfacet
 facet normal 0.000000000000e+00 1.000000000000e+00 0.000000000000e+00
   outer loop
     vertex -1.005000000000e+01 -6.500000000000e+00 5.547372055837e+00
     vertex -1.100000000000e+01 -6.500000000000e+00 4.500000000000e+00
     vertex -1.022034680734e+01 -6.500000000000e+00 5.668675468210e+00
   endloop
 endfacet
 facet normal 0.000000000000e+00 1.000000000000e+00 0.000000000000e+00
   outer loop
     vertex -1.047771899352e+01 -6.500000000000e+00 5.995950826100e+00
     vertex -1.162793093252e+01 -6.500000000000e+00 5.187784336916e+00
     vertex -1.177482931216e+01 -6.500000000000e+00 5.463104826647e+00
   endloop
 endfacet
 facet normal 0.000000000000e+00 1.000000000000e+00 0.000000000000e+00
   outer loop
     vertex -1.047771899352e+01 -6.500000000000e+00 5.995950826100e+00
     vertex -1.036465840422e+01 -6.500000000000e+00 5.820025115157e+00
     vertex -1.162793093252e+01 -6.500000000000e+00 5.187784336916e+00
   endloop
 endfacet
 facet normal 0.000000000000e+00 1.000000000000e+00 0.000000000000e+00
   outer loop
     vertex -9.859774759649e+00 -6.500000000000e+00 5.460499099414e+00
     vertex -1.100000000000e+01 -6.500000000000e+00 4.500000000000e+00
     vertex -1.005000000000e+01 -6.500000000000e+00 5.547372055837e+00
   endloop
 endfacet
 facet normal 0.000000000000e+00 1.000000000000e+00 0.000000000000e+00
   outer loop
     vertex -1.055544227098e+01 -6.500000000000e+00 6.190094187474e+00
     vertex -1.047771899352e+01 -6.500000000000e+00 5.995950826100e+00
     vertex -1.177482931216e+01 -6.500000000000e+00 5.463104826647e+00
   endloop
 endfacet
 facet normal 0.000000000000e+00 1.000000000000e+00 0.000000000000e+00
   outer loop
     vertex -1.055544227098e+01 -6.500000000000e+00 6.190094187474e+00
     vertex -1.188628384709e+01 -6.500000000000e+00 5.754581056644e+00
     vertex -1.196055797746e+01 -6.500000000000e+00 6.057671570464e+00
   endloop
 endfacet
 facet normal 0.000000000000e+00 1.000000000000e+00 0.000000000000e+00
   outer loop
     vertex -1.055544227098e+01 -6.500000000000e+00 6.190094187474e+00
     vertex -1.177482931216e+01 -6.500000000000e+00 5.463104826647e+00
     vertex -1.188628384709e+01 -6.500000000000e+00 5.754581056644e+00
   endloop
 endfacet
 facet normal 0.000000000000e+00 1.000000000000e+00 0.000000000000e+00
   outer loop
     vertex -9.656546322101e+00 -6.500000000000e+00 5.411196413931e+00
     vertex -1.100000000000e+01 -6.500000000000e+00 4.500000000000e+00
     vertex -9.859774759649e+00 -6.500000000000e+00 5.460499099414e+00
   endloop
 endfacet
 facet normal 0.000000000000e+00 1.000000000000e+00 0.000000000000e+00
   outer loop
     vertex -9.656546322101e+00 -6.500000000000e+00 5.411196413931e+00
     vertex -1.100000000000e+01 -6.500000000000e+00 3.500000000000e+00
     vertex -1.100000000000e+01 -6.500000000000e+00 4.500000000000e+00
   endloop
 endfacet
 facet normal 0.000000000000e+00 1.000000000000e+00 0.000000000000e+00
   outer loop
     vertex -1.059501911483e+01 -6.500000000000e+00 6.395438352365e+00
     vertex -1.196055797746e+01 -6.500000000000e+00 6.057671570464e+00
     vertex -1.199649444688e+01 -6.500000000000e+00 6.367653950891e+00
   endloop
 endfacet
 facet normal 0.000000000000e+00 1.000000000000e+00 0.000000000000e+00
   outer loop
     vertex -1.059501911483e+01 -6.500000000000e+00 6.395438352365e+00
     vertex -1.055544227098e+01 -6.500000000000e+00 6.190094187474e+00
     vertex -1.196055797746e+01 -6.500000000000e+00 6.057671570464e+00
   endloop
 endfacet
 facet normal 0.000000000000e+00 1.000000000000e+00 0.000000000000e+00
   outer loop
     vertex -9.447659892594e+00 -6.500000000000e+00 5.401245926899e+00
     vertex -1.100000000000e+01 -6.500000000000e+00 3.500000000000e+00
     vertex -9.656546322101e+00 -6.500000000000e+00 5.411196413931e+00
   endloop
 endfacet
 facet normal 0.000000000000e+00 1.000000000000e+00 0.000000000000e+00
   outer loop
     vertex -7.000000000000e+00 -6.500000000000e+00 3.000000000000e+00
     vertex -7.000000000000e+00 -6.500000000000e+00 2.000000000000e+00
     vertex -9.500000000000e+00 -6.500000000000e+00 2.000000000000e+00
   endloop
 endfacet
 facet normal 0.000000000000e+00 1.000000000000e+00 0.000000000000e+00
   outer loop
     vertex -8.000000000000e+00 -6.500000000000e+00 4.000000000000e+00
     vertex -1.100000000000e+01 -6.500000000000e+00 3.500000000000e+00
     vertex -9.447659892594e+00 -6.500000000000e+00 5.401245926899e+00
   endloop
 endfacet
 facet normal 0.000000000000e+00 1.000000000000e+00 0.000000000000e+00
   outer loop
     vertex -8.000000000000e+00 -6.500000000000e+00 4.000000000000e+00
     vertex -7.000000000000e+00 -6.500000000000e+00 3.000000000000e+00
     vertex -9.500000000000e+00 -6.500000000000e+00 2.000000000000e+00
   endloop
 endfacet
 facet normal 0.000000000000e+00 1.000000000000e+00 0.000000000000e+00
   outer loop
     vertex -8.000000000000e+00 -6.500000000000e+00 4.000000000000e+00
     vertex -9.500000000000e+00 -6.500000000000e+00 2.000000000000e+00
     vertex -1.100000000000e+01 -6.500000000000e+00 3.500000000000e+00
   endloop
 endfacet
 facet normal 0.000000000000e+00 1.000000000000e+00 0.000000000000e+00
   outer loop
     vertex -1.059501911483e+01 -6.500000000000e+00 6.604561647635e+00
     vertex -1.059501911483e+01 -6.500000000000e+00 6.395438352365e+00
     vertex -1.199649444688e+01 -6.500000000000e+00 6.367653950891e+00
   endloop
 endfacet
 facet normal 0.000000000000e+00 1.000000000000e+00 0.000000000000e+00
   outer loop
     vertex -1.059501911483e+01 -6.500000000000e+00 6.604561647635e+00
     vertex -1.199353333350e+01 -6.500000000000e+00 6.679698399354e+00
     vertex -1.195172077408e+01 -6.500000000000e+00 6.988942988448e+00
   endloop
 endfacet
 facet normal 0.000000000000e+00 1.000000000000e+00 0.000000000000e+00
   outer loop
     vertex -1.059501911483e+01 -6.500000000000e+00 6.604561647635e+00
     vertex -1.199649444688e+01 -6.500000000000e+00 6.367653950891e+00
     vertex -1.199353333350e+01 -6.500000000000e+00 6.679698399354e+00
   endloop
 endfacet
 facet normal 0.000000000000e+00 1.000000000000e+00 0.000000000000e+00
   outer loop
     vertex -9.240665170940e+00 -6.500000000000e+00 5.431007274844e+00
     vertex -8.000000000000e+00 -6.500000000000e+00 4.000000000000e+00
     vertex -9.447659892594e+00 -6.500000000000e+00 5.401245926899e+00
   endloop
 endfacet
 facet normal 0.000000000000e+00 1.000000000000e+00 0.000000000000e+00
   outer loop
     vertex -1.055544227098e+01 -6.500000000000e+00 6.809905812526e+00
     vertex -1.195172077408e+01 -6.500000000000e+00 6.988942988448e+00
     vertex -1.187170824513e+01 -6.500000000000e+00 7.290569415042e+00
   endloop
 endfacet
 facet normal 0.000000000000e+00 1.000000000000e+00 0.000000000000e+00
   outer loop
     vertex -1.055544227098e+01 -6.500000000000e+00 6.809905812526e+00
     vertex -1.059501911483e+01 -6.500000000000e+00 6.604561647635e+00
     vertex -1.195172077408e+01 -6.500000000000e+00 6.988942988448e+00
   endloop
 endfacet
 facet normal 0.000000000000e+00 1.000000000000e+00 0.000000000000e+00
   outer loop
     vertex -8.000000000000e+00 -6.500000000000e+00 4.500000000000e+00
     vertex -8.000000000000e+00 -6.500000000000e+00 4.000000000000e+00
     vertex -9.240665170940e+00 -6.500000000000e+00 5.431007274844e+00
   endloop
 endfacet
 facet normal 0.000000000000e+00 1.000000000000e+00 0.000000000000e+00
   outer loop
     vertex -8.000000000000e+00 -6.500000000000e+00 4.500000000000e+00
     vertex -9.240665170940e+00 -6.500000000000e+00 5.431007274844e+00
     vertex -9.043043485698e+00 -6.500000000000e+00 5.499404805110e+00
   endloop
 endfacet
 facet normal 0.000000000000e+00 1.000000000000e+00 0.000000000000e+00
   outer loop
     vertex -1.047771899352e+01 -6.500000000000e+00 7.004049173900e+00
     vertex -1.055544227098e+01 -6.500000000000e+00 6.809905812526e+00
     vertex -1.187170824513e+01 -6.500000000000e+00 7.290569415042e+00
   endloop
 endfacet
 facet normal 0.000000000000e+00 1.000000000000e+00 0.000000000000e+00
   outer loop
     vertex -1.047771899352e+01 -6.500000000000e+00 7.004049173900e+00
     vertex -1.175474241233e+01 -6.500000000000e+00 7.579878073689e+00
     vertex -1.160264570641e+01 -6.500000000000e+00 7.852361280616e+00
   endloop
 endfacet
 facet normal 0.000000000000e+00 1.000000000000e+00 0.000000000000e+00
   outer loop
     vertex -1.047771899352e+01 -6.500000000000e+00 7.004049173900e+00
     vertex -1.187170824513e+01 -6.500000000000e+00 7.290569415042e+00
     vertex -1.175474241233e+01 -6.500000000000e+00 7.579878073689e+00
   endloop
 endfacet
 facet normal 0.000000000000e+00 1.000000000000e+00 0.000000000000e+00
   outer loop
     vertex -8.861937399472e+00 -6.500000000000e+00 5.603966452745e+00
     vertex -8.000000000000e+00 -6.500000000000e+00 4.500000000000e+00
     vertex -9.043043485698e+00 -6.500000000000e+00 5.499404805110e+00
   endloop
 endfacet
 facet normal 0.000000000000e+00 1.000000000000e+00 0.000000000000e+00
   outer loop
     vertex -1.036465840422e+01 -6.500000000000e+00 7.179974884843e+00
     vertex -1.160264570641e+01 -6.500000000000e+00 7.852361280616e+00
     vertex -1.141778792804e+01 -6.500000000000e+00 8.103773507413e+00
   endloop
 endfacet
 facet normal 0.000000000000e+00 1.000000000000e+00 0.000000000000e+00
   outer loop
     vertex -1.036465840422e+01 -6.500000000000e+00 7.179974884843e+00
     vertex -1.047771899352e+01 -6.500000000000e+00 7.004049173900e+00
     vertex -1.160264570641e+01 -6.500000000000e+00 7.852361280616e+00
   endloop
 endfacet
 facet normal 0.000000000000e+00 1.000000000000e+00 0.000000000000e+00
   outer loop
     vertex -7.762525551566e+00 -6.500000000000e+00 4.702450962828e+00
     vertex -8.000000000000e+00 -6.500000000000e+00 4.500000000000e+00
     vertex -8.861937399472e+00 -6.500000000000e+00 5.603966452745e+00
   endloop
 endfacet
 facet normal 0.000000000000e+00 1.000000000000e+00 0.000000000000e+00
   outer loop
     vertex -8.703892558084e+00 -6.500000000000e+00 5.740913087370e+00
     vertex -7.762525551566e+00 -6.500000000000e+00 4.702450962828e+00
     vertex -8.861937399472e+00 -6.500000000000e+00 5.603966452745e+00
   endloop
 endfacet
 facet normal 0.000000000000e+00 1.000000000000e+00 0.000000000000e+00
   outer loop
     vertex -1.120304932424e+01 -6.500000000000e+00 8.330197530102e+00
     vertex -1.036465840422e+01 -6.500000000000e+00 7.179974884843e+00
     vertex -1.141778792804e+01 -6.500000000000e+00 8.103773507413e+00
   endloop
 endfacet
 facet normal 0.000000000000e+00 1.000000000000e+00 0.000000000000e+00
   outer loop
     vertex -1.120304932424e+01 -6.500000000000e+00 8.330197530102e+00
     vertex -1.022034680734e+01 -6.500000000000e+00 7.331324531790e+00
     vertex -1.036465840422e+01 -6.500000000000e+00 7.179974884843e+00
   endloop
 endfacet
 facet normal 0.000000000000e+00 1.000000000000e+00 0.000000000000e+00
   outer loop
     vertex -7.552122485686e+00 -6.500000000000e+00 4.932909323227e+00
     vertex -7.762525551566e+00 -6.500000000000e+00 4.702450962828e+00
     vertex -8.703892558084e+00 -6.500000000000e+00 5.740913087370e+00
   endloop
 endfacet
 facet normal 0.000000000000e+00 1.000000000000e+00 0.000000000000e+00
   outer loop
     vertex -7.552122485686e+00 -6.500000000000e+00 4.932909323227e+00
     vertex -8.703892558084e+00 -6.500000000000e+00 5.740913087370e+00
     vertex -8.574621113886e+00 -6.500000000000e+00 5.905295100799e+00
   endloop
 endfacet
 facet normal 0.000000000000e+00 1.000000000000e+00 0.000000000000e+00
   outer loop
     vertex -1.096177571166e+01 -6.500000000000e+00 8.528105462939e+00
     vertex -1.022034680734e+01 -6.500000000000e+00 7.331324531790e+00
     vertex -1.120304932424e+01 -6.500000000000e+00 8.330197530102e+00
   endloop
 endfacet
 facet normal 0.000000000000e+00 1.000000000000e+00 0.000000000000e+00
   outer loop
     vertex -1.096177571166e+01 -6.500000000000e+00 8.528105462939e+00
     vertex -1.005000000000e+01 -6.500000000000e+00 7.452627944163e+00
     vertex -1.022034680734e+01 -6.500000000000e+00 7.331324531790e+00
   endloop
 endfacet
 facet normal 0.000000000000e+00 1.000000000000e+00 0.000000000000e+00
   outer loop
     vertex -7.372069067484e+00 -6.500000000000e+00 5.187784336916e+00
     vertex -7.552122485686e+00 -6.500000000000e+00 4.932909323227e+00
     vertex -8.574621113886e+00 -6.500000000000e+00 5.905295100799e+00
   endloop
 endfacet
 facet normal 0.000000000000e+00 1.000000000000e+00 0.000000000000e+00
   outer loop
     vertex -1.069772634572e+01 -6.500000000000e+00 8.694413725980e+00
     vertex -1.005000000000e+01 -6.500000000000e+00 7.452627944163e+00
     vertex -1.096177571166e+01 -6.500000000000e+00 8.528105462939e+00
   endloop
 endfacet
 facet normal 0.000000000000e+00 1.000000000000e+00 0.000000000000e+00
   outer loop
     vertex -7.225170687837e+00 -6.500000000000e+00 5.463104826647e+00
     vertex -7.372069067484e+00 -6.500000000000e+00 5.187784336916e+00
     vertex -8.574621113886e+00 -6.500000000000e+00 5.905295100799e+00
   endloop
 endfacet
 facet normal 0.000000000000e+00 1.000000000000e+00 0.000000000000e+00
   outer loop
     vertex -7.225170687837e+00 -6.500000000000e+00 5.463104826647e+00
     vertex -8.574621113886e+00 -6.500000000000e+00 5.905295100799e+00
     vertex -8.478795273682e+00 -6.500000000000e+00 6.091171298774e+00
   endloop
 endfacet
 facet normal 0.000000000000e+00 1.000000000000e+00 0.000000000000e+00
   outer loop
     vertex -1.041501534816e+01 -6.500000000000e+00 8.826531089977e+00
     vertex -9.859774759649e+00 -6.500000000000e+00 7.539500900586e+00
     vertex -1.005000000000e+01 -6.500000000000e+00 7.452627944163e+00
   endloop
 endfacet
 facet normal 0.000000000000e+00 1.000000000000e+00 0.000000000000e+00
   outer loop
     vertex -1.041501534816e+01 -6.500000000000e+00 8.826531089977e+00
     vertex -1.005000000000e+01 -6.500000000000e+00 7.452627944163e+00
     vertex -1.069772634572e+01 -6.500000000000e+00 8.694413725980e+00
   endloop
 endfacet
 facet normal 0.000000000000e+00 1.000000000000e+00 0.000000000000e+00
   outer loop
     vertex -7.113716152909e+00 -6.500000000000e+00 5.754581056644e+00
     vertex -7.225170687837e+00 -6.500000000000e+00 5.463104826647e+00
     vertex -8.478795273682e+00 -6.500000000000e+00 6.091171298774e+00
   endloop
 endfacet
 facet normal 0.000000000000e+00 1.000000000000e+00 0.000000000000e+00
   outer loop
     vertex -7.113716152909e+00 -6.500000000000e+00 5.754581056644e+00
     vertex -8.478795273682e+00 -6.500000000000e+00 6.091171298774e+00
     vertex -8.419878433011e+00 -6.500000000000e+00 6.291823631204e+00
   endloop
 endfacet
 facet normal 0.000000000000e+00 1.000000000000e+00 0.000000000000e+00
   outer loop
     vertex -1.011804760539e+01 -6.500000000000e+00 8.922399050007e+00
     vertex -9.656546322101e+00 -6.500000000000e+00 7.588803586069e+00
     vertex -9.859774759649e+00 -6.500000000000e+00 7.539500900586e+00
   endloop
 endfacet
 facet normal 0.000000000000e+00 1.000000000000e+00 0.000000000000e+00
   outer loop
     vertex -1.011804760539e+01 -6.500000000000e+00 8.922399050007e+00
     vertex -9.859774759649e+00 -6.500000000000e+00 7.539500900586e+00
     vertex -1.041501534816e+01 -6.500000000000e+00 8.826531089977e+00
   endloop
 endfacet
 facet normal 0.000000000000e+00 1.000000000000e+00 0.000000000000e+00
   outer loop
     vertex -7.039442022544e+00 -6.500000000000e+00 6.057671570464e+00
     vertex -7.113716152909e+00 -6.500000000000e+00 5.754581056644e+00
     vertex -8.419878433011e+00 -6.500000000000e+00 6.291823631204e+00
   endloop
 endfacet
 facet normal 0.000000000000e+00 1.000000000000e+00 0.000000000000e+00
   outer loop
     vertex -9.811450136444e+00 -6.500000000000e+00 8.980523898798e+00
     vertex -9.656546322101e+00 -6.500000000000e+00 7.588803586069e+00
     vertex -1.011804760539e+01 -6.500000000000e+00 8.922399050007e+00
   endloop
 endfacet
 facet normal 0.000000000000e+00 1.000000000000e+00 0.000000000000e+00
   outer loop
     vertex -7.003505553124e+00 -6.500000000000e+00 6.367653950891e+00
     vertex -8.419878433011e+00 -6.500000000000e+00 6.291823631204e+00
     vertex -8.400000000000e+00 -6.500000000000e+00 6.500000000000e+00
   endloop
 endfacet
 facet normal 0.000000000000e+00 1.000000000000e+00 0.000000000000e+00
   outer loop
     vertex -7.003505553124e+00 -6.500000000000e+00 6.367653950891e+00
     vertex -7.039442022544e+00 -6.500000000000e+00 6.057671570464e+00
     vertex -8.419878433011e+00 -6.500000000000e+00 6.291823631204e+00
   endloop
 endfacet
 facet normal 0.000000000000e+00 1.000000000000e+00 0.000000000000e+00
   outer loop
     vertex -9.500000000000e+00 -6.500000000000e+00 9.000000000000e+00
     vertex -9.656546322101e+00 -6.500000000000e+00 7.588803586069e+00
     vertex -9.811450136444e+00 -6.500000000000e+00 8.980523898798e+00
   endloop
 endfacet
 facet normal 0.000000000000e+00 1.000000000000e+00 0.000000000000e+00
   outer loop
     vertex -9.500000000000e+00 -6.500000000000e+00 9.000000000000e+00
     vertex -9.447659892594e+00 -6.500000000000e+00 7.598754073101e+00
     vertex -9.656546322101e+00 -6.500000000000e+00 7.588803586069e+00
   endloop
 endfacet
 facet normal 0.000000000000e+00 1.000000000000e+00 0.000000000000e+00
   outer loop
     vertex -7.006466666501e+00 -6.500000000000e+00 6.679698399354e+00
     vertex -8.400000000000e+00 -6.500000000000e+00 6.500000000000e+00
     vertex -8.419878433011e+00 -6.500000000000e+00 6.708176368796e+00
   endloop
 endfacet
 facet normal 0.000000000000e+00 1.000000000000e+00 0.000000000000e+00
   outer loop
     vertex -7.006466666501e+00 -6.500000000000e+00 6.679698399354e+00
     vertex -7.003505553124e+00 -6.500000000000e+00 6.367653950891e+00
     vertex -8.400000000000e+00 -6.500000000000e+00 6.500000000000e+00
   endloop
 endfacet
 facet normal 0.000000000000e+00 1.000000000000e+00 0.000000000000e+00
   outer loop
     vertex -9.188549863556e+00 -6.500000000000e+00 8.980523898798e+00
     vertex -9.447659892594e+00 -6.500000000000e+00 7.598754073101e+00
     vertex -9.500000000000e+00 -6.500000000000e+00 9.000000000000e+00
   endloop
 endfacet
 facet normal 0.000000000000e+00 1.000000000000e+00 0.000000000000e+00
   outer loop
     vertex -9.188549863556e+00 -6.500000000000e+00 8.980523898798e+00
     vertex -9.240665170940e+00 -6.500000000000e+00 7.568992725156e+00
     vertex -9.447659892594e+00 -6.500000000000e+00 7.598754073101e+00
   endloop
 endfacet
 facet normal 0.000000000000e+00 1.000000000000e+00 0.000000000000e+00
   outer loop
     vertex -7.048279225922e+00 -6.500000000000e+00 6.988942988448e+00
     vertex -7.006466666501e+00 -6.500000000000e+00 6.679698399354e+00
     vertex -8.419878433011e+00 -6.500000000000e+00 6.708176368796e+00
   endloop
 endfacet
 facet normal 0.000000000000e+00 1.000000000000e+00 0.000000000000e+00
   outer loop
     vertex -8.881952394613e+00 -6.500000000000e+00 8.922399050007e+00
     vertex -9.240665170940e+00 -6.500000000000e+00 7.568992725156e+00
     vertex -9.188549863556e+00 -6.500000000000e+00 8.980523898798e+00
   endloop
 endfacet
 facet normal 0.000000000000e+00 1.000000000000e+00 0.000000000000e+00
   outer loop
     vertex -7.128291754874e+00 -6.500000000000e+00 7.290569415042e+00
     vertex -7.048279225922e+00 -6.500000000000e+00 6.988942988448e+00
     vertex -8.419878433011e+00 -6.500000000000e+00 6.708176368796e+00
   endloop
 endfacet
 facet normal 0.000000000000e+00 1.000000000000e+00 0.000000000000e+00
   outer loop
     vertex -7.128291754874e+00 -6.500000000000e+00 7.290569415042e+00
     vertex -8.419878433011e+00 -6.500000000000e+00 6.708176368796e+00
     vertex -8.478795273682e+00 -6.500000000000e+00 6.908828701226e+00
   endloop
 endfacet
 facet normal 0.000000000000e+00 1.000000000000e+00 0.000000000000e+00
   outer loop
     vertex -8.584984651838e+00 -6.500000000000e+00 8.826531089977e+00
     vertex -9.240665170940e+00 -6.500000000000e+00 7.568992725156e+00
     vertex -8.881952394613e+00 -6.500000000000e+00 8.922399050007e+00
   endloop
 endfacet
 facet normal 0.000000000000e+00 1.000000000000e+00 0.000000000000e+00
   outer loop
     vertex -8.584984651838e+00 -6.500000000000e+00 8.826531089977e+00
     vertex -9.043043485698e+00 -6.500000000000e+00 7.500595194890e+00
     vertex -9.240665170940e+00 -6.500000000000e+00 7.568992725156e+00
   endloop
 endfacet
 facet normal 0.000000000000e+00 1.000000000000e+00 0.000000000000e+00
   outer loop
     vertex -7.245257587668e+00 -6.500000000000e+00 7.579878073689e+00
     vertex -7.128291754874e+00 -6.500000000000e+00 7.290569415042e+00
     vertex -8.478795273682e+00 -6.500000000000e+00 6.908828701226e+00
   endloop
 endfacet
 facet normal 0.000000000000e+00 1.000000000000e+00 0.000000000000e+00
   outer loop
     vertex -7.245257587668e+00 -6.500000000000e+00 7.579878073689e+00
     vertex -8.478795273682e+00 -6.500000000000e+00 6.908828701226e+00
     vertex -8.574621113886e+00 -6.500000000000e+00 7.094704899201e+00
   endloop
 endfacet
 facet normal 0.000000000000e+00 1.000000000000e+00 0.000000000000e+00
   outer loop
     vertex -8.302273654281e+00 -6.500000000000e+00 8.694413725980e+00
     vertex -9.043043485698e+00 -6.500000000000e+00 7.500595194890e+00
     vertex -8.584984651838e+00 -6.500000000000e+00 8.826531089977e+00
   endloop
 endfacet
 facet normal 0.000000000000e+00 1.000000000000e+00 0.000000000000e+00
   outer loop
     vertex -8.302273654281e+00 -6.500000000000e+00 8.694413725980e+00
     vertex -8.861937399472e+00 -6.500000000000e+00 7.396033547255e+00
     vertex -9.043043485698e+00 -6.500000000000e+00 7.500595194890e+00
   endloop
 endfacet
 facet normal 0.000000000000e+00 1.000000000000e+00 0.000000000000e+00
   outer loop
     vertex -7.397354293588e+00 -6.500000000000e+00 7.852361280616e+00
     vertex -7.245257587668e+00 -6.500000000000e+00 7.579878073689e+00
     vertex -8.574621113886e+00 -6.500000000000e+00 7.094704899201e+00
   endloop
 endfacet
 facet normal 0.000000000000e+00 1.000000000000e+00 0.000000000000e+00
   outer loop
     vertex -8.038224288341e+00 -6.500000000000e+00 8.528105462939e+00
     vertex -8.861937399472e+00 -6.500000000000e+00 7.396033547255e+00
     vertex -8.302273654281e+00 -6.500000000000e+00 8.694413725980e+00
   endloop
 endfacet
 facet normal 0.000000000000e+00 1.000000000000e+00 0.000000000000e+00
   outer loop
     vertex -7.582212071964e+00 -6.500000000000e+00 8.103773507413e+00
     vertex -7.397354293588e+00 -6.500000000000e+00 7.852361280616e+00
     vertex -8.574621113886e+00 -6.500000000000e+00 7.094704899201e+00
   endloop
 endfacet
 facet normal 0.000000000000e+00 1.000000000000e+00 0.000000000000e+00
   outer loop
     vertex -7.582212071964e+00 -6.500000000000e+00 8.103773507413e+00
     vertex -8.574621113886e+00 -6.500000000000e+00 7.094704899201e+00
     vertex -8.703892558084e+00 -6.500000000000e+00 7.259086912630e+00
   endloop
 endfacet
 facet normal 0.000000000000e+00 1.000000000000e+00 0.000000000000e+00
   outer loop
     vertex -7.796950675756e+00 -6.500000000000e+00 8.330197530102e+00
     vertex -8.861937399472e+00 -6.500000000000e+00 7.396033547255e+00
     vertex -8.038224288341e+00 -6.500000000000e+00 8.528105462939e+00
   endloop
 endfacet
 facet normal 0.000000000000e+00 1.000000000000e+00 0.000000000000e+00
   outer loop
     vertex -7.796950675756e+00 -6.500000000000e+00 8.330197530102e+00
     vertex -7.582212071964e+00 -6.500000000000e+00 8.103773507413e+00
     vertex -8.703892558084e+00 -6.500000000000e+00 7.259086912630e+00
   endloop
 endfacet
 facet normal 0.000000000000e+00 1.000000000000e+00 0.000000000000e+00
   outer loop
     vertex -7.796950675756e+00 -6.500000000000e+00 8.330197530102e+00
     vertex -8.703892558084e+00 -6.500000000000e+00 7.259086912630e+00
     vertex -8.861937399472e+00 -6.500000000000e+00 7.396033547255e+00
   endloop
 endfacet
 facet normal 7.071067811865e-01 0.000000000000e+00 -7.071067811865e-01
   outer loop
     vertex 9.500000000000e+00 3.400000000000e+00 2.000000000000e+00
     vertex 9.500000000000e+00 6.400000000000e+00 2.000000000000e+00
     vertex 1.100000000000e+01 6.400000000000e+00 3.500000000000e+00
   endloop
 endfacet
 facet normal 7.071067811865e-01 0.000000000000e+00 -7.071067811865e-01
   outer loop
     vertex 9.500000000000e+00 3.400000000000e+00 2.000000000000e+00
     vertex 1.100000000000e+01 6.400000000000e+00 3.500000000000e+00
     vertex 1.100000000000e+01 3.400000000000e+00 3.500000000000e+00
   endloop
 endfacet
 facet normal -0.000000000000e+00 0.000000000000e+00 1.000000000000e+00
   outer loop
     vertex 7.500000000000e+00 3.400000000000e+00 2.000000000000e+00
     vertex 9.500000000000e+00 -3.400000000000e+00 2.000000000000e+00
     vertex 9.500000000000e+00 3.400000000000e+00 2.000000000000e+00
   endloop
 endfacet
 facet normal 0.000000000000e+00 0.000000000000e+00 1.000000000000e+00
   outer loop
     vertex 7.500000000000e+00 3.400000000000e+00 2.000000000000e+00
     vertex 7.500000000000e+00 -3.400000000000e+00 2.000000000000e+00
     vertex 9.500000000000e+00 -3.400000000000e+00 2.000000000000e+00
   endloop
 endfacet
 facet normal 7.071067811865e-01 0.000000000000e+00 -7.071067811865e-01
   outer loop
     vertex 9.500000000000e+00 -3.400000000000e+00 2.000000000000e+00
     vertex 1.100000000000e+01 -6.400000000000e+00 3.500000000000e+00
     vertex 9.500000000000e+00 -6.400000000000e+00 2.000000000000e+00
   endloop
 endfacet
 facet normal 7.071067811865e-01 0.000000000000e+00 -7.071067811865e-01
   outer loop
     vertex 9.500000000000e+00 -3.400000000000e+00 2.000000000000e+00
     vertex 1.100000000000e+01 -3.400000000000e+00 3.500000000000e+00
     vertex 1.100000000000e+01 -6.400000000000e+00 3.500000000000e+00
   endloop
 endfacet
 facet normal 7.071067811865e-01 -0.000000000000e+00 7.071067811865e-01
   outer loop
     vertex -8.000000000000e+00 -9.500000000000e+00 4.000000000000e+00
     vertex -7.000000000000e+00 -6.500000000000e+00 3.000000000000e+00
     vertex -8.000000000000e+00 -6.500000000000e+00 4.000000000000e+00
   endloop
 endfacet
 facet normal 7.071067811865e-01 0.000000000000e+00 7.071067811865e-01
   outer loop
     vertex -8.000000000000e+00 -9.500000000000e+00 4.000000000000e+00
     vertex -7.000000000000e+00 -9.500000000000e+00 3.000000000000e+00
     vertex -7.000000000000e+00 -6.500000000000e+00 3.000000000000e+00
   endloop
 endfacet
 facet normal 1.000000000000e+00 -0.000000000000e+00 8.171241461242e-14
   outer loop
     vertex -8.000000000000e+00 -9.500000000000e+00 4.500000000000e+00
     vertex -8.000000000000e+00 -6.500000000000e+00 4.000000000000e+00
     vertex -8.000000000000e+00 -6.500000000000e+00 4.500000000000e+00
   endloop
 endfacet
 facet normal 1.000000000000e+00 -0.000000000000e+00 8.171241461242e-14
   outer loop
     vertex -8.000000000000e+00 -9.500000000000e+00 4.000000000000e+00
     vertex -8.000000000000e+00 -6.500000000000e+00 4.000000000000e+00
     vertex -8.000000000000e+00 -9.500000000000e+00 4.500000000000e+00
   endloop
 endfacet
 facet normal 6.487596533884e-01 -3.322785559316e-17 -7.609933719392e-01
   outer loop
     vertex -7.762525551566e+00 -9.500000000000e+00 4.702450962828e+00
     vertex -8.000000000000e+00 -6.500000000000e+00 4.500000000000e+00
     vertex -7.762525551566e+00 -6.500000000000e+00 4.702450962828e+00
   endloop
 endfacet
 facet normal 7.385101257318e-01 1.902707336572e-17 -6.742423853420e-01
   outer loop
     vertex -7.762525551566e+00 -9.500000000000e+00 4.702450962828e+00
     vertex -7.762525551566e+00 -6.500000000000e+00 4.702450962828e+00
     vertex -7.552122485686e+00 -6.500000000000e+00 4.932909323227e+00
   endloop
 endfacet
 facet normal 6.487596533884e-01 0.000000000000e+00 -7.609933719392e-01
   outer loop
     vertex -7.762525551566e+00 -9.500000000000e+00 4.702450962828e+00
     vertex -8.000000000000e+00 -9.500000000000e+00 4.500000000000e+00
     vertex -8.000000000000e+00 -6.500000000000e+00 4.500000000000e+00
   endloop
 endfacet
 facet normal 8.167539597174e-01 -9.983665955626e-17 -5.769861083995e-01
   outer loop
     vertex -7.552122485686e+00 -9.500000000000e+00 4.932909323227e+00
     vertex -7.552122485686e+00 -6.500000000000e+00 4.932909323227e+00
     vertex -7.372069067484e+00 -6.500000000000e+00 5.187784336916e+00
   endloop
 endfacet
 facet normal 7.385101257318e-01 -1.805887720702e-16 -6.742423853419e-01
   outer loop
     vertex -7.552122485686e+00 -9.500000000000e+00 4.932909323227e+00
     vertex -7.762525551566e+00 -9.500000000000e+00 4.702450962828e+00
     vertex -7.552122485686e+00 -6.500000000000e+00 4.932909323227e+00
   endloop
 endfacet
 facet normal 8.822720474818e-01 2.436759936918e-16 -4.707398795856e-01
   outer loop
     vertex -7.372069067484e+00 -9.500000000000e+00 5.187784336916e+00
     vertex -7.372069067484e+00 -6.500000000000e+00 5.187784336916e+00
     vertex -7.225170687837e+00 -6.500000000000e+00 5.463104826647e+00
   endloop
 endfacet
 facet normal 8.167539597174e-01 1.419710875189e-16 -5.769861083995e-01
   outer loop
     vertex -7.372069067484e+00 -9.500000000000e+00 5.187784336916e+00
     vertex -7.552122485686e+00 -9.500000000000e+00 4.932909323227e+00
     vertex -7.372069067484e+00 -6.500000000000e+00 5.187784336916e+00
   endloop
 endfacet
 facet normal 8.822720474818e-01 1.043089929118e-16 -4.707398795856e-01
   outer loop
     vertex -7.225170687837e+00 -9.500000000000e+00 5.463104826647e+00
     vertex -7.372069067484e+00 -9.500000000000e+00 5.187784336916e+00
     vertex -7.225170687837e+00 -6.500000000000e+00 5.463104826647e+00
   endloop
 endfacet
 facet normal 9.340435594987e-01 2.358438756186e-16 -3.571591087442e-01
   outer loop
     vertex -7.225170687837e+00 -9.500000000000e+00 5.463104826647e+00
     vertex -7.225170687837e+00 -6.500000000000e+00 5.463104826647e+00
     vertex -7.113716152909e+00 -6.500000000000e+00 5.754581056644e+00
   endloop
 endfacet
 facet normal 9.712618500023e-01 5.686684492869e-18 -2.380134843450e-01
   outer loop
     vertex -7.113716152909e+00 -9.500000000000e+00 5.754581056644e+00
     vertex -7.113716152909e+00 -6.500000000000e+00 5.754581056644e+00
     vertex -7.039442022544e+00 -6.500000000000e+00 6.057671570464e+00
   endloop
 endfacet
 facet normal 9.340435594987e-01 -1.464289061790e-16 -3.571591087441e-01
   outer loop
     vertex -7.113716152909e+00 -9.500000000000e+00 5.754581056644e+00
     vertex -7.225170687837e+00 -9.500000000000e+00 5.463104826647e+00
     vertex -7.113716152909e+00 -6.500000000000e+00 5.754581056644e+00
   endloop
 endfacet
 facet normal 9.933470252386e-01 4.177094372857e-16 -1.151594001791e-01
   outer loop
     vertex -7.039442022544e+00 -9.500000000000e+00 6.057671570464e+00
     vertex -7.039442022544e+00 -6.500000000000e+00 6.057671570464e+00
     vertex -7.003505553124e+00 -6.500000000000e+00 6.367653950891e+00
   endloop
 endfacet
 facet normal 9.712618500023e-01 2.227718093786e-16 -2.380134843450e-01
   outer loop
     vertex -7.039442022544e+00 -9.500000000000e+00 6.057671570464e+00
     vertex -7.113716152909e+00 -9.500000000000e+00 5.754581056644e+00
     vertex -7.039442022544e+00 -6.500000000000e+00 6.057671570464e+00
   endloop
 endfacet
 facet normal 9.999549787212e-01 3.157112381805e-16 9.488968892658e-03
   outer loop
     vertex -7.003505553124e+00 -9.500000000000e+00 6.367653950891e+00
     vertex -7.003505553124e+00 -6.500000000000e+00 6.367653950891e+00
     vertex -7.006466666501e+00 -6.500000000000e+00 6.679698399354e+00
   endloop
 endfacet
 facet normal 9.933470252386e-01 5.543157754588e-17 -1.151594001791e-01
   outer loop
     vertex -7.003505553124e+00 -9.500000000000e+00 6.367653950891e+00
     vertex -7.039442022544e+00 -9.500000000000e+00 6.057671570464e+00
     vertex -7.003505553124e+00 -6.500000000000e+00 6.367653950891e+00
   endloop
 endfacet
 facet normal 9.909827527135e-01 -2.694287973970e-16 1.339894914696e-01
   outer loop
     vertex -7.006466666501e+00 -9.500000000000e+00 6.679698399354e+00
     vertex -7.006466666501e+00 -6.500000000000e+00 6.679698399354e+00
     vertex -7.048279225922e+00 -6.500000000000e+00 6.988942988448e+00
   endloop
 endfacet
 facet normal 9.999549787212e-01 -5.696178954595e-16 9.488968892666e-03
   outer loop
     vertex -7.006466666501e+00 -9.500000000000e+00 6.679698399354e+00
     vertex -7.003505553124e+00 -9.500000000000e+00 6.367653950891e+00
     vertex -7.006466666501e+00 -6.500000000000e+00 6.679698399354e+00
   endloop
 endfacet
 facet normal 9.665701424010e-01 3.211204858876e-16 2.564023397299e-01
   outer loop
     vertex -7.048279225922e+00 -9.500000000000e+00 6.988942988448e+00
     vertex -7.048279225922e+00 -6.500000000000e+00 6.988942988448e+00
     vertex -7.128291754874e+00 -6.500000000000e+00 7.290569415042e+00
   endloop
 endfacet
 facet normal 9.909827527135e-01 2.396103435471e-17 1.339894914696e-01
   outer loop
     vertex -7.048279225922e+00 -9.500000000000e+00 6.988942988448e+00
     vertex -7.006466666501e+00 -9.500000000000e+00 6.679698399354e+00
     vertex -7.048279225922e+00 -6.500000000000e+00 6.988942988448e+00
   endloop
 endfacet
 facet normal 9.270975177587e-01 2.278315195996e-16 3.748202136566e-01
   outer loop
     vertex -7.128291754874e+00 -9.500000000000e+00 7.290569415042e+00
     vertex -7.128291754874e+00 -6.500000000000e+00 7.290569415042e+00
     vertex -7.245257587668e+00 -6.500000000000e+00 7.579878073689e+00
   endloop
 endfacet
 facet normal 9.665701424010e-01 -4.095210295097e-17 2.564023397299e-01
   outer loop
     vertex -7.128291754874e+00 -9.500000000000e+00 7.290569415042e+00
     vertex -7.048279225922e+00 -9.500000000000e+00 6.988942988448e+00
     vertex -7.128291754874e+00 -6.500000000000e+00 7.290569415042e+00
   endloop
 endfacet
 facet normal 8.731798970526e-01 2.345521460046e-16 4.873980584524e-01
   outer loop
     vertex -7.245257587668e+00 -9.500000000000e+00 7.579878073689e+00
     vertex -7.245257587668e+00 -6.500000000000e+00 7.579878073689e+00
     vertex -7.397354293588e+00 -6.500000000000e+00 7.852361280616e+00
   endloop
 endfacet
 facet normal 9.270975177587e-01 -4.664448314403e-17 3.748202136566e-01
   outer loop
     vertex -7.245257587668e+00 -9.500000000000e+00 7.579878073689e+00
     vertex -7.128291754874e+00 -9.500000000000e+00 7.290569415042e+00
     vertex -7.245257587668e+00 -6.500000000000e+00 7.579878073689e+00
   endloop
 endfacet
 facet normal 8.056573643126e-01 9.819150395327e-17 5.923818121186e-01
   outer loop
     vertex -7.397354293588e+00 -9.500000000000e+00 7.852361280616e+00
     vertex -7.397354293588e+00 -6.500000000000e+00 7.852361280616e+00
     vertex -7.582212071964e+00 -6.500000000000e+00 8.103773507413e+00
   endloop
 endfacet
 facet normal 8.731798970526e-01 -1.682598467952e-16 4.873980584524e-01
   outer loop
     vertex -7.397354293588e+00 -9.500000000000e+00 7.852361280616e+00
     vertex -7.245257587668e+00 -9.500000000000e+00 7.579878073689e+00
     vertex -7.397354293588e+00 -6.500000000000e+00 7.852361280616e+00
   endloop
 endfacet
 facet normal 7.255819800835e-01 -2.591606808479e-16 6.881357352864e-01
   outer loop
     vertex -7.582212071964e+00 -9.500000000000e+00 8.103773507413e+00
     vertex -7.582212071964e+00 -6.500000000000e+00 8.103773507413e+00
     vertex -7.796950675756e+00 -6.500000000000e+00 8.330197530102e+00
   endloop
 endfacet
 facet normal 8.056573643126e-01 -4.910914854294e-16 5.923818121186e-01
   outer loop
     vertex -7.582212071964e+00 -9.500000000000e+00 8.103773507413e+00
     vertex -7.397354293588e+00 -9.500000000000e+00 7.852361280616e+00
     vertex -7.582212071964e+00 -6.500000000000e+00 8.103773507413e+00
   endloop
 endfacet
 facet normal 6.342013893949e-01 2.468541070799e-16 7.731678974774e-01
   outer loop
     vertex -7.796950675756e+00 -9.500000000000e+00 8.330197530102e+00
     vertex -7.796950675756e+00 -6.500000000000e+00 8.330197530102e+00
     vertex -8.038224288341e+00 -6.500000000000e+00 8.528105462939e+00
   endloop
 endfacet
 facet normal 7.255819800835e-01 -6.651789305512e-17 6.881357352864e-01
   outer loop
     vertex -7.796950675756e+00 -9.500000000000e+00 8.330197530102e+00
     vertex -7.582212071964e+00 -9.500000000000e+00 8.103773507413e+00
     vertex -7.796950675756e+00 -6.500000000000e+00 8.330197530102e+00
   endloop
 endfacet
 facet normal 5.329393823525e-01 5.535642956261e-17 8.461534226946e-01
   outer loop
     vertex -8.038224288341e+00 -9.500000000000e+00 8.528105462939e+00
     vertex -8.038224288341e+00 -6.500000000000e+00 8.528105462939e+00
     vertex -8.302273654281e+00 -6.500000000000e+00 8.694413725980e+00
   endloop
 endfacet
 facet normal 6.342013893949e-01 -2.109532538163e-16 7.731678974774e-01
   outer loop
     vertex -8.038224288341e+00 -9.500000000000e+00 8.528105462939e+00
     vertex -7.796950675756e+00 -9.500000000000e+00 8.330197530102e+00
     vertex -8.038224288341e+00 -6.500000000000e+00 8.528105462939e+00
   endloop
 endfacet
 facet normal 5.329393823525e-01 -7.612305492417e-16 8.461534226946e-01
   outer loop
     vertex -8.302273654281e+00 -9.500000000000e+00 8.694413725980e+00
     vertex -8.038224288341e+00 -9.500000000000e+00 8.528105462939e+00
     vertex -8.302273654281e+00 -6.500000000000e+00 8.694413725980e+00
   endloop
 endfacet
 facet normal 4.233737102341e-01 -2.156295873972e-16 9.059551321576e-01
   outer loop
     vertex -8.584984651838e+00 -9.500000000000e+00 8.826531089977e+00
     vertex -8.302273654281e+00 -6.500000000000e+00 8.694413725980e+00
     vertex -8.584984651838e+00 -6.500000000000e+00 8.826531089977e+00
   endloop
 endfacet
 facet normal 4.233737102341e-01 -4.669533854687e-16 9.059551321576e-01
   outer loop
     vertex -8.584984651838e+00 -9.500000000000e+00 8.826531089977e+00
     vertex -8.302273654281e+00 -9.500000000000e+00 8.694413725980e+00
     vertex -8.302273654281e+00 -6.500000000000e+00 8.694413725980e+00
   endloop
 endfacet
 facet normal 3.072115027342e-01 1.776756777104e-17 9.516412625500e-01
   outer loop
     vertex -8.881952394613e+00 -9.500000000000e+00 8.922399050007e+00
     vertex -8.584984651838e+00 -6.500000000000e+00 8.826531089977e+00
     vertex -8.881952394613e+00 -6.500000000000e+00 8.922399050007e+00
   endloop
 endfacet
 facet normal 1.862626693803e-01 2.508878885809e-16 9.824999837126e-01
   outer loop
     vertex -8.881952394613e+00 -9.500000000000e+00 8.922399050007e+00
     vertex -8.881952394613e+00 -6.500000000000e+00 8.922399050007e+00
     vertex -9.188549863556e+00 -6.500000000000e+00 8.980523898798e+00
   endloop
 endfacet
 facet normal 3.072115027342e-01 1.852989624876e-17 9.516412625500e-01
   outer loop
     vertex -8.881952394613e+00 -9.500000000000e+00 8.922399050007e+00
     vertex -8.584984651838e+00 -9.500000000000e+00 8.826531089977e+00
     vertex -8.584984651838e+00 -6.500000000000e+00 8.826531089977e+00
   endloop
 endfacet
 facet normal 1.862626693803e-01 2.508878885809e-16 9.824999837126e-01
   outer loop
     vertex -9.188549863556e+00 -9.500000000000e+00 8.980523898798e+00
     vertex -8.881952394613e+00 -9.500000000000e+00 8.922399050007e+00
     vertex -9.188549863556e+00 -6.500000000000e+00 8.980523898798e+00
   endloop
 endfacet
 facet normal 6.241169954718e-02 -1.478205991323e-16 9.980504895844e-01
   outer loop
     vertex -9.500000000000e+00 -9.500000000000e+00 9.000000000000e+00
     vertex -9.188549863556e+00 -6.500000000000e+00 8.980523898798e+00
     vertex -9.500000000000e+00 -6.500000000000e+00 9.000000000000e+00
   endloop
 endfacet
 facet normal 6.241169954717e-02 4.799243128428e-16 9.980504895844e-01
   outer loop
     vertex -9.500000000000e+00 -9.500000000000e+00 9.000000000000e+00
     vertex -9.188549863556e+00 -9.500000000000e+00 8.980523898798e+00
     vertex -9.188549863556e+00 -6.500000000000e+00 8.980523898798e+00
   endloop
 endfacet
 facet normal -6.241169954718e-02 1.478205991323e-16 9.980504895844e-01
   outer loop
     vertex -9.811450136444e+00 -9.500000000000e+00 8.980523898798e+00
     vertex -9.500000000000e+00 -6.500000000000e+00 9.000000000000e+00
     vertex -9.811450136444e+00 -6.500000000000e+00 8.980523898798e+00
   endloop
 endfacet
 facet normal -1.862626693803e-01 4.411586222382e-16 9.824999837126e-01
   outer loop
     vertex -9.811450136444e+00 -9.500000000000e+00 8.980523898798e+00
     vertex -9.811450136444e+00 -6.500000000000e+00 8.980523898798e+00
     vertex -1.011804760539e+01 -6.500000000000e+00 8.922399050007e+00
   endloop
 endfacet
 facet normal -6.241169954718e-02 1.482391699901e-16 9.980504895844e-01
   outer loop
     vertex -9.811450136444e+00 -9.500000000000e+00 8.980523898798e+00
     vertex -9.500000000000e+00 -9.500000000000e+00 9.000000000000e+00
     vertex -9.500000000000e+00 -6.500000000000e+00 9.000000000000e+00
   endloop
 endfacet
 facet normal -3.072115027342e-01 5.457172540244e-16 9.516412625500e-01
   outer loop
     vertex -1.011804760539e+01 -9.500000000000e+00 8.922399050007e+00
     vertex -1.011804760539e+01 -6.500000000000e+00 8.922399050007e+00
     vertex -1.041501534816e+01 -6.500000000000e+00 8.826531089977e+00
   endloop
 endfacet
 facet normal -1.862626693803e-01 3.308689666786e-16 9.824999837126e-01
   outer loop
     vertex -1.011804760539e+01 -9.500000000000e+00 8.922399050007e+00
     vertex -9.811450136444e+00 -9.500000000000e+00 8.980523898798e+00
     vertex -1.011804760539e+01 -6.500000000000e+00 8.922399050007e+00
   endloop
 endfacet
 facet normal -3.072115027342e-01 1.641381835704e-16 9.516412625500e-01
   outer loop
     vertex -1.041501534816e+01 -9.500000000000e+00 8.826531089977e+00
     vertex -1.011804760539e+01 -9.500000000000e+00 8.922399050007e+00
     vertex -1.041501534816e+01 -6.500000000000e+00 8.826531089977e+00
   endloop
 endfacet
 facet normal -4.233737102341e-01 2.156295873973e-16 9.059551321576e-01
   outer loop
     vertex -1.069772634572e+01 -9.500000000000e+00 8.694413725980e+00
     vertex -1.041501534816e+01 -6.500000000000e+00 8.826531089977e+00
     vertex -1.069772634572e+01 -6.500000000000e+00 8.694413725980e+00
   endloop
 endfacet
 facet normal -5.329393823525e-01 4.456670436325e-16 8.461534226946e-01
   outer loop
     vertex -1.069772634572e+01 -9.500000000000e+00 8.694413725980e+00
     vertex -1.069772634572e+01 -6.500000000000e+00 8.694413725980e+00
     vertex -1.096177571166e+01 -6.500000000000e+00 8.528105462939e+00
   endloop
 endfacet
 facet normal -4.233737102341e-01 4.669533854687e-16 9.059551321576e-01
   outer loop
     vertex -1.069772634572e+01 -9.500000000000e+00 8.694413725980e+00
     vertex -1.041501534816e+01 -9.500000000000e+00 8.826531089977e+00
     vertex -1.041501534816e+01 -6.500000000000e+00 8.826531089977e+00
   endloop
 endfacet
 facet normal -6.342013893949e-01 2.109532538163e-16 7.731678974774e-01
   outer loop
     vertex -1.096177571166e+01 -9.500000000000e+00 8.528105462939e+00
     vertex -1.096177571166e+01 -6.500000000000e+00 8.528105462939e+00
     vertex -1.120304932424e+01 -6.500000000000e+00 8.330197530102e+00
   endloop
 endfacet
 facet normal -5.329393823525e-01 -5.535642956259e-17 8.461534226945e-01
   outer loop
     vertex -1.096177571166e+01 -9.500000000000e+00 8.528105462939e+00
     vertex -1.069772634572e+01 -9.500000000000e+00 8.694413725980e+00
     vertex -1.096177571166e+01 -6.500000000000e+00 8.528105462939e+00
   endloop
 endfacet
 facet normal -6.342013893949e-01 2.109532538163e-16 7.731678974774e-01
   outer loop
     vertex -1.120304932424e+01 -9.500000000000e+00 8.330197530102e+00
     vertex -1.096177571166e+01 -9.500000000000e+00 8.528105462939e+00
     vertex -1.120304932424e+01 -6.500000000000e+00 8.330197530102e+00
   endloop
 endfacet
 facet normal -7.255819800835e-01 4.434526203675e-17 6.881357352864e-01
   outer loop
     vertex -1.141778792804e+01 -9.500000000000e+00 8.103773507413e+00
     vertex -1.120304932424e+01 -6.500000000000e+00 8.330197530102e+00
     vertex -1.141778792804e+01 -6.500000000000e+00 8.103773507413e+00
   endloop
 endfacet
 facet normal -7.255819800835e-01 4.743653439682e-16 6.881357352864e-01
   outer loop
     vertex -1.141778792804e+01 -9.500000000000e+00 8.103773507413e+00
     vertex -1.120304932424e+01 -9.500000000000e+00 8.330197530102e+00
     vertex -1.120304932424e+01 -6.500000000000e+00 8.330197530102e+00
   endloop
 endfacet
 facet normal -8.056573643126e-01 -9.819150395326e-17 5.923818121186e-01
   outer loop
     vertex -1.160264570641e+01 -9.500000000000e+00 7.852361280616e+00
     vertex -1.141778792804e+01 -6.500000000000e+00 8.103773507413e+00
     vertex -1.160264570641e+01 -6.500000000000e+00 7.852361280616e+00
   endloop
 endfacet
 facet normal -8.731798970526e-01 1.682598467952e-16 4.873980584524e-01
   outer loop
     vertex -1.160264570641e+01 -9.500000000000e+00 7.852361280616e+00
     vertex -1.160264570641e+01 -6.500000000000e+00 7.852361280616e+00
     vertex -1.175474241233e+01 -6.500000000000e+00 7.579878073689e+00
   endloop
 endfacet
 facet normal -8.056573643126e-01 2.520065889831e-16 5.923818121186e-01
   outer loop
     vertex -1.160264570641e+01 -9.500000000000e+00 7.852361280616e+00
     vertex -1.141778792804e+01 -9.500000000000e+00 8.103773507413e+00
     vertex -1.141778792804e+01 -6.500000000000e+00 8.103773507413e+00
   endloop
 endfacet
 facet normal -9.270975177587e-01 4.320895609001e-16 3.748202136566e-01
   outer loop
     vertex -1.175474241233e+01 -9.500000000000e+00 7.579878073689e+00
     vertex -1.175474241233e+01 -6.500000000000e+00 7.579878073689e+00
     vertex -1.187170824513e+01 -6.500000000000e+00 7.290569415042e+00
   endloop
 endfacet
 facet normal -8.731798970526e-01 1.682598467952e-16 4.873980584524e-01
   outer loop
     vertex -1.175474241233e+01 -9.500000000000e+00 7.579878073689e+00
     vertex -1.160264570641e+01 -9.500000000000e+00 7.852361280616e+00
     vertex -1.175474241233e+01 -6.500000000000e+00 7.579878073689e+00
   endloop
 endfacet
 facet normal -9.270975177587e-01 -2.278315195996e-16 3.748202136566e-01
   outer loop
     vertex -1.187170824513e+01 -9.500000000000e+00 7.290569415042e+00
     vertex -1.175474241233e+01 -9.500000000000e+00 7.579878073689e+00
     vertex -1.187170824513e+01 -6.500000000000e+00 7.290569415042e+00
   endloop
 endfacet
 facet normal -9.665701424010e-01 4.076577174727e-17 2.564023397299e-01
   outer loop
     vertex -1.195172077408e+01 -9.500000000000e+00 6.988942988448e+00
     vertex -1.187170824513e+01 -9.500000000000e+00 7.290569415042e+00
     vertex -1.187170824513e+01 -6.500000000000e+00 7.290569415042e+00
   endloop
 endfacet
 facet normal -9.665701424010e-01 -5.313723914537e-16 2.564023397299e-01
   outer loop
     vertex -1.195172077408e+01 -9.500000000000e+00 6.988942988448e+00
     vertex -1.187170824513e+01 -6.500000000000e+00 7.290569415042e+00
     vertex -1.195172077408e+01 -6.500000000000e+00 6.988942988448e+00
   endloop
 endfacet
 facet normal -9.909827527135e-01 -2.776820078431e-16 1.339894914696e-01
   outer loop
     vertex -1.195172077408e+01 -9.500000000000e+00 6.988942988448e+00
     vertex -1.195172077408e+01 -6.500000000000e+00 6.988942988448e+00
     vertex -1.199353333350e+01 -6.500000000000e+00 6.679698399354e+00
   endloop
 endfacet
 facet normal -9.909827527135e-01 3.090976556603e-16 1.339894914696e-01
   outer loop
     vertex -1.199353333350e+01 -9.500000000000e+00 6.679698399354e+00
     vertex -1.195172077408e+01 -9.500000000000e+00 6.988942988448e+00
     vertex -1.199353333350e+01 -6.500000000000e+00 6.679698399354e+00
   endloop
 endfacet
 facet normal -9.999549787212e-01 5.723421703835e-16 9.488968892649e-03
   outer loop
     vertex -1.199649444688e+01 -9.500000000000e+00 6.367653950891e+00
     vertex -1.199353333350e+01 -9.500000000000e+00 6.679698399354e+00
     vertex -1.199353333350e+01 -6.500000000000e+00 6.679698399354e+00
   endloop
 endfacet
 facet normal -9.999549787212e-01 -1.966509392321e-17 9.488968892655e-03
   outer loop
     vertex -1.199649444688e+01 -9.500000000000e+00 6.367653950891e+00
     vertex -1.199353333350e+01 -6.500000000000e+00 6.679698399354e+00
     vertex -1.199649444688e+01 -6.500000000000e+00 6.367653950891e+00
   endloop
 endfacet
 facet normal -9.933470252386e-01 2.390356616090e-16 -1.151594001791e-01
   outer loop
     vertex -1.196055797746e+01 -9.500000000000e+00 6.057671570464e+00
     vertex -1.199649444688e+01 -9.500000000000e+00 6.367653950891e+00
     vertex -1.199649444688e+01 -6.500000000000e+00 6.367653950891e+00
   endloop
 endfacet
 facet normal -9.933470252386e-01 -4.177094372857e-16 -1.151594001791e-01
   outer loop
     vertex -1.196055797746e+01 -9.500000000000e+00 6.057671570464e+00
     vertex -1.199649444688e+01 -6.500000000000e+00 6.367653950891e+00
     vertex -1.196055797746e+01 -6.500000000000e+00 6.057671570464e+00
   endloop
 endfacet
 facet normal -9.712618500023e-01 -2.223587549851e-16 -2.380134843450e-01
   outer loop
     vertex -1.188628384709e+01 -9.500000000000e+00 5.754581056644e+00
     vertex -1.196055797746e+01 -9.500000000000e+00 6.057671570464e+00
     vertex -1.196055797746e+01 -6.500000000000e+00 6.057671570464e+00
   endloop
 endfacet
 facet normal -9.712618500023e-01 -2.227718093786e-16 -2.380134843450e-01
   outer loop
     vertex -1.188628384709e+01 -9.500000000000e+00 5.754581056644e+00
     vertex -1.196055797746e+01 -6.500000000000e+00 6.057671570464e+00
     vertex -1.188628384709e+01 -6.500000000000e+00 5.754581056644e+00
   endloop
 endfacet
 facet normal -9.340435594987e-01 -2.436320042796e-17 -3.571591087442e-01
   outer loop
     vertex -1.188628384709e+01 -9.500000000000e+00 5.754581056644e+00
     vertex -1.188628384709e+01 -6.500000000000e+00 5.754581056644e+00
     vertex -1.177482931216e+01 -6.500000000000e+00 5.463104826647e+00
   endloop
 endfacet
 facet normal -9.340435594987e-01 4.229613503812e-16 -3.571591087442e-01
   outer loop
     vertex -1.177482931216e+01 -9.500000000000e+00 5.463104826647e+00
     vertex -1.188628384709e+01 -9.500000000000e+00 5.754581056644e+00
     vertex -1.177482931216e+01 -6.500000000000e+00 5.463104826647e+00
   endloop
 endfacet
 facet normal -8.822720474818e-01 5.558968874627e-16 -4.707398795857e-01
   outer loop
     vertex -1.162793093252e+01 -9.500000000000e+00 5.187784336916e+00
     vertex -1.177482931216e+01 -9.500000000000e+00 5.463104826647e+00
     vertex -1.177482931216e+01 -6.500000000000e+00 5.463104826647e+00
   endloop
 endfacet
 facet normal -8.822720474818e-01 -2.436759936918e-16 -4.707398795856e-01
   outer loop
     vertex -1.162793093252e+01 -9.500000000000e+00 5.187784336916e+00
     vertex -1.177482931216e+01 -6.500000000000e+00 5.463104826647e+00
     vertex -1.162793093252e+01 -6.500000000000e+00 5.187784336916e+00
   endloop
 endfacet
 facet normal -8.167539597174e-01 1.708222033157e-16 -5.769861083995e-01
   outer loop
     vertex -1.144787751431e+01 -9.500000000000e+00 4.932909323227e+00
     vertex -1.162793093252e+01 -6.500000000000e+00 5.187784336916e+00
     vertex -1.144787751431e+01 -6.500000000000e+00 4.932909323227e+00
   endloop
 endfacet
 facet normal -8.167539597174e-01 -1.408272114906e-16 -5.769861083995e-01
   outer loop
     vertex -1.144787751431e+01 -9.500000000000e+00 4.932909323227e+00
     vertex -1.162793093252e+01 -9.500000000000e+00 5.187784336916e+00
     vertex -1.162793093252e+01 -6.500000000000e+00 5.187784336916e+00
   endloop
 endfacet
 facet normal -7.385101257318e-01 1.996158454360e-16 -6.742423853420e-01
   outer loop
     vertex -1.144787751431e+01 -9.500000000000e+00 4.932909323227e+00
     vertex -1.144787751431e+01 -6.500000000000e+00 4.932909323227e+00
     vertex -1.123747444843e+01 -6.500000000000e+00 4.702450962828e+00
   endloop
 endfacet
 facet normal -6.487596533884e-01 2.252992968304e-16 -7.609933719392e-01
   outer loop
     vertex -1.123747444843e+01 -9.500000000000e+00 4.702450962828e+00
     vertex -1.123747444843e+01 -6.500000000000e+00 4.702450962828e+00
     vertex -1.100000000000e+01 -6.500000000000e+00 4.500000000000e+00
   endloop
 endfacet
 facet normal -7.385101257318e-01 1.996158454360e-16 -6.742423853420e-01
   outer loop
     vertex -1.123747444843e+01 -9.500000000000e+00 4.702450962828e+00
     vertex -1.144787751431e+01 -9.500000000000e+00 4.932909323227e+00
     vertex -1.123747444843e+01 -6.500000000000e+00 4.702450962828e+00
   endloop
 endfacet
 facet normal -6.487596533884e-01 0.000000000000e+00 -7.609933719392e-01
   outer loop
     vertex -1.100000000000e+01 -9.500000000000e+00 4.500000000000e+00
     vertex -1.123747444843e+01 -9.500000000000e+00 4.702450962828e+00
     vertex -1.100000000000e+01 -6.500000000000e+00 4.500000000000e+00
   endloop
 endfacet
 facet normal -1.000000000000e+00 0.000000000000e+00 5.329070518201e-14
   outer loop
     vertex -1.100000000000e+01 -6.500000000000e+00 4.500000000000e+00
     vertex -1.100000000000e+01 -9.500000000000e+00 3.500000000000e+00
     vertex -1.100000000000e+01 -9.500000000000e+00 4.500000000000e+00
   endloop
 endfacet
 facet normal -1.000000000000e+00 0.000000000000e+00 5.329070518201e-14
   outer loop
     vertex -1.100000000000e+01 -6.500000000000e+00 3.500000000000e+00
     vertex -1.100000000000e+01 -9.500000000000e+00 3.500000000000e+00
     vertex -1.100000000000e+01 -6.500000000000e+00 4.500000000000e+00
   endloop
 endfacet
 facet normal -9.954719225731e-01 0.000000000000e+00 -9.505604330418e-02
   outer loop
     vertex -8.419878433011e+00 -9.500000000000e+00 6.708176368796e+00
     vertex -8.400000000000e+00 -6.500000000000e+00 6.500000000000e+00
     vertex -8.400000000000e+00 -9.500000000000e+00 6.500000000000e+00
   endloop
 endfacet
 facet normal -9.954719225731e-01 0.000000000000e+00 -9.505604330418e-02
   outer loop
     vertex -8.419878433011e+00 -9.500000000000e+00 6.708176368796e+00
     vertex -8.419878433011e+00 -6.500000000000e+00 6.708176368796e+00
     vertex -8.400000000000e+00 -6.500000000000e+00 6.500000000000e+00
   endloop
 endfacet
 facet normal -9.594929736145e-01 0.000000000000e+00 -2.817325568414e-01
   outer loop
     vertex -8.478795273682e+00 -9.500000000000e+00 6.908828701226e+00
     vertex -8.478795273682e+00 -6.500000000000e+00 6.908828701226e+00
     vertex -8.419878433011e+00 -6.500000000000e+00 6.708176368796e+00
   endloop
 endfacet
 facet normal -9.594929736145e-01 0.000000000000e+00 -2.817325568414e-01
   outer loop
     vertex -8.478795273682e+00 -9.500000000000e+00 6.908828701226e+00
     vertex -8.419878433011e+00 -6.500000000000e+00 6.708176368796e+00
     vertex -8.419878433011e+00 -9.500000000000e+00 6.708176368796e+00
   endloop
 endfacet
 facet normal -8.888354486549e-01 0.000000000000e+00 -4.582265217274e-01
   outer loop
     vertex -8.574621113886e+00 -9.500000000000e+00 7.094704899201e+00
     vertex -8.574621113886e+00 -6.500000000000e+00 7.094704899201e+00
     vertex -8.478795273682e+00 -6.500000000000e+00 6.908828701226e+00
   endloop
 endfacet
 facet normal -8.888354486549e-01 0.000000000000e+00 -4.582265217274e-01
   outer loop
     vertex -8.574621113886e+00 -9.500000000000e+00 7.094704899201e+00
     vertex -8.478795273682e+00 -6.500000000000e+00 6.908828701226e+00
     vertex -8.478795273682e+00 -9.500000000000e+00 6.908828701226e+00
   endloop
 endfacet
 facet normal -7.860530947428e-01 0.000000000000e+00 -6.181589862206e-01
   outer loop
     vertex -8.703892558084e+00 -9.500000000000e+00 7.259086912630e+00
     vertex -8.703892558084e+00 -6.500000000000e+00 7.259086912630e+00
     vertex -8.574621113886e+00 -6.500000000000e+00 7.094704899201e+00
   endloop
 endfacet
 facet normal -7.860530947428e-01 0.000000000000e+00 -6.181589862206e-01
   outer loop
     vertex -8.703892558084e+00 -9.500000000000e+00 7.259086912630e+00
     vertex -8.574621113886e+00 -6.500000000000e+00 7.094704899201e+00
     vertex -8.574621113886e+00 -9.500000000000e+00 7.094704899201e+00
   endloop
 endfacet
 facet normal -6.548607339453e-01 0.000000000000e+00 -7.557495743543e-01
   outer loop
     vertex -8.861937399472e+00 -9.500000000000e+00 7.396033547255e+00
     vertex -8.861937399472e+00 -6.500000000000e+00 7.396033547255e+00
     vertex -8.703892558084e+00 -6.500000000000e+00 7.259086912630e+00
   endloop
 endfacet
 facet normal -6.548607339453e-01 0.000000000000e+00 -7.557495743543e-01
   outer loop
     vertex -8.861937399472e+00 -9.500000000000e+00 7.396033547255e+00
     vertex -8.703892558084e+00 -6.500000000000e+00 7.259086912630e+00
     vertex -8.703892558084e+00 -9.500000000000e+00 7.259086912630e+00
   endloop
 endfacet
 facet normal -5.000000000000e-01 0.000000000000e+00 -8.660254037844e-01
   outer loop
     vertex -9.043043485698e+00 -9.500000000000e+00 7.500595194890e+00
     vertex -9.043043485698e+00 -6.500000000000e+00 7.500595194890e+00
     vertex -8.861937399472e+00 -6.500000000000e+00 7.396033547255e+00
   endloop
 endfacet
 facet normal -5.000000000000e-01 0.000000000000e+00 -8.660254037844e-01
   outer loop
     vertex -9.043043485698e+00 -9.500000000000e+00 7.500595194890e+00
     vertex -8.861937399472e+00 -6.500000000000e+00 7.396033547255e+00
     vertex -8.861937399472e+00 -9.500000000000e+00 7.396033547255e+00
   endloop
 endfacet
 facet normal -3.270679633174e-01 0.000000000000e+00 -9.450008187147e-01
   outer loop
     vertex -9.240665170940e+00 -9.500000000000e+00 7.568992725156e+00
     vertex -9.240665170940e+00 -6.500000000000e+00 7.568992725156e+00
     vertex -9.043043485698e+00 -6.500000000000e+00 7.500595194890e+00
   endloop
 endfacet
 facet normal -3.270679633174e-01 0.000000000000e+00 -9.450008187147e-01
   outer loop
     vertex -9.240665170940e+00 -9.500000000000e+00 7.568992725156e+00
     vertex -9.043043485698e+00 -6.500000000000e+00 7.500595194890e+00
     vertex -9.043043485698e+00 -9.500000000000e+00 7.500595194890e+00
   endloop
 endfacet
 facet normal -1.423148382733e-01 0.000000000000e+00 -9.898214418809e-01
   outer loop
     vertex -9.447659892594e+00 -9.500000000000e+00 7.598754073101e+00
     vertex -9.240665170940e+00 -6.500000000000e+00 7.568992725156e+00
     vertex -9.240665170940e+00 -9.500000000000e+00 7.568992725156e+00
   endloop
 endfacet
 facet normal -1.423148382733e-01 0.000000000000e+00 -9.898214418809e-01
   outer loop
     vertex -9.447659892594e+00 -9.500000000000e+00 7.598754073101e+00
     vertex -9.447659892594e+00 -6.500000000000e+00 7.598754073101e+00
     vertex -9.240665170940e+00 -6.500000000000e+00 7.568992725156e+00
   endloop
 endfacet
 facet normal 4.758191582374e-02 0.000000000000e+00 -9.988673391830e-01
   outer loop
     vertex -9.656546322101e+00 -9.500000000000e+00 7.588803586069e+00
     vertex -9.447659892594e+00 -6.500000000000e+00 7.598754073101e+00
     vertex -9.447659892594e+00 -9.500000000000e+00 7.598754073101e+00
   endloop
 endfacet
 facet normal 4.758191582374e-02 0.000000000000e+00 -9.988673391830e-01
   outer loop
     vertex -9.656546322101e+00 -9.500000000000e+00 7.588803586069e+00
     vertex -9.656546322101e+00 -6.500000000000e+00 7.588803586069e+00
     vertex -9.447659892594e+00 -6.500000000000e+00 7.598754073101e+00
   endloop
 endfacet
 facet normal 2.357589355094e-01 0.000000000000e+00 -9.718115683235e-01
   outer loop
     vertex -9.656546322101e+00 -9.500000000000e+00 7.588803586069e+00
     vertex -9.859774759649e+00 -6.500000000000e+00 7.539500900586e+00
     vertex -9.656546322101e+00 -6.500000000000e+00 7.588803586069e+00
   endloop
 endfacet
 facet normal 2.357589355094e-01 0.000000000000e+00 -9.718115683235e-01
   outer loop
     vertex -9.859774759649e+00 -9.500000000000e+00 7.539500900586e+00
     vertex -9.859774759649e+00 -6.500000000000e+00 7.539500900586e+00
     vertex -9.656546322101e+00 -9.500000000000e+00 7.588803586069e+00
   endloop
 endfacet
 facet normal 4.154150130019e-01 0.000000000000e+00 -9.096319953545e-01
   outer loop
     vertex -1.005000000000e+01 -9.500000000000e+00 7.452627944163e+00
     vertex -9.859774759649e+00 -6.500000000000e+00 7.539500900586e+00
     vertex -9.859774759649e+00 -9.500000000000e+00 7.539500900586e+00
   endloop
 endfacet
 facet normal 4.154150130019e-01 0.000000000000e+00 -9.096319953545e-01
   outer loop
     vertex -1.005000000000e+01 -9.500000000000e+00 7.452627944163e+00
     vertex -1.005000000000e+01 -6.500000000000e+00 7.452627944163e+00
     vertex -9.859774759649e+00 -6.500000000000e+00 7.539500900586e+00
   endloop
 endfacet
 facet normal 5.800569095712e-01 0.000000000000e+00 -8.145759520503e-01
   outer loop
     vertex -1.022034680734e+01 -9.500000000000e+00 7.331324531790e+00
     vertex -1.005000000000e+01 -6.500000000000e+00 7.452627944163e+00
     vertex -1.005000000000e+01 -9.500000000000e+00 7.452627944163e+00
   endloop
 endfacet
 facet normal 5.800569095712e-01 0.000000000000e+00 -8.145759520503e-01
   outer loop
     vertex -1.022034680734e+01 -9.500000000000e+00 7.331324531790e+00
     vertex -1.022034680734e+01 -6.500000000000e+00 7.331324531790e+00
     vertex -1.005000000000e+01 -6.500000000000e+00 7.452627944163e+00
   endloop
 endfacet
 facet normal 7.237340381051e-01 0.000000000000e+00 -6.900790114821e-01
   outer loop
     vertex -1.036465840422e+01 -9.500000000000e+00 7.179974884843e+00
     vertex -1.022034680734e+01 -6.500000000000e+00 7.331324531790e+00
     vertex -1.022034680734e+01 -9.500000000000e+00 7.331324531790e+00
   endloop
 endfacet
 facet normal 7.237340381051e-01 0.000000000000e+00 -6.900790114821e-01
   outer loop
     vertex -1.036465840422e+01 -9.500000000000e+00 7.179974884843e+00
     vertex -1.036465840422e+01 -6.500000000000e+00 7.179974884843e+00
     vertex -1.022034680734e+01 -6.500000000000e+00 7.331324531790e+00
   endloop
 endfacet
 facet normal 8.412535328312e-01 0.000000000000e+00 -5.406408174556e-01
   outer loop
     vertex -1.047771899352e+01 -9.500000000000e+00 7.004049173900e+00
     vertex -1.036465840422e+01 -6.500000000000e+00 7.179974884843e+00
     vertex -1.036465840422e+01 -9.500000000000e+00 7.179974884843e+00
   endloop
 endfacet
 facet normal 8.412535328312e-01 0.000000000000e+00 -5.406408174556e-01
   outer loop
     vertex -1.047771899352e+01 -9.500000000000e+00 7.004049173900e+00
     vertex -1.047771899352e+01 -6.500000000000e+00 7.004049173900e+00
     vertex -1.036465840422e+01 -6.500000000000e+00 7.179974884843e+00
   endloop
 endfacet
 facet normal 9.283679330161e-01 0.000000000000e+00 -3.716624556603e-01
   outer loop
     vertex -1.055544227098e+01 -9.500000000000e+00 6.809905812526e+00
     vertex -1.047771899352e+01 -6.500000000000e+00 7.004049173900e+00
     vertex -1.047771899352e+01 -9.500000000000e+00 7.004049173900e+00
   endloop
 endfacet
 facet normal 9.283679330161e-01 0.000000000000e+00 -3.716624556603e-01
   outer loop
     vertex -1.055544227098e+01 -9.500000000000e+00 6.809905812526e+00
     vertex -1.055544227098e+01 -6.500000000000e+00 6.809905812526e+00
     vertex -1.047771899352e+01 -6.500000000000e+00 7.004049173900e+00
   endloop
 endfacet
 facet normal 9.819286972627e-01 0.000000000000e+00 -1.892512443604e-01
   outer loop
     vertex -1.059501911483e+01 -9.500000000000e+00 6.604561647635e+00
     vertex -1.055544227098e+01 -6.500000000000e+00 6.809905812526e+00
     vertex -1.055544227098e+01 -9.500000000000e+00 6.809905812526e+00
   endloop
 endfacet
 facet normal 9.819286972627e-01 0.000000000000e+00 -1.892512443604e-01
   outer loop
     vertex -1.059501911483e+01 -9.500000000000e+00 6.604561647635e+00
     vertex -1.059501911483e+01 -6.500000000000e+00 6.604561647635e+00
     vertex -1.055544227098e+01 -6.500000000000e+00 6.809905812526e+00
   endloop
 endfacet
 facet normal 1.000000000000e+00 0.000000000000e+00 0.000000000000e+00
   outer loop
     vertex -1.059501911483e+01 -9.500000000000e+00 6.395438352365e+00
     vertex -1.059501911483e+01 -6.500000000000e+00 6.604561647635e+00
     vertex -1.059501911483e+01 -9.500000000000e+00 6.604561647635e+00
   endloop
 endfacet
 facet normal 1.000000000000e+00 0.000000000000e+00 0.000000000000e+00
   outer loop
     vertex -1.059501911483e+01 -9.500000000000e+00 6.395438352365e+00
     vertex -1.059501911483e+01 -6.500000000000e+00 6.395438352365e+00
     vertex -1.059501911483e+01 -6.500000000000e+00 6.604561647635e+00
   endloop
 endfacet
 facet normal 9.819286972627e-01 0.000000000000e+00 1.892512443604e-01
   outer loop
     vertex -1.055544227098e+01 -9.500000000000e+00 6.190094187474e+00
     vertex -1.059501911483e+01 -6.500000000000e+00 6.395438352365e+00
     vertex -1.059501911483e+01 -9.500000000000e+00 6.395438352365e+00
   endloop
 endfacet
 facet normal 9.819286972627e-01 -0.000000000000e+00 1.892512443604e-01
   outer loop
     vertex -1.055544227098e+01 -9.500000000000e+00 6.190094187474e+00
     vertex -1.055544227098e+01 -6.500000000000e+00 6.190094187474e+00
     vertex -1.059501911483e+01 -6.500000000000e+00 6.395438352365e+00
   endloop
 endfacet
 facet normal 9.283679330161e-01 0.000000000000e+00 3.716624556603e-01
   outer loop
     vertex -1.047771899352e+01 -9.500000000000e+00 5.995950826100e+00
     vertex -1.055544227098e+01 -6.500000000000e+00 6.190094187474e+00
     vertex -1.055544227098e+01 -9.500000000000e+00 6.190094187474e+00
   endloop
 endfacet
 facet normal 9.283679330161e-01 -0.000000000000e+00 3.716624556603e-01
   outer loop
     vertex -1.047771899352e+01 -9.500000000000e+00 5.995950826100e+00
     vertex -1.047771899352e+01 -6.500000000000e+00 5.995950826100e+00
     vertex -1.055544227098e+01 -6.500000000000e+00 6.190094187474e+00
   endloop
 endfacet
 facet normal 8.412535328312e-01 0.000000000000e+00 5.406408174556e-01
   outer loop
     vertex -1.036465840422e+01 -9.500000000000e+00 5.820025115157e+00
     vertex -1.047771899352e+01 -6.500000000000e+00 5.995950826100e+00
     vertex -1.047771899352e+01 -9.500000000000e+00 5.995950826100e+00
   endloop
 endfacet
 facet normal 8.412535328312e-01 -0.000000000000e+00 5.406408174556e-01
   outer loop
     vertex -1.036465840422e+01 -9.500000000000e+00 5.820025115157e+00
     vertex -1.036465840422e+01 -6.500000000000e+00 5.820025115157e+00
     vertex -1.047771899352e+01 -6.500000000000e+00 5.995950826100e+00
   endloop
 endfacet
 facet normal 7.237340381051e-01 0.000000000000e+00 6.900790114821e-01
   outer loop
     vertex -1.022034680734e+01 -9.500000000000e+00 5.668675468210e+00
     vertex -1.036465840422e+01 -6.500000000000e+00 5.820025115157e+00
     vertex -1.036465840422e+01 -9.500000000000e+00 5.820025115157e+00
   endloop
 endfacet
 facet normal 7.237340381051e-01 -0.000000000000e+00 6.900790114821e-01
   outer loop
     vertex -1.022034680734e+01 -9.500000000000e+00 5.668675468210e+00
     vertex -1.022034680734e+01 -6.500000000000e+00 5.668675468210e+00
     vertex -1.036465840422e+01 -6.500000000000e+00 5.820025115157e+00
   endloop
 endfacet
 facet normal 5.800569095712e-01 -0.000000000000e+00 8.145759520503e-01
   outer loop
     vertex -1.005000000000e+01 -9.500000000000e+00 5.547372055837e+00
     vertex -1.005000000000e+01 -6.500000000000e+00 5.547372055837e+00
     vertex -1.022034680734e+01 -6.500000000000e+00 5.668675468210e+00
   endloop
 endfacet
 facet normal 5.800569095712e-01 0.000000000000e+00 8.145759520503e-01
   outer loop
     vertex -1.005000000000e+01 -9.500000000000e+00 5.547372055837e+00
     vertex -1.022034680734e+01 -6.500000000000e+00 5.668675468210e+00
     vertex -1.022034680734e+01 -9.500000000000e+00 5.668675468210e+00
   endloop
 endfacet
 facet normal 4.154150130019e-01 -0.000000000000e+00 9.096319953545e-01
   outer loop
     vertex -9.859774759649e+00 -9.500000000000e+00 5.460499099414e+00
     vertex -9.859774759649e+00 -6.500000000000e+00 5.460499099414e+00
     vertex -1.005000000000e+01 -6.500000000000e+00 5.547372055837e+00
   endloop
 endfacet
 facet normal 4.154150130019e-01 0.000000000000e+00 9.096319953545e-01
   outer loop
     vertex -9.859774759649e+00 -9.500000000000e+00 5.460499099414e+00
     vertex -1.005000000000e+01 -6.500000000000e+00 5.547372055837e+00
     vertex -1.005000000000e+01 -9.500000000000e+00 5.547372055837e+00
   endloop
 endfacet
 facet normal 2.357589355094e-01 -0.000000000000e+00 9.718115683235e-01
   outer loop
     vertex -9.656546322101e+00 -9.500000000000e+00 5.411196413931e+00
     vertex -9.656546322101e+00 -6.500000000000e+00 5.411196413931e+00
     vertex -9.859774759649e+00 -6.500000000000e+00 5.460499099414e+00
   endloop
 endfacet
 facet normal 2.357589355094e-01 0.000000000000e+00 9.718115683235e-01
   outer loop
     vertex -9.656546322101e+00 -9.500000000000e+00 5.411196413931e+00
     vertex -9.859774759649e+00 -6.500000000000e+00 5.460499099414e+00
     vertex -9.859774759649e+00 -9.500000000000e+00 5.460499099414e+00
   endloop
 endfacet
 facet normal 4.758191582374e-02 -0.000000000000e+00 9.988673391830e-01
   outer loop
     vertex -9.447659892594e+00 -9.500000000000e+00 5.401245926899e+00
     vertex -9.447659892594e+00 -6.500000000000e+00 5.401245926899e+00
     vertex -9.656546322101e+00 -6.500000000000e+00 5.411196413931e+00
   endloop
 endfacet
 facet normal 4.758191582374e-02 0.000000000000e+00 9.988673391830e-01
   outer loop
     vertex -9.447659892594e+00 -9.500000000000e+00 5.401245926899e+00
     vertex -9.656546322101e+00 -6.500000000000e+00 5.411196413931e+00
     vertex -9.656546322101e+00 -9.500000000000e+00 5.411196413931e+00
   endloop
 endfacet
 facet normal -1.423148382733e-01 0.000000000000e+00 9.898214418809e-01
   outer loop
     vertex -9.240665170940e+00 -9.500000000000e+00 5.431007274844e+00
     vertex -9.240665170940e+00 -6.500000000000e+00 5.431007274844e+00
     vertex -9.447659892594e+00 -6.500000000000e+00 5.401245926899e+00
   endloop
 endfacet
 facet normal -1.423148382733e-01 0.000000000000e+00 9.898214418809e-01
   outer loop
     vertex -9.240665170940e+00 -9.500000000000e+00 5.431007274844e+00
     vertex -9.447659892594e+00 -6.500000000000e+00 5.401245926899e+00
     vertex -9.447659892594e+00 -9.500000000000e+00 5.401245926899e+00
   endloop
 endfacet
 facet normal -3.270679633174e-01 0.000000000000e+00 9.450008187147e-01
   outer loop
     vertex -9.043043485698e+00 -9.500000000000e+00 5.499404805110e+00
     vertex -9.043043485698e+00 -6.500000000000e+00 5.499404805110e+00
     vertex -9.240665170940e+00 -6.500000000000e+00 5.431007274844e+00
   endloop
 endfacet
 facet normal -3.270679633174e-01 0.000000000000e+00 9.450008187147e-01
   outer loop
     vertex -9.043043485698e+00 -9.500000000000e+00 5.499404805110e+00
     vertex -9.240665170940e+00 -6.500000000000e+00 5.431007274844e+00
     vertex -9.240665170940e+00 -9.500000000000e+00 5.431007274844e+00
   endloop
 endfacet
 facet normal -5.000000000000e-01 0.000000000000e+00 8.660254037844e-01
   outer loop
     vertex -8.861937399472e+00 -9.500000000000e+00 5.603966452745e+00
     vertex -8.861937399472e+00 -6.500000000000e+00 5.603966452745e+00
     vertex -9.043043485698e+00 -6.500000000000e+00 5.499404805110e+00
   endloop
 endfacet
 facet normal -5.000000000000e-01 0.000000000000e+00 8.660254037844e-01
   outer loop
     vertex -8.861937399472e+00 -9.500000000000e+00 5.603966452745e+00
     vertex -9.043043485698e+00 -6.500000000000e+00 5.499404805110e+00
     vertex -9.043043485698e+00 -9.500000000000e+00 5.499404805110e+00
   endloop
 endfacet
 facet normal -6.548607339453e-01 0.000000000000e+00 7.557495743543e-01
   outer loop
     vertex -8.703892558084e+00 -9.500000000000e+00 5.740913087370e+00
     vertex -8.703892558084e+00 -6.500000000000e+00 5.740913087370e+00
     vertex -8.861937399472e+00 -6.500000000000e+00 5.603966452745e+00
   endloop
 endfacet
 facet normal -6.548607339453e-01 0.000000000000e+00 7.557495743543e-01
   outer loop
     vertex -8.703892558084e+00 -9.500000000000e+00 5.740913087370e+00
     vertex -8.861937399472e+00 -6.500000000000e+00 5.603966452745e+00
     vertex -8.861937399472e+00 -9.500000000000e+00 5.603966452745e+00
   endloop
 endfacet
 facet normal -7.860530947428e-01 0.000000000000e+00 6.181589862206e-01
   outer loop
     vertex -8.574621113886e+00 -9.500000000000e+00 5.905295100799e+00
     vertex -8.574621113886e+00 -6.500000000000e+00 5.905295100799e+00
     vertex -8.703892558084e+00 -6.500000000000e+00 5.740913087370e+00
   endloop
 endfacet
 facet normal -7.860530947428e-01 0.000000000000e+00 6.181589862206e-01
   outer loop
     vertex -8.574621113886e+00 -9.500000000000e+00 5.905295100799e+00
     vertex -8.703892558084e+00 -6.500000000000e+00 5.740913087370e+00
     vertex -8.703892558084e+00 -9.500000000000e+00 5.740913087370e+00
   endloop
 endfacet
 facet normal -8.888354486549e-01 0.000000000000e+00 4.582265217274e-01
   outer loop
     vertex -8.478795273682e+00 -9.500000000000e+00 6.091171298774e+00
     vertex -8.478795273682e+00 -6.500000000000e+00 6.091171298774e+00
     vertex -8.574621113886e+00 -6.500000000000e+00 5.905295100799e+00
   endloop
 endfacet
 facet normal -8.888354486549e-01 0.000000000000e+00 4.582265217274e-01
   outer loop
     vertex -8.478795273682e+00 -9.500000000000e+00 6.091171298774e+00
     vertex -8.574621113886e+00 -6.500000000000e+00 5.905295100799e+00
     vertex -8.574621113886e+00 -9.500000000000e+00 5.905295100799e+00
   endloop
 endfacet
 facet normal -9.594929736145e-01 0.000000000000e+00 2.817325568414e-01
   outer loop
     vertex -8.419878433011e+00 -9.500000000000e+00 6.291823631204e+00
     vertex -8.419878433011e+00 -6.500000000000e+00 6.291823631204e+00
     vertex -8.478795273682e+00 -6.500000000000e+00 6.091171298774e+00
   endloop
 endfacet
 facet normal -9.954719225731e-01 0.000000000000e+00 9.505604330418e-02
   outer loop
     vertex -8.419878433011e+00 -9.500000000000e+00 6.291823631204e+00
     vertex -8.400000000000e+00 -6.500000000000e+00 6.500000000000e+00
     vertex -8.419878433011e+00 -6.500000000000e+00 6.291823631204e+00
   endloop
 endfacet
 facet normal -9.594929736145e-01 0.000000000000e+00 2.817325568414e-01
   outer loop
     vertex -8.419878433011e+00 -9.500000000000e+00 6.291823631204e+00
     vertex -8.478795273682e+00 -6.500000000000e+00 6.091171298774e+00
     vertex -8.478795273682e+00 -9.500000000000e+00 6.091171298774e+00
   endloop
 endfacet
 facet normal -9.954719225731e-01 0.000000000000e+00 9.505604330418e-02
   outer loop
     vertex -8.400000000000e+00 -9.500000000000e+00 6.500000000000e+00
     vertex -8.400000000000e+00 -6.500000000000e+00 6.500000000000e+00
     vertex -8.419878433011e+00 -9.500000000000e+00 6.291823631204e+00
   endloop
 endfacet
 facet normal -6.487596533884e-01 -3.322785559316e-17 -7.609933719392e-01
   outer loop
     vertex 7.762525551566e+00 -6.400000000000e+00 4.702450962828e+00
     vertex 7.762525551566e+00 -3.400000000000e+00 4.702450962828e+00
     vertex 8.000000000000e+00 -3.400000000000e+00 4.500000000000e+00
   endloop
 endfacet
 facet normal -7.385101257318e-01 1.902707336572e-17 -6.742423853420e-01
   outer loop
     vertex 7.762525551566e+00 -6.400000000000e+00 4.702450962828e+00
     vertex 7.552122485686e+00 -3.400000000000e+00 4.932909323227e+00
     vertex 7.762525551566e+00 -3.400000000000e+00 4.702450962828e+00
   endloop
 endfacet
 facet normal -6.487596533884e-01 0.000000000000e+00 -7.609933719392e-01
   outer loop
     vertex 7.762525551566e+00 -6.400000000000e+00 4.702450962828e+00
     vertex 8.000000000000e+00 -3.400000000000e+00 4.500000000000e+00
     vertex 8.000000000000e+00 -6.400000000000e+00 4.500000000000e+00
   endloop
 endfacet
 facet normal -8.167539597174e-01 -9.983665955626e-17 -5.769861083995e-01
   outer loop
     vertex 7.552122485686e+00 -6.400000000000e+00 4.932909323227e+00
     vertex 7.372069067484e+00 -3.400000000000e+00 5.187784336916e+00
     vertex 7.552122485686e+00 -3.400000000000e+00 4.932909323227e+00
   endloop
 endfacet
 facet normal -7.385101257318e-01 -1.805887720702e-16 -6.742423853419e-01
   outer loop
     vertex 7.552122485686e+00 -6.400000000000e+00 4.932909323227e+00
     vertex 7.552122485686e+00 -3.400000000000e+00 4.932909323227e+00
     vertex 7.762525551566e+00 -6.400000000000e+00 4.702450962828e+00
   endloop
 endfacet
 facet normal -8.822720474818e-01 2.436759936918e-16 -4.707398795856e-01
   outer loop
     vertex 7.372069067484e+00 -6.400000000000e+00 5.187784336916e+00
     vertex 7.225170687837e+00 -3.400000000000e+00 5.463104826647e+00
     vertex 7.372069067484e+00 -3.400000000000e+00 5.187784336916e+00
   endloop
 endfacet
 facet normal -8.167539597174e-01 1.419710875189e-16 -5.769861083995e-01
   outer loop
     vertex 7.372069067484e+00 -6.400000000000e+00 5.187784336916e+00
     vertex 7.372069067484e+00 -3.400000000000e+00 5.187784336916e+00
     vertex 7.552122485686e+00 -6.400000000000e+00 4.932909323227e+00
   endloop
 endfacet
 facet normal -8.822720474818e-01 1.043089929118e-16 -4.707398795856e-01
   outer loop
     vertex 7.225170687837e+00 -6.400000000000e+00 5.463104826647e+00
     vertex 7.225170687837e+00 -3.400000000000e+00 5.463104826647e+00
     vertex 7.372069067484e+00 -6.400000000000e+00 5.187784336916e+00
   endloop
 endfacet
 facet normal -9.340435594987e-01 2.358438756186e-16 -3.571591087442e-01
   outer loop
     vertex 7.225170687837e+00 -6.400000000000e+00 5.463104826647e+00
     vertex 7.113716152909e+00 -3.400000000000e+00 5.754581056644e+00
     vertex 7.225170687837e+00 -3.400000000000e+00 5.463104826647e+00
   endloop
 endfacet
 facet normal -9.712618500023e-01 5.686684492869e-18 -2.380134843450e-01
   outer loop
     vertex 7.113716152909e+00 -6.400000000000e+00 5.754581056644e+00
     vertex 7.039442022544e+00 -3.400000000000e+00 6.057671570464e+00
     vertex 7.113716152909e+00 -3.400000000000e+00 5.754581056644e+00
   endloop
 endfacet
 facet normal -9.340435594987e-01 -1.464289061790e-16 -3.571591087441e-01
   outer loop
     vertex 7.113716152909e+00 -6.400000000000e+00 5.754581056644e+00
     vertex 7.113716152909e+00 -3.400000000000e+00 5.754581056644e+00
     vertex 7.225170687837e+00 -6.400000000000e+00 5.463104826647e+00
   endloop
 endfacet
 facet normal -9.933470252386e-01 4.177094372857e-16 -1.151594001791e-01
   outer loop
     vertex 7.039442022544e+00 -6.400000000000e+00 6.057671570464e+00
     vertex 7.003505553124e+00 -3.400000000000e+00 6.367653950891e+00
     vertex 7.039442022544e+00 -3.400000000000e+00 6.057671570464e+00
   endloop
 endfacet
 facet normal -9.712618500023e-01 2.227718093786e-16 -2.380134843450e-01
   outer loop
     vertex 7.039442022544e+00 -6.400000000000e+00 6.057671570464e+00
     vertex 7.039442022544e+00 -3.400000000000e+00 6.057671570464e+00
     vertex 7.113716152909e+00 -6.400000000000e+00 5.754581056644e+00
   endloop
 endfacet
 facet normal -9.999549787212e-01 3.157112381805e-16 9.488968892658e-03
   outer loop
     vertex 7.003505553124e+00 -6.400000000000e+00 6.367653950891e+00
     vertex 7.006466666501e+00 -3.400000000000e+00 6.679698399354e+00
     vertex 7.003505553124e+00 -3.400000000000e+00 6.367653950891e+00
   endloop
 endfacet
 facet normal -9.933470252386e-01 5.543157754588e-17 -1.151594001791e-01
   outer loop
     vertex 7.003505553124e+00 -6.400000000000e+00 6.367653950891e+00
     vertex 7.003505553124e+00 -3.400000000000e+00 6.367653950891e+00
     vertex 7.039442022544e+00 -6.400000000000e+00 6.057671570464e+00
   endloop
 endfacet
 facet normal -9.909827527135e-01 -2.694287973970e-16 1.339894914696e-01
   outer loop
     vertex 7.006466666501e+00 -6.400000000000e+00 6.679698399354e+00
     vertex 7.048279225922e+00 -3.400000000000e+00 6.988942988448e+00
     vertex 7.006466666501e+00 -3.400000000000e+00 6.679698399354e+00
   endloop
 endfacet
 facet normal -9.999549787212e-01 -5.696178954595e-16 9.488968892666e-03
   outer loop
     vertex 7.006466666501e+00 -6.400000000000e+00 6.679698399354e+00
     vertex 7.006466666501e+00 -3.400000000000e+00 6.679698399354e+00
     vertex 7.003505553124e+00 -6.400000000000e+00 6.367653950891e+00
   endloop
 endfacet
 facet normal -9.665701424010e-01 3.211204858876e-16 2.564023397299e-01
   outer loop
     vertex 7.048279225922e+00 -6.400000000000e+00 6.988942988448e+00
     vertex 7.128291754874e+00 -3.400000000000e+00 7.290569415042e+00
     vertex 7.048279225922e+00 -3.400000000000e+00 6.988942988448e+00
   endloop
 endfacet
 facet normal -9.909827527135e-01 2.396103435471e-17 1.339894914696e-01
   outer loop
     vertex 7.048279225922e+00 -6.400000000000e+00 6.988942988448e+00
     vertex 7.048279225922e+00 -3.400000000000e+00 6.988942988448e+00
     vertex 7.006466666501e+00 -6.400000000000e+00 6.679698399354e+00
   endloop
 endfacet
 facet normal -9.270975177587e-01 2.278315195996e-16 3.748202136566e-01
   outer loop
     vertex 7.128291754874e+00 -6.400000000000e+00 7.290569415042e+00
     vertex 7.245257587668e+00 -3.400000000000e+00 7.579878073689e+00
     vertex 7.128291754874e+00 -3.400000000000e+00 7.290569415042e+00
   endloop
 endfacet
 facet normal -9.665701424010e-01 -4.095210295097e-17 2.564023397299e-01
   outer loop
     vertex 7.128291754874e+00 -6.400000000000e+00 7.290569415042e+00
     vertex 7.128291754874e+00 -3.400000000000e+00 7.290569415042e+00
     vertex 7.048279225922e+00 -6.400000000000e+00 6.988942988448e+00
   endloop
 endfacet
 facet normal -8.731798970526e-01 2.345521460046e-16 4.873980584524e-01
   outer loop
     vertex 7.245257587668e+00 -6.400000000000e+00 7.579878073689e+00
     vertex 7.397354293588e+00 -3.400000000000e+00 7.852361280616e+00
     vertex 7.245257587668e+00 -3.400000000000e+00 7.579878073689e+00
   endloop
 endfacet
 facet normal -9.270975177587e-01 -4.664448314403e-17 3.748202136566e-01
   outer loop
     vertex 7.245257587668e+00 -6.400000000000e+00 7.579878073689e+00
     vertex 7.245257587668e+00 -3.400000000000e+00 7.579878073689e+00
     vertex 7.128291754874e+00 -6.400000000000e+00 7.290569415042e+00
   endloop
 endfacet
 facet normal -8.056573643126e-01 9.819150395327e-17 5.923818121186e-01
   outer loop
     vertex 7.397354293588e+00 -6.400000000000e+00 7.852361280616e+00
     vertex 7.582212071964e+00 -3.400000000000e+00 8.103773507413e+00
     vertex 7.397354293588e+00 -3.400000000000e+00 7.852361280616e+00
   endloop
 endfacet
 facet normal -8.731798970526e-01 -1.682598467952e-16 4.873980584524e-01
   outer loop
     vertex 7.397354293588e+00 -6.400000000000e+00 7.852361280616e+00
     vertex 7.397354293588e+00 -3.400000000000e+00 7.852361280616e+00
     vertex 7.245257587668e+00 -6.400000000000e+00 7.579878073689e+00
   endloop
 endfacet
 facet normal -7.255819800835e-01 -2.591606808479e-16 6.881357352864e-01
   outer loop
     vertex 7.582212071964e+00 -6.400000000000e+00 8.103773507413e+00
     vertex 7.796950675756e+00 -3.400000000000e+00 8.330197530102e+00
     vertex 7.582212071964e+00 -3.400000000000e+00 8.103773507413e+00
   endloop
 endfacet
 facet normal -8.056573643126e-01 -4.910914854294e-16 5.923818121186e-01
   outer loop
     vertex 7.582212071964e+00 -6.400000000000e+00 8.103773507413e+00
     vertex 7.582212071964e+00 -3.400000000000e+00 8.103773507413e+00
     vertex 7.397354293588e+00 -6.400000000000e+00 7.852361280616e+00
   endloop
 endfacet
 facet normal -6.342013893949e-01 2.468541070799e-16 7.731678974774e-01
   outer loop
     vertex 7.796950675756e+00 -6.400000000000e+00 8.330197530102e+00
     vertex 8.038224288341e+00 -3.400000000000e+00 8.528105462939e+00
     vertex 7.796950675756e+00 -3.400000000000e+00 8.330197530102e+00
   endloop
 endfacet
 facet normal -7.255819800835e-01 -6.651789305512e-17 6.881357352864e-01
   outer loop
     vertex 7.796950675756e+00 -6.400000000000e+00 8.330197530102e+00
     vertex 7.796950675756e+00 -3.400000000000e+00 8.330197530102e+00
     vertex 7.582212071964e+00 -6.400000000000e+00 8.103773507413e+00
   endloop
 endfacet
 facet normal -5.329393823525e-01 5.535642956261e-17 8.461534226946e-01
   outer loop
     vertex 8.038224288341e+00 -6.400000000000e+00 8.528105462939e+00
     vertex 8.302273654281e+00 -3.400000000000e+00 8.694413725980e+00
     vertex 8.038224288341e+00 -3.400000000000e+00 8.528105462939e+00
   endloop
 endfacet
 facet normal -6.342013893949e-01 -2.109532538163e-16 7.731678974774e-01
   outer loop
     vertex 8.038224288341e+00 -6.400000000000e+00 8.528105462939e+00
     vertex 8.038224288341e+00 -3.400000000000e+00 8.528105462939e+00
     vertex 7.796950675756e+00 -6.400000000000e+00 8.330197530102e+00
   endloop
 endfacet
 facet normal -5.329393823525e-01 -7.612305492417e-16 8.461534226946e-01
   outer loop
     vertex 8.302273654281e+00 -6.400000000000e+00 8.694413725980e+00
     vertex 8.302273654281e+00 -3.400000000000e+00 8.694413725980e+00
     vertex 8.038224288341e+00 -6.400000000000e+00 8.528105462939e+00
   endloop
 endfacet
 facet normal -4.233737102341e-01 -2.156295873972e-16 9.059551321576e-01
   outer loop
     vertex 8.584984651838e+00 -6.400000000000e+00 8.826531089977e+00
     vertex 8.584984651838e+00 -3.400000000000e+00 8.826531089977e+00
     vertex 8.302273654281e+00 -3.400000000000e+00 8.694413725980e+00
   endloop
 endfacet
 facet normal -4.233737102341e-01 -4.669533854687e-16 9.059551321576e-01
   outer loop
     vertex 8.584984651838e+00 -6.400000000000e+00 8.826531089977e+00
     vertex 8.302273654281e+00 -3.400000000000e+00 8.694413725980e+00
     vertex 8.302273654281e+00 -6.400000000000e+00 8.694413725980e+00
   endloop
 endfacet
 facet normal -3.072115027342e-01 1.776756777104e-17 9.516412625500e-01
   outer loop
     vertex 8.881952394613e+00 -6.400000000000e+00 8.922399050007e+00
     vertex 8.881952394613e+00 -3.400000000000e+00 8.922399050007e+00
     vertex 8.584984651838e+00 -3.400000000000e+00 8.826531089977e+00
   endloop
 endfacet
 facet normal -1.862626693803e-01 2.508878885809e-16 9.824999837126e-01
   outer loop
     vertex 8.881952394613e+00 -6.400000000000e+00 8.922399050007e+00
     vertex 9.188549863556e+00 -3.400000000000e+00 8.980523898798e+00
     vertex 8.881952394613e+00 -3.400000000000e+00 8.922399050007e+00
   endloop
 endfacet
 facet normal -3.072115027342e-01 1.852989624876e-17 9.516412625500e-01
   outer loop
     vertex 8.881952394613e+00 -6.400000000000e+00 8.922399050007e+00
     vertex 8.584984651838e+00 -3.400000000000e+00 8.826531089977e+00
     vertex 8.584984651838e+00 -6.400000000000e+00 8.826531089977e+00
   endloop
 endfacet
 facet normal -1.862626693803e-01 2.508878885809e-16 9.824999837126e-01
   outer loop
     vertex 9.188549863556e+00 -6.400000000000e+00 8.980523898798e+00
     vertex 9.188549863556e+00 -3.400000000000e+00 8.980523898798e+00
     vertex 8.881952394613e+00 -6.400000000000e+00 8.922399050007e+00
   endloop
 endfacet
 facet normal -6.241169954718e-02 -1.478205991323e-16 9.980504895844e-01
   outer loop
     vertex 9.500000000000e+00 -6.400000000000e+00 9.000000000000e+00
     vertex 9.500000000000e+00 -3.400000000000e+00 9.000000000000e+00
     vertex 9.188549863556e+00 -3.400000000000e+00 8.980523898798e+00
   endloop
 endfacet
 facet normal -6.241169954717e-02 4.799243128428e-16 9.980504895844e-01
   outer loop
     vertex 9.500000000000e+00 -6.400000000000e+00 9.000000000000e+00
     vertex 9.188549863556e+00 -3.400000000000e+00 8.980523898798e+00
     vertex 9.188549863556e+00 -6.400000000000e+00 8.980523898798e+00
   endloop
 endfacet
 facet normal 6.241169954718e-02 1.478205991323e-16 9.980504895844e-01
   outer loop
     vertex 9.811450136444e+00 -6.400000000000e+00 8.980523898798e+00
     vertex 9.811450136444e+00 -3.400000000000e+00 8.980523898798e+00
     vertex 9.500000000000e+00 -3.400000000000e+00 9.000000000000e+00
   endloop
 endfacet
 facet normal 1.862626693803e-01 4.411586222382e-16 9.824999837126e-01
   outer loop
     vertex 9.811450136444e+00 -6.400000000000e+00 8.980523898798e+00
     vertex 1.011804760539e+01 -3.400000000000e+00 8.922399050007e+00
     vertex 9.811450136444e+00 -3.400000000000e+00 8.980523898798e+00
   endloop
 endfacet
 facet normal 6.241169954718e-02 1.482391699901e-16 9.980504895844e-01
   outer loop
     vertex 9.811450136444e+00 -6.400000000000e+00 8.980523898798e+00
     vertex 9.500000000000e+00 -3.400000000000e+00 9.000000000000e+00
     vertex 9.500000000000e+00 -6.400000000000e+00 9.000000000000e+00
   endloop
 endfacet
 facet normal 3.072115027342e-01 5.457172540244e-16 9.516412625500e-01
   outer loop
     vertex 1.011804760539e+01 -6.400000000000e+00 8.922399050007e+00
     vertex 1.041501534816e+01 -3.400000000000e+00 8.826531089977e+00
     vertex 1.011804760539e+01 -3.400000000000e+00 8.922399050007e+00
   endloop
 endfacet
 facet normal 1.862626693803e-01 3.308689666786e-16 9.824999837126e-01
   outer loop
     vertex 1.011804760539e+01 -6.400000000000e+00 8.922399050007e+00
     vertex 1.011804760539e+01 -3.400000000000e+00 8.922399050007e+00
     vertex 9.811450136444e+00 -6.400000000000e+00 8.980523898798e+00
   endloop
 endfacet
 facet normal 3.072115027342e-01 1.641381835704e-16 9.516412625500e-01
   outer loop
     vertex 1.041501534816e+01 -6.400000000000e+00 8.826531089977e+00
     vertex 1.041501534816e+01 -3.400000000000e+00 8.826531089977e+00
     vertex 1.011804760539e+01 -6.400000000000e+00 8.922399050007e+00
   endloop
 endfacet
 facet normal 4.233737102341e-01 2.156295873973e-16 9.059551321576e-01
   outer loop
     vertex 1.069772634572e+01 -6.400000000000e+00 8.694413725980e+00
     vertex 1.069772634572e+01 -3.400000000000e+00 8.694413725980e+00
     vertex 1.041501534816e+01 -3.400000000000e+00 8.826531089977e+00
   endloop
 endfacet
 facet normal 5.329393823525e-01 4.456670436325e-16 8.461534226946e-01
   outer loop
     vertex 1.069772634572e+01 -6.400000000000e+00 8.694413725980e+00
     vertex 1.096177571166e+01 -3.400000000000e+00 8.528105462939e+00
     vertex 1.069772634572e+01 -3.400000000000e+00 8.694413725980e+00
   endloop
 endfacet
 facet normal 4.233737102341e-01 4.669533854687e-16 9.059551321576e-01
   outer loop
     vertex 1.069772634572e+01 -6.400000000000e+00 8.694413725980e+00
     vertex 1.041501534816e+01 -3.400000000000e+00 8.826531089977e+00
     vertex 1.041501534816e+01 -6.400000000000e+00 8.826531089977e+00
   endloop
 endfacet
 facet normal 6.342013893949e-01 2.109532538163e-16 7.731678974774e-01
   outer loop
     vertex 1.096177571166e+01 -6.400000000000e+00 8.528105462939e+00
     vertex 1.120304932424e+01 -3.400000000000e+00 8.330197530102e+00
     vertex 1.096177571166e+01 -3.400000000000e+00 8.528105462939e+00
   endloop
 endfacet
 facet normal 5.329393823525e-01 -5.535642956259e-17 8.461534226945e-01
   outer loop
     vertex 1.096177571166e+01 -6.400000000000e+00 8.528105462939e+00
     vertex 1.096177571166e+01 -3.400000000000e+00 8.528105462939e+00
     vertex 1.069772634572e+01 -6.400000000000e+00 8.694413725980e+00
   endloop
 endfacet
 facet normal 6.342013893949e-01 2.109532538163e-16 7.731678974774e-01
   outer loop
     vertex 1.120304932424e+01 -6.400000000000e+00 8.330197530102e+00
     vertex 1.120304932424e+01 -3.400000000000e+00 8.330197530102e+00
     vertex 1.096177571166e+01 -6.400000000000e+00 8.528105462939e+00
   endloop
 endfacet
 facet normal 7.255819800835e-01 4.434526203675e-17 6.881357352864e-01
   outer loop
     vertex 1.141778792804e+01 -6.400000000000e+00 8.103773507413e+00
     vertex 1.141778792804e+01 -3.400000000000e+00 8.103773507413e+00
     vertex 1.120304932424e+01 -3.400000000000e+00 8.330197530102e+00
   endloop
 endfacet
 facet normal 7.255819800835e-01 4.743653439682e-16 6.881357352864e-01
   outer loop
     vertex 1.141778792804e+01 -6.400000000000e+00 8.103773507413e+00
     vertex 1.120304932424e+01 -3.400000000000e+00 8.330197530102e+00
     vertex 1.120304932424e+01 -6.400000000000e+00 8.330197530102e+00
   endloop
 endfacet
 facet normal 8.056573643126e-01 -9.819150395326e-17 5.923818121186e-01
   outer loop
     vertex 1.160264570641e+01 -6.400000000000e+00 7.852361280616e+00
     vertex 1.160264570641e+01 -3.400000000000e+00 7.852361280616e+00
     vertex 1.141778792804e+01 -3.400000000000e+00 8.103773507413e+00
   endloop
 endfacet
 facet normal 8.731798970526e-01 1.682598467952e-16 4.873980584524e-01
   outer loop
     vertex 1.160264570641e+01 -6.400000000000e+00 7.852361280616e+00
     vertex 1.175474241233e+01 -3.400000000000e+00 7.579878073689e+00
     vertex 1.160264570641e+01 -3.400000000000e+00 7.852361280616e+00
   endloop
 endfacet
 facet normal 8.056573643126e-01 2.520065889831e-16 5.923818121186e-01
   outer loop
     vertex 1.160264570641e+01 -6.400000000000e+00 7.852361280616e+00
     vertex 1.141778792804e+01 -3.400000000000e+00 8.103773507413e+00
     vertex 1.141778792804e+01 -6.400000000000e+00 8.103773507413e+00
   endloop
 endfacet
 facet normal 9.270975177587e-01 4.320895609001e-16 3.748202136566e-01
   outer loop
     vertex 1.175474241233e+01 -6.400000000000e+00 7.579878073689e+00
     vertex 1.187170824513e+01 -3.400000000000e+00 7.290569415042e+00
     vertex 1.175474241233e+01 -3.400000000000e+00 7.579878073689e+00
   endloop
 endfacet
 facet normal 8.731798970526e-01 1.682598467952e-16 4.873980584524e-01
   outer loop
     vertex 1.175474241233e+01 -6.400000000000e+00 7.579878073689e+00
     vertex 1.175474241233e+01 -3.400000000000e+00 7.579878073689e+00
     vertex 1.160264570641e+01 -6.400000000000e+00 7.852361280616e+00
   endloop
 endfacet
 facet normal 9.270975177587e-01 -2.278315195996e-16 3.748202136566e-01
   outer loop
     vertex 1.187170824513e+01 -6.400000000000e+00 7.290569415042e+00
     vertex 1.187170824513e+01 -3.400000000000e+00 7.290569415042e+00
     vertex 1.175474241233e+01 -6.400000000000e+00 7.579878073689e+00
   endloop
 endfacet
 facet normal 9.665701424010e-01 4.076577174727e-17 2.564023397299e-01
   outer loop
     vertex 1.195172077408e+01 -6.400000000000e+00 6.988942988448e+00
     vertex 1.187170824513e+01 -3.400000000000e+00 7.290569415042e+00
     vertex 1.187170824513e+01 -6.400000000000e+00 7.290569415042e+00
   endloop
 endfacet
 facet normal 9.665701424010e-01 -5.313723914537e-16 2.564023397299e-01
   outer loop
     vertex 1.195172077408e+01 -6.400000000000e+00 6.988942988448e+00
     vertex 1.195172077408e+01 -3.400000000000e+00 6.988942988448e+00
     vertex 1.187170824513e+01 -3.400000000000e+00 7.290569415042e+00
   endloop
 endfacet
 facet normal 9.909827527135e-01 -2.776820078431e-16 1.339894914696e-01
   outer loop
     vertex 1.195172077408e+01 -6.400000000000e+00 6.988942988448e+00
     vertex 1.199353333350e+01 -3.400000000000e+00 6.679698399354e+00
     vertex 1.195172077408e+01 -3.400000000000e+00 6.988942988448e+00
   endloop
 endfacet
 facet normal 9.909827527135e-01 3.090976556603e-16 1.339894914696e-01
   outer loop
     vertex 1.199353333350e+01 -6.400000000000e+00 6.679698399354e+00
     vertex 1.199353333350e+01 -3.400000000000e+00 6.679698399354e+00
     vertex 1.195172077408e+01 -6.400000000000e+00 6.988942988448e+00
   endloop
 endfacet
 facet normal 9.999549787212e-01 5.723421703835e-16 9.488968892649e-03
   outer loop
     vertex 1.199649444688e+01 -6.400000000000e+00 6.367653950891e+00
     vertex 1.199353333350e+01 -3.400000000000e+00 6.679698399354e+00
     vertex 1.199353333350e+01 -6.400000000000e+00 6.679698399354e+00
   endloop
 endfacet
 facet normal 9.999549787212e-01 -1.966509392321e-17 9.488968892655e-03
   outer loop
     vertex 1.199649444688e+01 -6.400000000000e+00 6.367653950891e+00
     vertex 1.199649444688e+01 -3.400000000000e+00 6.367653950891e+00
     vertex 1.199353333350e+01 -3.400000000000e+00 6.679698399354e+00
   endloop
 endfacet
 facet normal 9.933470252386e-01 2.390356616090e-16 -1.151594001791e-01
   outer loop
     vertex 1.196055797746e+01 -6.400000000000e+00 6.057671570464e+00
     vertex 1.199649444688e+01 -3.400000000000e+00 6.367653950891e+00
     vertex 1.199649444688e+01 -6.400000000000e+00 6.367653950891e+00
   endloop
 endfacet
 facet normal 9.933470252386e-01 -4.177094372857e-16 -1.151594001791e-01
   outer loop
     vertex 1.196055797746e+01 -6.400000000000e+00 6.057671570464e+00
     vertex 1.196055797746e+01 -3.400000000000e+00 6.057671570464e+00
     vertex 1.199649444688e+01 -3.400000000000e+00 6.367653950891e+00
   endloop
 endfacet
 facet normal 9.712618500023e-01 -2.223587549851e-16 -2.380134843450e-01
   outer loop
     vertex 1.188628384709e+01 -6.400000000000e+00 5.754581056644e+00
     vertex 1.196055797746e+01 -3.400000000000e+00 6.057671570464e+00
     vertex 1.196055797746e+01 -6.400000000000e+00 6.057671570464e+00
   endloop
 endfacet
 facet normal 9.712618500023e-01 -2.227718093786e-16 -2.380134843450e-01
   outer loop
     vertex 1.188628384709e+01 -6.400000000000e+00 5.754581056644e+00
     vertex 1.188628384709e+01 -3.400000000000e+00 5.754581056644e+00
     vertex 1.196055797746e+01 -3.400000000000e+00 6.057671570464e+00
   endloop
 endfacet
 facet normal 9.340435594987e-01 -2.436320042796e-17 -3.571591087442e-01
   outer loop
     vertex 1.188628384709e+01 -6.400000000000e+00 5.754581056644e+00
     vertex 1.177482931216e+01 -3.400000000000e+00 5.463104826647e+00
     vertex 1.188628384709e+01 -3.400000000000e+00 5.754581056644e+00
   endloop
 endfacet
 facet normal 9.340435594987e-01 4.229613503812e-16 -3.571591087442e-01
   outer loop
     vertex 1.177482931216e+01 -6.400000000000e+00 5.463104826647e+00
     vertex 1.177482931216e+01 -3.400000000000e+00 5.463104826647e+00
     vertex 1.188628384709e+01 -6.400000000000e+00 5.754581056644e+00
   endloop
 endfacet
 facet normal 8.822720474818e-01 5.558968874627e-16 -4.707398795857e-01
   outer loop
     vertex 1.162793093252e+01 -6.400000000000e+00 5.187784336916e+00
     vertex 1.177482931216e+01 -3.400000000000e+00 5.463104826647e+00
     vertex 1.177482931216e+01 -6.400000000000e+00 5.463104826647e+00
   endloop
 endfacet
 facet normal 8.822720474818e-01 -2.436759936918e-16 -4.707398795856e-01
   outer loop
     vertex 1.162793093252e+01 -6.400000000000e+00 5.187784336916e+00
     vertex 1.162793093252e+01 -3.400000000000e+00 5.187784336916e+00
     vertex 1.177482931216e+01 -3.400000000000e+00 5.463104826647e+00
   endloop
 endfacet
 facet normal 8.167539597174e-01 1.708222033157e-16 -5.769861083995e-01
   outer loop
     vertex 1.144787751431e+01 -6.400000000000e+00 4.932909323227e+00
     vertex 1.144787751431e+01 -3.400000000000e+00 4.932909323227e+00
     vertex 1.162793093252e+01 -3.400000000000e+00 5.187784336916e+00
   endloop
 endfacet
 facet normal 8.167539597174e-01 -1.408272114906e-16 -5.769861083995e-01
   outer loop
     vertex 1.144787751431e+01 -6.400000000000e+00 4.932909323227e+00
     vertex 1.162793093252e+01 -3.400000000000e+00 5.187784336916e+00
     vertex 1.162793093252e+01 -6.400000000000e+00 5.187784336916e+00
   endloop
 endfacet
 facet normal 7.385101257318e-01 1.996158454360e-16 -6.742423853420e-01
   outer loop
     vertex 1.144787751431e+01 -6.400000000000e+00 4.932909323227e+00
     vertex 1.123747444843e+01 -3.400000000000e+00 4.702450962828e+00
     vertex 1.144787751431e+01 -3.400000000000e+00 4.932909323227e+00
   endloop
 endfacet
 facet normal 6.487596533884e-01 2.252992968304e-16 -7.609933719392e-01
   outer loop
     vertex 1.123747444843e+01 -6.400000000000e+00 4.702450962828e+00
     vertex 1.100000000000e+01 -3.400000000000e+00 4.500000000000e+00
     vertex 1.123747444843e+01 -3.400000000000e+00 4.702450962828e+00
   endloop
 endfacet
 facet normal 7.385101257318e-01 1.996158454360e-16 -6.742423853420e-01
   outer loop
     vertex 1.123747444843e+01 -6.400000000000e+00 4.702450962828e+00
     vertex 1.123747444843e+01 -3.400000000000e+00 4.702450962828e+00
     vertex 1.144787751431e+01 -6.400000000000e+00 4.932909323227e+00
   endloop
 endfacet
 facet normal 6.487596533884e-01 0.000000000000e+00 -7.609933719392e-01
   outer loop
     vertex 1.100000000000e+01 -6.400000000000e+00 4.500000000000e+00
     vertex 1.100000000000e+01 -3.400000000000e+00 4.500000000000e+00
     vertex 1.123747444843e+01 -6.400000000000e+00 4.702450962828e+00
   endloop
 endfacet
 facet normal 1.000000000000e+00 0.000000000000e+00 5.329070518201e-14
   outer loop
     vertex 1.100000000000e+01 -3.400000000000e+00 4.500000000000e+00
     vertex 1.100000000000e+01 -6.400000000000e+00 4.500000000000e+00
     vertex 1.100000000000e+01 -6.400000000000e+00 3.500000000000e+00
   endloop
 endfacet
 facet normal 1.000000000000e+00 0.000000000000e+00 5.329070518201e-14
   outer loop
     vertex 1.100000000000e+01 -3.400000000000e+00 3.500000000000e+00
     vertex 1.100000000000e+01 -3.400000000000e+00 4.500000000000e+00
     vertex 1.100000000000e+01 -6.400000000000e+00 3.500000000000e+00
   endloop
 endfacet
 facet normal -1.000000000000e+00 0.000000000000e+00 8.171241461242e-14
   outer loop
     vertex 8.000000000000e+00 -6.400000000000e+00 4.500000000000e+00
     vertex 8.000000000000e+00 -3.400000000000e+00 4.500000000000e+00
     vertex 8.000000000000e+00 -3.400000000000e+00 4.000000000000e+00
   endloop
 endfacet
 facet normal -1.000000000000e+00 0.000000000000e+00 8.171241461242e-14
   outer loop
     vertex 8.000000000000e+00 -6.400000000000e+00 4.000000000000e+00
     vertex 8.000000000000e+00 -6.400000000000e+00 4.500000000000e+00
     vertex 8.000000000000e+00 -3.400000000000e+00 4.000000000000e+00
   endloop
 endfacet
 facet normal -7.071067811865e-01 0.000000000000e+00 7.071067811865e-01
   outer loop
     vertex 8.000000000000e+00 -6.400000000000e+00 4.000000000000e+00
     vertex 8.000000000000e+00 -3.400000000000e+00 4.000000000000e+00
     vertex 7.000000000000e+00 -3.400000000000e+00 3.000000000000e+00
   endloop
 endfacet
 facet normal -7.071067811865e-01 0.000000000000e+00 7.071067811865e-01
   outer loop
     vertex 8.000000000000e+00 -6.400000000000e+00 4.000000000000e+00
     vertex 7.000000000000e+00 -3.400000000000e+00 3.000000000000e+00
     vertex 7.000000000000e+00 -6.400000000000e+00 3.000000000000e+00
   endloop
 endfacet
 facet normal -9.563870813220e-02 2.189569166069e-01 -9.710360993170e-01
   outer loop
     vertex 9.304909677984e+00 -6.400000000000e+00 5.519214719597e+00
     vertex 9.500000000000e+00 -6.400000000000e+00 5.500000000000e+00
     vertex 9.359049577103e+00 -6.417291659800e+00 5.509983344440e+00
   endloop
 endfacet
 facet normal -1.874218890008e-01 -6.350948277992e-02 -9.802242504246e-01
   outer loop
     vertex 9.220913467448e+00 -6.468821382010e+00 5.539734043429e+00
     vertex 9.304909677984e+00 -6.400000000000e+00 5.519214719597e+00
     vertex 9.359049577103e+00 -6.417291659800e+00 5.509983344440e+00
   endloop
 endfacet
 facet normal -2.895965835715e-01 6.881279697261e-02 -9.546719948530e-01
   outer loop
     vertex 9.117316567635e+00 -6.400000000000e+00 5.576120467489e+00
     vertex 9.304909677984e+00 -6.400000000000e+00 5.519214719597e+00
     vertex 9.220913467448e+00 -6.468821382010e+00 5.539734043429e+00
   endloop
 endfacet
 facet normal -3.407251912079e-01 -1.589323812689e-02 -9.400285894898e-01
   outer loop
     vertex 9.081414963426e+00 -6.559041048709e+00 5.591822392284e+00
     vertex 9.117316567635e+00 -6.400000000000e+00 5.576120467489e+00
     vertex 9.220913467448e+00 -6.468821382010e+00 5.539734043429e+00
   endloop
 endfacet
 facet normal -4.713085914371e-01 1.933753924742e-02 -8.817563559246e-01
   outer loop
     vertex 8.944429766980e+00 -6.400000000000e+00 5.668530387697e+00
     vertex 9.117316567635e+00 -6.400000000000e+00 5.576120467489e+00
     vertex 9.081414963426e+00 -6.559041048709e+00 5.591822392284e+00
   endloop
 endfacet
 facet normal -4.885880066248e-01 -2.997354292696e-06 -8.725146186589e-01
   outer loop
     vertex 8.944420499675e+00 -6.691913919472e+00 5.668536579988e+00
     vertex 8.944429766980e+00 -6.400000000000e+00 5.668530387697e+00
     vertex 9.081414963426e+00 -6.559041048709e+00 5.591822392284e+00
   endloop
 endfacet
 facet normal -6.343845466942e-01 5.248401482013e-03 -7.729998067254e-01
   outer loop
     vertex 8.814229762911e+00 -6.871432885370e+00 5.772181903273e+00
     vertex 8.792893218813e+00 -6.400000000000e+00 5.792893218813e+00
     vertex 8.944429766980e+00 -6.400000000000e+00 5.668530387697e+00
   endloop
 endfacet
 facet normal -6.228372349283e-01 3.177223235233e-06 -7.823514419855e-01
   outer loop
     vertex 8.814229762911e+00 -6.871432885370e+00 5.772181903273e+00
     vertex 8.944429766980e+00 -6.400000000000e+00 5.668530387697e+00
     vertex 8.944420499675e+00 -6.691913919472e+00 5.668536579988e+00
   endloop
 endfacet
 facet normal -7.729999285822e-01 5.218279770853e-03 -6.343846466995e-01
   outer loop
     vertex 8.697256195237e+00 -7.099187238774e+00 5.903675940520e+00
     vertex 8.668530387697e+00 -6.400000000000e+00 5.944429766980e+00
     vertex 8.792893218813e+00 -6.400000000000e+00 5.792893218813e+00
   endloop
 endfacet
 facet normal -7.434661150875e-01 -4.268048564338e-03 -6.687599864511e-01
   outer loop
     vertex 8.697256195237e+00 -7.099187238774e+00 5.903675940520e+00
     vertex 8.792893218813e+00 -6.400000000000e+00 5.792893218813e+00
     vertex 8.814229762911e+00 -6.871432885370e+00 5.772181903273e+00
   endloop
 endfacet
 facet normal -8.819133165444e-01 4.245439791898e-03 -4.713924886363e-01
   outer loop
     vertex 8.601228939459e+00 -7.372688086467e+00 6.061581728559e+00
     vertex 8.576120467489e+00 -6.400000000000e+00 6.117316567635e+00
     vertex 8.668530387697e+00 -6.400000000000e+00 5.944429766980e+00
   endloop
 endfacet
 facet normal -8.510359243712e-01 -4.358335514334e-03 -5.250893831922e-01
   outer loop
     vertex 8.601228939459e+00 -7.372688086467e+00 6.061581728559e+00
     vertex 8.668530387697e+00 -6.400000000000e+00 5.944429766980e+00
     vertex 8.697256195237e+00 -7.099187238774e+00 5.903675940520e+00
   endloop
 endfacet
 facet normal -9.569350490563e-01 3.324017573089e-03 -2.902830735589e-01
   outer loop
     vertex 8.533989490788e+00 -7.684310829146e+00 6.241497202931e+00
     vertex 8.519214719597e+00 -6.400000000000e+00 6.304909677984e+00
     vertex 8.576120467489e+00 -6.400000000000e+00 6.117316567635e+00
   endloop
 endfacet
 facet normal -9.345722946960e-01 -3.739956837227e-03 -3.557536207959e-01
   outer loop
     vertex 8.533989490788e+00 -7.684310829146e+00 6.241497202931e+00
     vertex 8.576120467489e+00 -6.400000000000e+00 6.117316567635e+00
     vertex 8.601228939459e+00 -7.372688086467e+00 6.061581728559e+00
   endloop
 endfacet
 facet normal -9.951806993390e-01 2.844929378348e-03 -9.801674367186e-02
   outer loop
     vertex 8.508533785444e+00 -7.906253916132e+00 6.369636103947e+00
     vertex 8.500000000000e+00 -6.400000000000e+00 6.500000000000e+00
     vertex 8.519214719597e+00 -6.400000000000e+00 6.304909677984e+00
   endloop
 endfacet
 facet normal -9.803218581870e-01 -1.531106448519e-03 -1.973998735407e-01
   outer loop
     vertex 8.508533785444e+00 -7.906253916132e+00 6.369636103947e+00
     vertex 8.519214719597e+00 -6.400000000000e+00 6.304909677984e+00
     vertex 8.533989490788e+00 -7.684310829146e+00 6.241497202931e+00
   endloop
 endfacet
 facet normal -9.978642729740e-01 0.000000000000e+00 -6.532145682729e-02
   outer loop
     vertex 8.500000000000e+00 -8.132050807569e+00 6.500000000000e+00
     vertex 8.500000000000e+00 -6.400000000000e+00 6.500000000000e+00
     vertex 8.508533785444e+00 -7.906253916132e+00 6.369636103947e+00
   endloop
 endfacet
 facet normal -9.998115242865e-01 0.000000000000e+00 1.941432213610e-02
   outer loop
     vertex 8.500753831808e+00 -8.199291316645e+00 6.538821326016e+00
     vertex 8.500000000000e+00 -6.400000000000e+00 6.500000000000e+00
     vertex 8.500000000000e+00 -8.132050807569e+00 6.500000000000e+00
   endloop
 endfacet
 facet normal -9.951816977509e-01 2.467213956896e-03 9.801684200685e-02
   outer loop
     vertex 8.503014190707e+00 -8.266430449653e+00 6.577584122531e+00
     vertex 8.519214719597e+00 -6.400000000000e+00 6.695090322016e+00
     vertex 8.500000000000e+00 -6.400000000000e+00 6.500000000000e+00
   endloop
 endfacet
 facet normal -9.982150432141e-01 8.702082602632e-04 5.971574531561e-02
   outer loop
     vertex 8.503014190707e+00 -8.266430449653e+00 6.577584122531e+00
     vertex 8.500000000000e+00 -6.400000000000e+00 6.500000000000e+00
     vertex 8.500753831808e+00 -8.199291316645e+00 6.538821326016e+00
   endloop
 endfacet
 facet normal -9.948992668070e-01 2.286549975184e-03 1.008475116006e-01
   outer loop
     vertex 8.506777668837e+00 -8.333366983363e+00 6.616229948287e+00
     vertex 8.519214719597e+00 -6.400000000000e+00 6.695090322016e+00
     vertex 8.503014190707e+00 -8.266430449653e+00 6.577584122531e+00
   endloop
 endfacet
 facet normal -9.905934817883e-01 7.909363272644e-04 1.368354057192e-01
   outer loop
     vertex 8.512038592138e+00 -8.400000000000e+00 6.654700538379e+00
     vertex 8.519214719597e+00 -6.400000000000e+00 6.695090322016e+00
     vertex 8.506777668837e+00 -8.333366983363e+00 6.616229948287e+00
   endloop
 endfacet
 facet normal -9.569386462515e-01 1.879096106273e-03 2.902841647561e-01
   outer loop
     vertex 8.557414947098e+00 -8.400000000000e+00 6.833966192969e+00
     vertex 8.576120467489e+00 -6.400000000000e+00 6.882683432365e+00
     vertex 8.519214719597e+00 -6.400000000000e+00 6.695090322016e+00
   endloop
 endfacet
 facet normal -9.694247791517e-01 -1.477149895276e-03 2.453842203461e-01
   outer loop
     vertex 8.557414947098e+00 -8.400000000000e+00 6.833966192969e+00
     vertex 8.519214719597e+00 -6.400000000000e+00 6.695090322016e+00
     vertex 8.512038592138e+00 -8.400000000000e+00 6.654700538379e+00
   endloop
 endfacet
 facet normal -8.819193112102e-01 2.104584312766e-03 4.713956928519e-01
   outer loop
     vertex 8.635023175625e+00 -8.400000000000e+00 7.001811810637e+00
     vertex 8.668530387697e+00 -6.400000000000e+00 7.055570233020e+00
     vertex 8.576120467489e+00 -6.400000000000e+00 6.882683432365e+00
   endloop
 endfacet
 facet normal -9.076676409183e-01 -1.733777048758e-03 4.196861299196e-01
   outer loop
     vertex 8.635023175625e+00 -8.400000000000e+00 7.001811810637e+00
     vertex 8.576120467489e+00 -6.400000000000e+00 6.882683432365e+00
     vertex 8.557414947098e+00 -8.400000000000e+00 6.833966192969e+00
   endloop
 endfacet
 facet normal -7.730084656391e-01 2.267775382957e-03 6.343916528810e-01
   outer loop
     vertex 8.742209449714e+00 -8.400000000000e+00 7.152497878845e+00
     vertex 8.792893218813e+00 -6.400000000000e+00 7.207106781187e+00
     vertex 8.668530387697e+00 -6.400000000000e+00 7.055570233020e+00
   endloop
 endfacet
 facet normal -8.148727460543e-01 -1.928119994464e-03 5.796366880135e-01
   outer loop
     vertex 8.742209449714e+00 -8.400000000000e+00 7.152497878845e+00
     vertex 8.668530387697e+00 -6.400000000000e+00 7.055570233020e+00
     vertex 8.635023175625e+00 -8.400000000000e+00 7.001811810637e+00
   endloop
 endfacet
 facet normal -6.343915045298e-01 2.368649155952e-03 7.730082848726e-01
   outer loop
     vertex 8.875308514517e+00 -8.400000000000e+00 7.280871659087e+00
     vertex 8.944429766980e+00 -6.400000000000e+00 7.331469612303e+00
     vertex 8.792893218813e+00 -6.400000000000e+00 7.207106781187e+00
   endloop
 endfacet
 facet normal -6.942132642256e-01 -2.060154677708e-03 7.197664201225e-01
   outer loop
     vertex 8.875308514517e+00 -8.400000000000e+00 7.280871659087e+00
     vertex 8.792893218813e+00 -6.400000000000e+00 7.207106781187e+00
     vertex 8.742209449714e+00 -8.400000000000e+00 7.152497878845e+00
   endloop
 endfacet
 facet normal -4.713953710512e-01 2.407193182119e-03 8.819187091634e-01
   outer loop
     vertex 9.029769022424e+00 -8.400000000000e+00 7.382543385748e+00
     vertex 9.117316567635e+00 -6.400000000000e+00 7.423879532511e+00
     vertex 8.944429766980e+00 -6.400000000000e+00 7.331469612303e+00
   endloop
 endfacet
 facet normal -5.498151632197e-01 -2.129864776153e-03 8.352836344439e-01
   outer loop
     vertex 9.029769022424e+00 -8.400000000000e+00 7.382543385748e+00
     vertex 8.944429766980e+00 -6.400000000000e+00 7.331469612303e+00
     vertex 8.875308514517e+00 -8.400000000000e+00 7.280871659087e+00
   endloop
 endfacet
 facet normal -2.902838527565e-01 2.383402706955e-03 9.569376177267e-01
   outer loop
     vertex 9.200309167250e+00 -8.400000000000e+00 7.454036374970e+00
     vertex 9.304909677984e+00 -6.400000000000e+00 7.480785280403e+00
     vertex 9.117316567635e+00 -6.400000000000e+00 7.423879532511e+00
   endloop
 endfacet
 facet normal -3.866161243652e-01 -2.137241678715e-03 9.222382580325e-01
   outer loop
     vertex 9.200309167250e+00 -8.400000000000e+00 7.454036374970e+00
     vertex 9.117316567635e+00 -6.400000000000e+00 7.423879532511e+00
     vertex 9.029769022424e+00 -8.400000000000e+00 7.382543385748e+00
   endloop
 endfacet
 facet normal -9.801688168657e-02 2.297280664911e-03 9.951821006258e-01
   outer loop
     vertex 9.381097296595e+00 -8.400000000000e+00 7.492905910509e+00
     vertex 9.500000000000e+00 -6.400000000000e+00 7.500000000000e+00
     vertex 9.304909677984e+00 -6.400000000000e+00 7.480785280403e+00
   endloop
 endfacet
 facet normal -2.101967072842e-01 -2.082284474413e-03 9.776568970443e-01
   outer loop
     vertex 9.381097296595e+00 -8.400000000000e+00 7.492905910509e+00
     vertex 9.304909677984e+00 -6.400000000000e+00 7.480785280403e+00
     vertex 9.200309167250e+00 -8.400000000000e+00 7.454036374970e+00
   endloop
 endfacet
 facet normal -2.658953565821e-02 -1.964999951190e-03 9.996445044958e-01
   outer loop
     vertex 9.565951326297e+00 -8.400000000000e+00 7.497822841270e+00
     vertex 9.500000000000e+00 -6.400000000000e+00 7.500000000000e+00
     vertex 9.381097296595e+00 -8.400000000000e+00 7.492905910509e+00
   endloop
 endfacet
 facet normal 9.801691403206e-02 2.148837683203e-03 9.951824290351e-01
   outer loop
     vertex 9.565951326297e+00 -8.400000000000e+00 7.497822841270e+00
     vertex 9.695090322016e+00 -6.400000000000e+00 7.480785280403e+00
     vertex 9.500000000000e+00 -6.400000000000e+00 7.500000000000e+00
   endloop
 endfacet
 facet normal 1.579269732276e-01 -1.785402604703e-03 9.874491801935e-01
   outer loop
     vertex 9.748550137964e+00 -8.400000000000e+00 7.468619031879e+00
     vertex 9.695090322016e+00 -6.400000000000e+00 7.480785280403e+00
     vertex 9.565951326297e+00 -8.400000000000e+00 7.497822841270e+00
   endloop
 endfacet
 facet normal 2.902841320702e-01 1.938092095592e-03 9.569385385004e-01
   outer loop
     vertex 9.748550137964e+00 -8.400000000000e+00 7.468619031879e+00
     vertex 9.882683432365e+00 -6.400000000000e+00 7.423879532511e+00
     vertex 9.695090322016e+00 -6.400000000000e+00 7.480785280403e+00
   endloop
 endfacet
 facet normal 3.370432841468e-01 -1.543514657066e-03 9.414878874282e-01
   outer loop
     vertex 9.922649730810e+00 -8.400000000000e+00 7.406293112103e+00
     vertex 9.882683432365e+00 -6.400000000000e+00 7.423879532511e+00
     vertex 9.748550137964e+00 -8.400000000000e+00 7.468619031879e+00
   endloop
 endfacet
 facet normal 4.659088760626e-01 1.529818236187e-03 8.848313844243e-01
   outer loop
     vertex 1.001211083867e+01 -8.245048815879e+00 7.358919372766e+00
     vertex 9.882683432365e+00 -6.400000000000e+00 7.423879532511e+00
     vertex 9.922649730810e+00 -8.400000000000e+00 7.406293112103e+00
   endloop
 endfacet
 facet normal 4.713957777093e-01 2.017238335514e-03 8.819194699673e-01
   outer loop
     vertex 1.001211083867e+01 -8.245048815879e+00 7.358919372766e+00
     vertex 1.005557023302e+01 -6.400000000000e+00 7.331469612303e+00
     vertex 9.882683432365e+00 -6.400000000000e+00 7.423879532511e+00
   endloop
 endfacet
 facet normal 6.343918216560e-01 2.147259469945e-03 7.730086712921e-01
   outer loop
     vertex 1.009632405948e+01 -8.099187238774e+00 7.302743804763e+00
     vertex 1.020710678119e+01 -6.400000000000e+00 7.207106781187e+00
     vertex 1.005557023302e+01 -6.400000000000e+00 7.331469612303e+00
   endloop
 endfacet
 facet normal 5.557956291159e-01 -7.235817524396e-04 8.313186483443e-01
   outer loop
     vertex 1.009632405948e+01 -8.099187238774e+00 7.302743804763e+00
     vertex 1.005557023302e+01 -6.400000000000e+00 7.331469612303e+00
     vertex 1.001211083867e+01 -8.245048815879e+00 7.358919372766e+00
   endloop
 endfacet
 facet normal 6.660410499096e-01 -1.441203437872e-03 7.459136965949e-01
   outer loop
     vertex 1.022781809673e+01 -7.871432885370e+00 7.185770237089e+00
     vertex 1.020710678119e+01 -6.400000000000e+00 7.207106781187e+00
     vertex 1.009632405948e+01 -8.099187238774e+00 7.302743804763e+00
   endloop
 endfacet
 facet normal 7.730104533625e-01 8.455758693482e-07 6.343932841634e-01
   outer loop
     vertex 1.033146342001e+01 -7.691913919472e+00 7.055579500325e+00
     vertex 1.033146961230e+01 -6.400000000000e+00 7.055570233020e+00
     vertex 1.020710678119e+01 -6.400000000000e+00 7.207106781187e+00
   endloop
 endfacet
 facet normal 7.810478392045e-01 1.938610521297e-03 6.244681854693e-01
   outer loop
     vertex 1.033146342001e+01 -7.691913919472e+00 7.055579500325e+00
     vertex 1.020710678119e+01 -6.400000000000e+00 7.207106781187e+00
     vertex 1.022781809673e+01 -7.871432885370e+00 7.185770237089e+00
   endloop
 endfacet
 facet normal 8.819181584789e-01 2.653941267292e-03 4.713950767042e-01
   outer loop
     vertex 1.040817760772e+01 -7.559041048709e+00 6.918585036574e+00
     vertex 1.042387953251e+01 -6.400000000000e+00 6.882683432365e+00
     vertex 1.033146961230e+01 -6.400000000000e+00 7.055570233020e+00
   endloop
 endfacet
 facet normal 8.725136593578e-01 -6.772491665207e-07 4.885897197380e-01
   outer loop
     vertex 1.040817760772e+01 -7.559041048709e+00 6.918585036574e+00
     vertex 1.033146961230e+01 -6.400000000000e+00 7.055570233020e+00
     vertex 1.033146342001e+01 -7.691913919472e+00 7.055579500325e+00
   endloop
 endfacet
 facet normal 9.569308976288e-01 4.441338365063e-03 2.902818142371e-01
   outer loop
     vertex 1.046026595657e+01 -7.468821382010e+00 6.779086532552e+00
     vertex 1.048078528040e+01 -6.400000000000e+00 6.695090322016e+00
     vertex 1.042387953251e+01 -6.400000000000e+00 6.882683432365e+00
   endloop
 endfacet
 facet normal 9.372212101568e-01 -1.894842495297e-03 3.487302866171e-01
   outer loop
     vertex 1.046026595657e+01 -7.468821382010e+00 6.779086532552e+00
     vertex 1.042387953251e+01 -6.400000000000e+00 6.882683432365e+00
     vertex 1.040817760772e+01 -7.559041048709e+00 6.918585036574e+00
   endloop
 endfacet
 facet normal 9.951774872258e-01 3.814301638943e-03 9.801642730633e-02
   outer loop
     vertex 1.049001665556e+01 -7.417291659800e+00 6.640950422897e+00
     vertex 1.050000000000e+01 -6.400000000000e+00 6.500000000000e+00
     vertex 1.048078528040e+01 -6.400000000000e+00 6.695090322016e+00
   endloop
 endfacet
 facet normal 9.777570986557e-01 -2.289026828347e-03 2.097279580424e-01
   outer loop
     vertex 1.049001665556e+01 -7.417291659800e+00 6.640950422897e+00
     vertex 1.048078528040e+01 -6.400000000000e+00 6.695090322016e+00
     vertex 1.046026595657e+01 -7.468821382010e+00 6.779086532552e+00
   endloop
 endfacet
 facet normal 9.975010414931e-01 -1.255027500292e-16 7.065176728319e-02
   outer loop
     vertex 1.050000000000e+01 -7.400000000000e+00 6.500000000000e+00
     vertex 1.050000000000e+01 -6.400000000000e+00 6.500000000000e+00
     vertex 1.049001665556e+01 -7.417291659800e+00 6.640950422897e+00
   endloop
 endfacet
 facet normal 9.951747263009e-01 4.483014240751e-03 -9.801615537896e-02
   outer loop
     vertex 1.049261324459e+01 -7.412794235674e+00 6.378678333899e+00
     vertex 1.048078528040e+01 -6.400000000000e+00 6.304909677984e+00
     vertex 1.050000000000e+01 -6.400000000000e+00 6.500000000000e+00
   endloop
 endfacet
 facet normal 9.981516028614e-01 1.079328851138e-16 -6.077316599679e-02
   outer loop
     vertex 1.049261324459e+01 -7.412794235674e+00 6.378678333899e+00
     vertex 1.050000000000e+01 -6.400000000000e+00 6.500000000000e+00
     vertex 1.050000000000e+01 -7.400000000000e+00 6.500000000000e+00
   endloop
 endfacet
 facet normal 9.835002143448e-01 -1.690250054376e-03 -1.808990642278e-01
   outer loop
     vertex 1.047056210667e+01 -7.450987926917e+00 6.259149014744e+00
     vertex 1.048078528040e+01 -6.400000000000e+00 6.304909677984e+00
     vertex 1.049261324459e+01 -7.412794235674e+00 6.378678333899e+00
   endloop
 endfacet
 facet normal 9.569350274538e-01 3.330801948828e-03 -2.902830670058e-01
   outer loop
     vertex 1.042387953251e+01 -6.400000000000e+00 6.117316567635e+00
     vertex 1.048078528040e+01 -6.400000000000e+00 6.304909677984e+00
     vertex 1.047056210667e+01 -7.450987926917e+00 6.259149014744e+00
   endloop
 endfacet
 facet normal 9.538428828658e-01 1.841593655041e-03 -3.003004551096e-01
   outer loop
     vertex 1.043417235896e+01 -7.514016818819e+00 6.143177910227e+00
     vertex 1.042387953251e+01 -6.400000000000e+00 6.117316567635e+00
     vertex 1.047056210667e+01 -7.450987926917e+00 6.259149014744e+00
   endloop
 endfacet
 facet normal 8.819132329600e-01 4.267705224751e-03 -4.713924439595e-01
   outer loop
     vertex 1.035750107748e+01 -7.240941551447e+00 5.985517831100e+00
     vertex 1.033146961230e+01 -6.400000000000e+00 5.944429766980e+00
     vertex 1.042387953251e+01 -6.400000000000e+00 6.117316567635e+00
   endloop
 endfacet
 facet normal 8.979861740435e-01 -1.917995244230e-03 -4.400194910693e-01
   outer loop
     vertex 1.035750107748e+01 -7.240941551447e+00 5.985517831100e+00
     vertex 1.042387953251e+01 -6.400000000000e+00 6.117316567635e+00
     vertex 1.043417235896e+01 -7.514016818819e+00 6.143177910227e+00
   endloop
 endfacet
 facet normal 7.729893084660e-01 7.396429611570e-03 -6.343759309954e-01
   outer loop
     vertex 1.025447434093e+01 -6.995254692767e+00 5.843670457105e+00
     vertex 1.020710678119e+01 -6.400000000000e+00 5.792893218813e+00
     vertex 1.033146961230e+01 -6.400000000000e+00 5.944429766980e+00
   endloop
 endfacet
 facet normal 8.057970663892e-01 -3.990030777247e-03 -5.921783240316e-01
   outer loop
     vertex 1.025447434093e+01 -6.995254692767e+00 5.843670457105e+00
     vertex 1.033146961230e+01 -6.400000000000e+00 5.944429766980e+00
     vertex 1.035750107748e+01 -7.240941551447e+00 5.985517831100e+00
   endloop
 endfacet
 facet normal 6.928939754205e-01 -6.367474895298e-03 -7.210113689044e-01
   outer loop
     vertex 1.013775684641e+01 -6.797959875676e+00 5.729762241348e+00
     vertex 1.020710678119e+01 -6.400000000000e+00 5.792893218813e+00
     vertex 1.025447434093e+01 -6.995254692767e+00 5.843670457105e+00
   endloop
 endfacet
 facet normal 6.343470323304e-01 1.207514262781e-02 -7.729540953408e-01
   outer loop
     vertex 1.005557023302e+01 -6.400000000000e+00 5.668530387697e+00
     vertex 1.020710678119e+01 -6.400000000000e+00 5.792893218813e+00
     vertex 1.013775684641e+01 -6.797959875676e+00 5.729762241348e+00
   endloop
 endfacet
 facet normal 5.685463454689e-01 -9.152790716788e-03 -8.226003157525e-01
   outer loop
     vertex 1.001088725799e+01 -6.643097272739e+00 5.640352275855e+00
     vertex 1.005557023302e+01 -6.400000000000e+00 5.668530387697e+00
     vertex 1.013775684641e+01 -6.797959875676e+00 5.729762241348e+00
   endloop
 endfacet
 facet normal 4.713395343070e-01 1.557815832523e-02 -8.818142459625e-01
   outer loop
     vertex 9.882683432365e+00 -6.400000000000e+00 5.576120467489e+00
     vertex 1.005557023302e+01 -6.400000000000e+00 5.668530387697e+00
     vertex 1.001088725799e+01 -6.643097272739e+00 5.640352275855e+00
   endloop
 endfacet
 facet normal 4.450093422984e-01 -1.930157318619e-03 -8.955238465613e-01
   outer loop
     vertex 9.879391962271e+00 -6.529494968638e+00 5.574763955002e+00
     vertex 9.882683432365e+00 -6.400000000000e+00 5.576120467489e+00
     vertex 1.001088725799e+01 -6.643097272739e+00 5.640352275855e+00
   endloop
 endfacet
 facet normal 3.151125743718e-01 1.932258288858e-03 -9.490523335679e-01
   outer loop
     vertex 9.747316943432e+00 -6.453806788222e+00 5.531065363664e+00
     vertex 9.882683432365e+00 -6.400000000000e+00 5.576120467489e+00
     vertex 9.879391962271e+00 -6.529494968638e+00 5.574763955002e+00
   endloop
 endfacet
 facet normal 2.895557896647e-01 7.082073448461e-02 -9.545375153648e-01
   outer loop
     vertex 9.695090322016e+00 -6.400000000000e+00 5.519214719597e+00
     vertex 9.882683432365e+00 -6.400000000000e+00 5.576120467489e+00
     vertex 9.747316943432e+00 -6.453806788222e+00 5.531065363664e+00
   endloop
 endfacet
 facet normal 1.694917368402e-01 -5.223848768096e-02 -9.841461738724e-01
   outer loop
     vertex 9.624630180262e+00 -6.413504341946e+00 5.507796735458e+00
     vertex 9.695090322016e+00 -6.400000000000e+00 5.519214719597e+00
     vertex 9.747316943432e+00 -6.453806788222e+00 5.531065363664e+00
   endloop
 endfacet
 facet normal 9.307933282147e-02 3.133945112685e-01 -9.450503257014e-01
   outer loop
     vertex 9.500000000000e+00 -6.400000000000e+00 5.500000000000e+00
     vertex 9.695090322016e+00 -6.400000000000e+00 5.519214719597e+00
     vertex 9.624630180262e+00 -6.413504341946e+00 5.507796735458e+00
   endloop
 endfacet
 facet normal 0.000000000000e+00 1.000000000000e+00 0.000000000000e+00
   outer loop
     vertex 1.177482931216e+01 -3.400000000000e+00 5.463104826647e+00
     vertex 1.162793093252e+01 -3.400000000000e+00 5.187784336916e+00
     vertex 1.144787751431e+01 -3.400000000000e+00 4.932909323227e+00
   endloop
 endfacet
 facet normal 0.000000000000e+00 1.000000000000e+00 0.000000000000e+00
   outer loop
     vertex 1.196055797746e+01 -3.400000000000e+00 6.057671570464e+00
     vertex 1.188628384709e+01 -3.400000000000e+00 5.754581056644e+00
     vertex 1.177482931216e+01 -3.400000000000e+00 5.463104826647e+00
   endloop
 endfacet
 facet normal 0.000000000000e+00 1.000000000000e+00 0.000000000000e+00
   outer loop
     vertex 1.199353333350e+01 -3.400000000000e+00 6.679698399354e+00
     vertex 1.199649444688e+01 -3.400000000000e+00 6.367653950891e+00
     vertex 1.196055797746e+01 -3.400000000000e+00 6.057671570464e+00
   endloop
 endfacet
 facet normal 0.000000000000e+00 1.000000000000e+00 0.000000000000e+00
   outer loop
     vertex 1.199353333350e+01 -3.400000000000e+00 6.679698399354e+00
     vertex 1.177482931216e+01 -3.400000000000e+00 5.463104826647e+00
     vertex 1.144787751431e+01 -3.400000000000e+00 4.932909323227e+00
   endloop
 endfacet
 facet normal 0.000000000000e+00 1.000000000000e+00 0.000000000000e+00
   outer loop
     vertex 1.199353333350e+01 -3.400000000000e+00 6.679698399354e+00
     vertex 1.196055797746e+01 -3.400000000000e+00 6.057671570464e+00
     vertex 1.177482931216e+01 -3.400000000000e+00 5.463104826647e+00
   endloop
 endfacet
 facet normal 0.000000000000e+00 1.000000000000e+00 0.000000000000e+00
   outer loop
     vertex 1.187170824513e+01 -3.400000000000e+00 7.290569415042e+00
     vertex 1.195172077408e+01 -3.400000000000e+00 6.988942988448e+00
     vertex 1.199353333350e+01 -3.400000000000e+00 6.679698399354e+00
   endloop
 endfacet
 facet normal 0.000000000000e+00 1.000000000000e+00 0.000000000000e+00
   outer loop
     vertex 7.000000000000e+00 -3.400000000000e+00 3.000000000000e+00
     vertex 7.500000000000e+00 -3.400000000000e+00 2.000000000000e+00
     vertex 7.000000000000e+00 -3.400000000000e+00 2.000000000000e+00
   endloop
 endfacet
 facet normal -0.000000000000e+00 1.000000000000e+00 0.000000000000e+00
   outer loop
     vertex 8.000000000000e+00 -3.400000000000e+00 4.000000000000e+00
     vertex 1.100000000000e+01 -3.400000000000e+00 4.500000000000e+00
     vertex 1.100000000000e+01 -3.400000000000e+00 3.500000000000e+00
   endloop
 endfacet
 facet normal 0.000000000000e+00 1.000000000000e+00 0.000000000000e+00
   outer loop
     vertex 8.000000000000e+00 -3.400000000000e+00 4.000000000000e+00
     vertex 1.100000000000e+01 -3.400000000000e+00 3.500000000000e+00
     vertex 9.500000000000e+00 -3.400000000000e+00 2.000000000000e+00
   endloop
 endfacet
 facet normal 0.000000000000e+00 1.000000000000e+00 0.000000000000e+00
   outer loop
     vertex 8.000000000000e+00 -3.400000000000e+00 4.000000000000e+00
     vertex 9.500000000000e+00 -3.400000000000e+00 2.000000000000e+00
     vertex 7.500000000000e+00 -3.400000000000e+00 2.000000000000e+00
   endloop
 endfacet
 facet normal 0.000000000000e+00 1.000000000000e+00 0.000000000000e+00
   outer loop
     vertex 8.000000000000e+00 -3.400000000000e+00 4.000000000000e+00
     vertex 7.500000000000e+00 -3.400000000000e+00 2.000000000000e+00
     vertex 7.000000000000e+00 -3.400000000000e+00 3.000000000000e+00
   endloop
 endfacet
 facet normal 0.000000000000e+00 1.000000000000e+00 0.000000000000e+00
   outer loop
     vertex 8.000000000000e+00 -3.400000000000e+00 4.500000000000e+00
     vertex 1.144787751431e+01 -3.400000000000e+00 4.932909323227e+00
     vertex 1.123747444843e+01 -3.400000000000e+00 4.702450962828e+00
   endloop
 endfacet
 facet normal -0.000000000000e+00 1.000000000000e+00 0.000000000000e+00
   outer loop
     vertex 8.000000000000e+00 -3.400000000000e+00 4.500000000000e+00
     vertex 1.123747444843e+01 -3.400000000000e+00 4.702450962828e+00
     vertex 1.100000000000e+01 -3.400000000000e+00 4.500000000000e+00
   endloop
 endfacet
 facet normal 0.000000000000e+00 1.000000000000e+00 0.000000000000e+00
   outer loop
     vertex 8.000000000000e+00 -3.400000000000e+00 4.500000000000e+00
     vertex 1.100000000000e+01 -3.400000000000e+00 4.500000000000e+00
     vertex 8.000000000000e+00 -3.400000000000e+00 4.000000000000e+00
   endloop
 endfacet
 facet normal 0.000000000000e+00 1.000000000000e+00 0.000000000000e+00
   outer loop
     vertex 1.141778792804e+01 -3.400000000000e+00 8.103773507413e+00
     vertex 1.160264570641e+01 -3.400000000000e+00 7.852361280616e+00
     vertex 1.175474241233e+01 -3.400000000000e+00 7.579878073689e+00
   endloop
 endfacet
 facet normal 0.000000000000e+00 1.000000000000e+00 0.000000000000e+00
   outer loop
     vertex 1.141778792804e+01 -3.400000000000e+00 8.103773507413e+00
     vertex 1.175474241233e+01 -3.400000000000e+00 7.579878073689e+00
     vertex 1.187170824513e+01 -3.400000000000e+00 7.290569415042e+00
   endloop
 endfacet
 facet normal 0.000000000000e+00 1.000000000000e+00 0.000000000000e+00
   outer loop
     vertex 1.141778792804e+01 -3.400000000000e+00 8.103773507413e+00
     vertex 1.187170824513e+01 -3.400000000000e+00 7.290569415042e+00
     vertex 1.199353333350e+01 -3.400000000000e+00 6.679698399354e+00
   endloop
 endfacet
 facet normal 0.000000000000e+00 1.000000000000e+00 0.000000000000e+00
   outer loop
     vertex 1.141778792804e+01 -3.400000000000e+00 8.103773507413e+00
     vertex 1.199353333350e+01 -3.400000000000e+00 6.679698399354e+00
     vertex 1.144787751431e+01 -3.400000000000e+00 4.932909323227e+00
   endloop
 endfacet
 facet normal 0.000000000000e+00 1.000000000000e+00 0.000000000000e+00
   outer loop
     vertex 1.096177571166e+01 -3.400000000000e+00 8.528105462939e+00
     vertex 1.120304932424e+01 -3.400000000000e+00 8.330197530102e+00
     vertex 1.141778792804e+01 -3.400000000000e+00 8.103773507413e+00
   endloop
 endfacet
 facet normal 0.000000000000e+00 1.000000000000e+00 0.000000000000e+00
   outer loop
     vertex 1.096177571166e+01 -3.400000000000e+00 8.528105462939e+00
     vertex 1.141778792804e+01 -3.400000000000e+00 8.103773507413e+00
     vertex 1.144787751431e+01 -3.400000000000e+00 4.932909323227e+00
   endloop
 endfacet
 facet normal 0.000000000000e+00 1.000000000000e+00 0.000000000000e+00
   outer loop
     vertex 7.225170687837e+00 -3.400000000000e+00 5.463104826647e+00
     vertex 7.552122485686e+00 -3.400000000000e+00 4.932909323227e+00
     vertex 7.372069067484e+00 -3.400000000000e+00 5.187784336916e+00
   endloop
 endfacet
 facet normal 0.000000000000e+00 1.000000000000e+00 0.000000000000e+00
   outer loop
     vertex 7.039442022544e+00 -3.400000000000e+00 6.057671570464e+00
     vertex 8.000000000000e+00 -3.400000000000e+00 4.500000000000e+00
     vertex 7.762525551566e+00 -3.400000000000e+00 4.702450962828e+00
   endloop
 endfacet
 facet normal 0.000000000000e+00 1.000000000000e+00 0.000000000000e+00
   outer loop
     vertex 7.039442022544e+00 -3.400000000000e+00 6.057671570464e+00
     vertex 7.762525551566e+00 -3.400000000000e+00 4.702450962828e+00
     vertex 7.552122485686e+00 -3.400000000000e+00 4.932909323227e+00
   endloop
 endfacet
 facet normal 0.000000000000e+00 1.000000000000e+00 0.000000000000e+00
   outer loop
     vertex 7.039442022544e+00 -3.400000000000e+00 6.057671570464e+00
     vertex 7.225170687837e+00 -3.400000000000e+00 5.463104826647e+00
     vertex 7.113716152909e+00 -3.400000000000e+00 5.754581056644e+00
   endloop
 endfacet
 facet normal 0.000000000000e+00 1.000000000000e+00 0.000000000000e+00
   outer loop
     vertex 7.039442022544e+00 -3.400000000000e+00 6.057671570464e+00
     vertex 7.552122485686e+00 -3.400000000000e+00 4.932909323227e+00
     vertex 7.225170687837e+00 -3.400000000000e+00 5.463104826647e+00
   endloop
 endfacet
 facet normal 0.000000000000e+00 1.000000000000e+00 0.000000000000e+00
   outer loop
     vertex 9.811450136444e+00 -3.400000000000e+00 8.980523898798e+00
     vertex 1.011804760539e+01 -3.400000000000e+00 8.922399050007e+00
     vertex 1.041501534816e+01 -3.400000000000e+00 8.826531089977e+00
   endloop
 endfacet
 facet normal 0.000000000000e+00 1.000000000000e+00 0.000000000000e+00
   outer loop
     vertex 9.811450136444e+00 -3.400000000000e+00 8.980523898798e+00
     vertex 1.041501534816e+01 -3.400000000000e+00 8.826531089977e+00
     vertex 1.069772634572e+01 -3.400000000000e+00 8.694413725980e+00
   endloop
 endfacet
 facet normal 0.000000000000e+00 1.000000000000e+00 0.000000000000e+00
   outer loop
     vertex 9.811450136444e+00 -3.400000000000e+00 8.980523898798e+00
     vertex 1.069772634572e+01 -3.400000000000e+00 8.694413725980e+00
     vertex 1.096177571166e+01 -3.400000000000e+00 8.528105462939e+00
   endloop
 endfacet
 facet normal 0.000000000000e+00 1.000000000000e+00 0.000000000000e+00
   outer loop
     vertex 7.006466666501e+00 -3.400000000000e+00 6.679698399354e+00
     vertex 7.039442022544e+00 -3.400000000000e+00 6.057671570464e+00
     vertex 7.003505553124e+00 -3.400000000000e+00 6.367653950891e+00
   endloop
 endfacet
 facet normal -0.000000000000e+00 1.000000000000e+00 0.000000000000e+00
   outer loop
     vertex 9.188549863556e+00 -3.400000000000e+00 8.980523898798e+00
     vertex 9.500000000000e+00 -3.400000000000e+00 9.000000000000e+00
     vertex 9.811450136444e+00 -3.400000000000e+00 8.980523898798e+00
   endloop
 endfacet
 facet normal -0.000000000000e+00 1.000000000000e+00 0.000000000000e+00
   outer loop
     vertex 8.584984651838e+00 -3.400000000000e+00 8.826531089977e+00
     vertex 9.811450136444e+00 -3.400000000000e+00 8.980523898798e+00
     vertex 1.096177571166e+01 -3.400000000000e+00 8.528105462939e+00
   endloop
 endfacet
 facet normal 0.000000000000e+00 1.000000000000e+00 0.000000000000e+00
   outer loop
     vertex 8.584984651838e+00 -3.400000000000e+00 8.826531089977e+00
     vertex 9.188549863556e+00 -3.400000000000e+00 8.980523898798e+00
     vertex 9.811450136444e+00 -3.400000000000e+00 8.980523898798e+00
   endloop
 endfacet
 facet normal 0.000000000000e+00 1.000000000000e+00 0.000000000000e+00
   outer loop
     vertex 8.584984651838e+00 -3.400000000000e+00 8.826531089977e+00
     vertex 8.881952394613e+00 -3.400000000000e+00 8.922399050007e+00
     vertex 9.188549863556e+00 -3.400000000000e+00 8.980523898798e+00
   endloop
 endfacet
 facet normal 0.000000000000e+00 1.000000000000e+00 0.000000000000e+00
   outer loop
     vertex 7.245257587668e+00 -3.400000000000e+00 7.579878073689e+00
     vertex 7.006466666501e+00 -3.400000000000e+00 6.679698399354e+00
     vertex 7.048279225922e+00 -3.400000000000e+00 6.988942988448e+00
   endloop
 endfacet
 facet normal 0.000000000000e+00 1.000000000000e+00 0.000000000000e+00
   outer loop
     vertex 7.245257587668e+00 -3.400000000000e+00 7.579878073689e+00
     vertex 7.048279225922e+00 -3.400000000000e+00 6.988942988448e+00
     vertex 7.128291754874e+00 -3.400000000000e+00 7.290569415042e+00
   endloop
 endfacet
 facet normal 0.000000000000e+00 1.000000000000e+00 0.000000000000e+00
   outer loop
     vertex 7.245257587668e+00 -3.400000000000e+00 7.579878073689e+00
     vertex 7.039442022544e+00 -3.400000000000e+00 6.057671570464e+00
     vertex 7.006466666501e+00 -3.400000000000e+00 6.679698399354e+00
   endloop
 endfacet
 facet normal 0.000000000000e+00 1.000000000000e+00 0.000000000000e+00
   outer loop
     vertex 8.038224288341e+00 -3.400000000000e+00 8.528105462939e+00
     vertex 8.302273654281e+00 -3.400000000000e+00 8.694413725980e+00
     vertex 8.584984651838e+00 -3.400000000000e+00 8.826531089977e+00
   endloop
 endfacet
 facet normal -0.000000000000e+00 1.000000000000e+00 0.000000000000e+00
   outer loop
     vertex 8.038224288341e+00 -3.400000000000e+00 8.528105462939e+00
     vertex 8.584984651838e+00 -3.400000000000e+00 8.826531089977e+00
     vertex 1.096177571166e+01 -3.400000000000e+00 8.528105462939e+00
   endloop
 endfacet
 facet normal 0.000000000000e+00 1.000000000000e+00 0.000000000000e+00
   outer loop
     vertex 7.582212071964e+00 -3.400000000000e+00 8.103773507413e+00
     vertex 8.000000000000e+00 -3.400000000000e+00 4.500000000000e+00
     vertex 7.039442022544e+00 -3.400000000000e+00 6.057671570464e+00
   endloop
 endfacet
 facet normal 0.000000000000e+00 1.000000000000e+00 0.000000000000e+00
   outer loop
     vertex 7.582212071964e+00 -3.400000000000e+00 8.103773507413e+00
     vertex 7.245257587668e+00 -3.400000000000e+00 7.579878073689e+00
     vertex 7.397354293588e+00 -3.400000000000e+00 7.852361280616e+00
   endloop
 endfacet
 facet normal 0.000000000000e+00 1.000000000000e+00 0.000000000000e+00
   outer loop
     vertex 7.582212071964e+00 -3.400000000000e+00 8.103773507413e+00
     vertex 7.039442022544e+00 -3.400000000000e+00 6.057671570464e+00
     vertex 7.245257587668e+00 -3.400000000000e+00 7.579878073689e+00
   endloop
 endfacet
 facet normal 0.000000000000e+00 1.000000000000e+00 0.000000000000e+00
   outer loop
     vertex 7.582212071964e+00 -3.400000000000e+00 8.103773507413e+00
     vertex 1.144787751431e+01 -3.400000000000e+00 4.932909323227e+00
     vertex 8.000000000000e+00 -3.400000000000e+00 4.500000000000e+00
   endloop
 endfacet
 facet normal -0.000000000000e+00 1.000000000000e+00 0.000000000000e+00
   outer loop
     vertex 7.582212071964e+00 -3.400000000000e+00 8.103773507413e+00
     vertex 1.096177571166e+01 -3.400000000000e+00 8.528105462939e+00
     vertex 1.144787751431e+01 -3.400000000000e+00 4.932909323227e+00
   endloop
 endfacet
 facet normal 0.000000000000e+00 1.000000000000e+00 0.000000000000e+00
   outer loop
     vertex 7.796950675756e+00 -3.400000000000e+00 8.330197530102e+00
     vertex 8.038224288341e+00 -3.400000000000e+00 8.528105462939e+00
     vertex 1.096177571166e+01 -3.400000000000e+00 8.528105462939e+00
   endloop
 endfacet
 facet normal -0.000000000000e+00 1.000000000000e+00 0.000000000000e+00
   outer loop
     vertex 7.796950675756e+00 -3.400000000000e+00 8.330197530102e+00
     vertex 1.096177571166e+01 -3.400000000000e+00 8.528105462939e+00
     vertex 7.582212071964e+00 -3.400000000000e+00 8.103773507413e+00
   endloop
 endfacet
 facet normal -0.000000000000e+00 0.000000000000e+00 -1.000000000000e+00
   outer loop
     vertex 7.500000000000e+00 -3.400000000000e+00 2.000000000000e+00
     vertex 7.000000000000e+00 -5.500000000000e+00 2.000000000000e+00
     vertex 7.000000000000e+00 -3.400000000000e+00 2.000000000000e+00
   endloop
 endfacet
 facet normal 0.000000000000e+00 -0.000000000000e+00 -1.000000000000e+00
   outer loop
     vertex 7.500000000000e+00 -3.400000000000e+00 2.000000000000e+00
     vertex 7.500000000000e+00 -5.500000000000e+00 2.000000000000e+00
     vertex 7.000000000000e+00 -5.500000000000e+00 2.000000000000e+00
   endloop
 endfacet
 facet normal -0.000000000000e+00 0.000000000000e+00 1.000000000000e+00
   outer loop
     vertex 6.900000000000e+00 5.500000000000e+00 1.000000000000e+00
     vertex 7.500000000000e+00 -5.500000000000e+00 1.000000000000e+00
     vertex 7.500000000000e+00 5.500000000000e+00 1.000000000000e+00
   endloop
 endfacet
 facet normal 0.000000000000e+00 0.000000000000e+00 1.000000000000e+00
   outer loop
     vertex 6.900000000000e+00 5.500000000000e+00 1.000000000000e+00
     vertex 6.900000000000e+00 -5.500000000000e+00 1.000000000000e+00
     vertex 7.500000000000e+00 -5.500000000000e+00 1.000000000000e+00
   endloop
 endfacet
 facet normal -1.000000000000e+00 0.000000000000e+00 0.000000000000e+00
   outer loop
     vertex 7.500000000000e+00 3.400000000000e+00 2.000000000000e+00
     vertex 7.500000000000e+00 5.500000000000e+00 2.000000000000e+00
     vertex 7.500000000000e+00 5.500000000000e+00 1.000000000000e+00
   endloop
 endfacet
 facet normal -1.000000000000e+00 0.000000000000e+00 0.000000000000e+00
   outer loop
     vertex 7.500000000000e+00 -5.500000000000e+00 1.000000000000e+00
     vertex 7.500000000000e+00 -5.500000000000e+00 2.000000000000e+00
     vertex 7.500000000000e+00 -3.400000000000e+00 2.000000000000e+00
   endloop
 endfacet
 facet normal -1.000000000000e+00 0.000000000000e+00 0.000000000000e+00
   outer loop
     vertex 7.500000000000e+00 -5.500000000000e+00 1.000000000000e+00
     vertex 7.500000000000e+00 3.400000000000e+00 2.000000000000e+00
     vertex 7.500000000000e+00 5.500000000000e+00 1.000000000000e+00
   endloop
 endfacet
 facet normal -1.000000000000e+00 0.000000000000e+00 0.000000000000e+00
   outer loop
     vertex 7.500000000000e+00 -5.500000000000e+00 1.000000000000e+00
     vertex 7.500000000000e+00 -3.400000000000e+00 2.000000000000e+00
     vertex 7.500000000000e+00 3.400000000000e+00 2.000000000000e+00
   endloop
 endfacet
 facet normal -0.000000000000e+00 0.000000000000e+00 1.000000000000e+00
   outer loop
     vertex -5.500000000000e+00 -6.900000000000e+00 1.000000000000e+00
     vertex 5.500000000000e+00 -7.500000000000e+00 1.000000000000e+00
     vertex 5.500000000000e+00 -6.900000000000e+00 1.000000000000e+00
   endloop
 endfacet
 facet normal 0.000000000000e+00 0.000000000000e+00 1.000000000000e+00
   outer loop
     vertex -5.500000000000e+00 -6.900000000000e+00 1.000000000000e+00
     vertex -5.500000000000e+00 -7.500000000000e+00 1.000000000000e+00
     vertex 5.500000000000e+00 -7.500000000000e+00 1.000000000000e+00
   endloop
 endfacet
 facet normal -0.000000000000e+00 0.000000000000e+00 1.000000000000e+00
   outer loop
     vertex -7.500000000000e+00 5.500000000000e+00 1.000000000000e+00
     vertex -6.900000000000e+00 -5.500000000000e+00 1.000000000000e+00
     vertex -6.900000000000e+00 5.500000000000e+00 1.000000000000e+00
   endloop
 endfacet
 facet normal 0.000000000000e+00 0.000000000000e+00 1.000000000000e+00
   outer loop
     vertex -7.500000000000e+00 5.500000000000e+00 1.000000000000e+00
     vertex -7.500000000000e+00 -5.500000000000e+00 1.000000000000e+00
     vertex -6.900000000000e+00 -5.500000000000e+00 1.000000000000e+00
   endloop
 endfacet
 facet normal -0.000000000000e+00 0.000000000000e+00 1.000000000000e+00
   outer loop
     vertex -5.500000000000e+00 7.500000000000e+00 1.000000000000e+00
     vertex 5.500000000000e+00 6.900000000000e+00 1.000000000000e+00
     vertex 5.500000000000e+00 7.500000000000e+00 1.000000000000e+00
   endloop
 endfacet
 facet normal 0.000000000000e+00 0.000000000000e+00 1.000000000000e+00
   outer loop
     vertex -5.500000000000e+00 7.500000000000e+00 1.000000000000e+00
     vertex -5.500000000000e+00 6.900000000000e+00 1.000000000000e+00
     vertex 5.500000000000e+00 6.900000000000e+00 1.000000000000e+00
   endloop
 endfacet
 facet normal 0.000000000000e+00 0.000000000000e+00 -1.000000000000e+00
   outer loop
     vertex 7.500000000000e+00 3.400000000000e+00 2.000000000000e+00
     vertex 7.000000000000e+00 3.400000000000e+00 2.000000000000e+00
     vertex 7.000000000000e+00 5.500000000000e+00 2.000000000000e+00
   endloop
 endfacet
 facet normal 0.000000000000e+00 0.000000000000e+00 -1.000000000000e+00
   outer loop
     vertex 7.500000000000e+00 3.400000000000e+00 2.000000000000e+00
     vertex 7.000000000000e+00 5.500000000000e+00 2.000000000000e+00
     vertex 7.500000000000e+00 5.500000000000e+00 2.000000000000e+00
   endloop
 endfacet
 facet normal 0.000000000000e+00 -1.000000000000e+00 0.000000000000e+00
   outer loop
     vertex 1.177482931216e+01 3.400000000000e+00 5.463104826647e+00
     vertex 1.144787751431e+01 3.400000000000e+00 4.932909323227e+00
     vertex 1.162793093252e+01 3.400000000000e+00 5.187784336916e+00
   endloop
 endfacet
 facet normal 0.000000000000e+00 -1.000000000000e+00 0.000000000000e+00
   outer loop
     vertex 1.196055797746e+01 3.400000000000e+00 6.057671570464e+00
     vertex 1.177482931216e+01 3.400000000000e+00 5.463104826647e+00
     vertex 1.188628384709e+01 3.400000000000e+00 5.754581056644e+00
   endloop
 endfacet
 facet normal 0.000000000000e+00 -1.000000000000e+00 -0.000000000000e+00
   outer loop
     vertex 1.199353333350e+01 3.400000000000e+00 6.679698399354e+00
     vertex 1.196055797746e+01 3.400000000000e+00 6.057671570464e+00
     vertex 1.199649444688e+01 3.400000000000e+00 6.367653950891e+00
   endloop
 endfacet
 facet normal 0.000000000000e+00 -1.000000000000e+00 0.000000000000e+00
   outer loop
     vertex 1.199353333350e+01 3.400000000000e+00 6.679698399354e+00
     vertex 1.144787751431e+01 3.400000000000e+00 4.932909323227e+00
     vertex 1.177482931216e+01 3.400000000000e+00 5.463104826647e+00
   endloop
 endfacet
 facet normal 0.000000000000e+00 -1.000000000000e+00 0.000000000000e+00
   outer loop
     vertex 1.199353333350e+01 3.400000000000e+00 6.679698399354e+00
     vertex 1.177482931216e+01 3.400000000000e+00 5.463104826647e+00
     vertex 1.196055797746e+01 3.400000000000e+00 6.057671570464e+00
   endloop
 endfacet
 facet normal 0.000000000000e+00 -1.000000000000e+00 0.000000000000e+00
   outer loop
     vertex 1.187170824513e+01 3.400000000000e+00 7.290569415042e+00
     vertex 1.199353333350e+01 3.400000000000e+00 6.679698399354e+00
     vertex 1.195172077408e+01 3.400000000000e+00 6.988942988448e+00
   endloop
 endfacet
 facet normal 0.000000000000e+00 -1.000000000000e+00 0.000000000000e+00
   outer loop
     vertex 7.000000000000e+00 3.400000000000e+00 3.000000000000e+00
     vertex 7.000000000000e+00 3.400000000000e+00 2.000000000000e+00
     vertex 7.500000000000e+00 3.400000000000e+00 2.000000000000e+00
   endloop
 endfacet
 facet normal 0.000000000000e+00 -1.000000000000e+00 0.000000000000e+00
   outer loop
     vertex 8.000000000000e+00 3.400000000000e+00 4.000000000000e+00
     vertex 1.100000000000e+01 3.400000000000e+00 3.500000000000e+00
     vertex 1.100000000000e+01 3.400000000000e+00 4.500000000000e+00
   endloop
 endfacet
 facet normal 0.000000000000e+00 -1.000000000000e+00 0.000000000000e+00
   outer loop
     vertex 8.000000000000e+00 3.400000000000e+00 4.000000000000e+00
     vertex 9.500000000000e+00 3.400000000000e+00 2.000000000000e+00
     vertex 1.100000000000e+01 3.400000000000e+00 3.500000000000e+00
   endloop
 endfacet
 facet normal 0.000000000000e+00 -1.000000000000e+00 -0.000000000000e+00
   outer loop
     vertex 8.000000000000e+00 3.400000000000e+00 4.000000000000e+00
     vertex 7.500000000000e+00 3.400000000000e+00 2.000000000000e+00
     vertex 9.500000000000e+00 3.400000000000e+00 2.000000000000e+00
   endloop
 endfacet
 facet normal 0.000000000000e+00 -1.000000000000e+00 0.000000000000e+00
   outer loop
     vertex 8.000000000000e+00 3.400000000000e+00 4.000000000000e+00
     vertex 7.000000000000e+00 3.400000000000e+00 3.000000000000e+00
     vertex 7.500000000000e+00 3.400000000000e+00 2.000000000000e+00
   endloop
 endfacet
 facet normal 0.000000000000e+00 -1.000000000000e+00 0.000000000000e+00
   outer loop
     vertex 8.000000000000e+00 3.400000000000e+00 4.500000000000e+00
     vertex 1.123747444843e+01 3.400000000000e+00 4.702450962828e+00
     vertex 1.144787751431e+01 3.400000000000e+00 4.932909323227e+00
   endloop
 endfacet
 facet normal 0.000000000000e+00 -1.000000000000e+00 0.000000000000e+00
   outer loop
     vertex 8.000000000000e+00 3.400000000000e+00 4.500000000000e+00
     vertex 1.100000000000e+01 3.400000000000e+00 4.500000000000e+00
     vertex 1.123747444843e+01 3.400000000000e+00 4.702450962828e+00
   endloop
 endfacet
 facet normal 0.000000000000e+00 -1.000000000000e+00 -0.000000000000e+00
   outer loop
     vertex 8.000000000000e+00 3.400000000000e+00 4.500000000000e+00
     vertex 8.000000000000e+00 3.400000000000e+00 4.000000000000e+00
     vertex 1.100000000000e+01 3.400000000000e+00 4.500000000000e+00
   endloop
 endfacet
 facet normal 0.000000000000e+00 -1.000000000000e+00 0.000000000000e+00
   outer loop
     vertex 1.141778792804e+01 3.400000000000e+00 8.103773507413e+00
     vertex 1.175474241233e+01 3.400000000000e+00 7.579878073689e+00
     vertex 1.160264570641e+01 3.400000000000e+00 7.852361280616e+00
   endloop
 endfacet
 facet normal 0.000000000000e+00 -1.000000000000e+00 0.000000000000e+00
   outer loop
     vertex 1.141778792804e+01 3.400000000000e+00 8.103773507413e+00
     vertex 1.187170824513e+01 3.400000000000e+00 7.290569415042e+00
     vertex 1.175474241233e+01 3.400000000000e+00 7.579878073689e+00
   endloop
 endfacet
 facet normal 0.000000000000e+00 -1.000000000000e+00 0.000000000000e+00
   outer loop
     vertex 1.141778792804e+01 3.400000000000e+00 8.103773507413e+00
     vertex 1.199353333350e+01 3.400000000000e+00 6.679698399354e+00
     vertex 1.187170824513e+01 3.400000000000e+00 7.290569415042e+00
   endloop
 endfacet
 facet normal 0.000000000000e+00 -1.000000000000e+00 0.000000000000e+00
   outer loop
     vertex 1.141778792804e+01 3.400000000000e+00 8.103773507413e+00
     vertex 1.144787751431e+01 3.400000000000e+00 4.932909323227e+00
     vertex 1.199353333350e+01 3.400000000000e+00 6.679698399354e+00
   endloop
 endfacet
 facet normal 0.000000000000e+00 -1.000000000000e+00 0.000000000000e+00
   outer loop
     vertex 1.096177571166e+01 3.400000000000e+00 8.528105462939e+00
     vertex 1.141778792804e+01 3.400000000000e+00 8.103773507413e+00
     vertex 1.120304932424e+01 3.400000000000e+00 8.330197530102e+00
   endloop
 endfacet
 facet normal 0.000000000000e+00 -1.000000000000e+00 0.000000000000e+00
   outer loop
     vertex 1.096177571166e+01 3.400000000000e+00 8.528105462939e+00
     vertex 1.144787751431e+01 3.400000000000e+00 4.932909323227e+00
     vertex 1.141778792804e+01 3.400000000000e+00 8.103773507413e+00
   endloop
 endfacet
 facet normal 0.000000000000e+00 -1.000000000000e+00 0.000000000000e+00
   outer loop
     vertex 7.225170687837e+00 3.400000000000e+00 5.463104826647e+00
     vertex 7.372069067484e+00 3.400000000000e+00 5.187784336916e+00
     vertex 7.552122485686e+00 3.400000000000e+00 4.932909323227e+00
   endloop
 endfacet
 facet normal 0.000000000000e+00 -1.000000000000e+00 0.000000000000e+00
   outer loop
     vertex 7.039442022544e+00 3.400000000000e+00 6.057671570464e+00
     vertex 7.762525551566e+00 3.400000000000e+00 4.702450962828e+00
     vertex 8.000000000000e+00 3.400000000000e+00 4.500000000000e+00
   endloop
 endfacet
 facet normal 0.000000000000e+00 -1.000000000000e+00 0.000000000000e+00
   outer loop
     vertex 7.039442022544e+00 3.400000000000e+00 6.057671570464e+00
     vertex 7.552122485686e+00 3.400000000000e+00 4.932909323227e+00
     vertex 7.762525551566e+00 3.400000000000e+00 4.702450962828e+00
   endloop
 endfacet
 facet normal 0.000000000000e+00 -1.000000000000e+00 0.000000000000e+00
   outer loop
     vertex 7.039442022544e+00 3.400000000000e+00 6.057671570464e+00
     vertex 7.113716152909e+00 3.400000000000e+00 5.754581056644e+00
     vertex 7.225170687837e+00 3.400000000000e+00 5.463104826647e+00
   endloop
 endfacet
 facet normal 0.000000000000e+00 -1.000000000000e+00 0.000000000000e+00
   outer loop
     vertex 7.039442022544e+00 3.400000000000e+00 6.057671570464e+00
     vertex 7.225170687837e+00 3.400000000000e+00 5.463104826647e+00
     vertex 7.552122485686e+00 3.400000000000e+00 4.932909323227e+00
   endloop
 endfacet
 facet normal 0.000000000000e+00 -1.000000000000e+00 0.000000000000e+00
   outer loop
     vertex 9.811450136444e+00 3.400000000000e+00 8.980523898798e+00
     vertex 1.041501534816e+01 3.400000000000e+00 8.826531089977e+00
     vertex 1.011804760539e+01 3.400000000000e+00 8.922399050007e+00
   endloop
 endfacet
 facet normal 0.000000000000e+00 -1.000000000000e+00 0.000000000000e+00
   outer loop
     vertex 9.811450136444e+00 3.400000000000e+00 8.980523898798e+00
     vertex 1.069772634572e+01 3.400000000000e+00 8.694413725980e+00
     vertex 1.041501534816e+01 3.400000000000e+00 8.826531089977e+00
   endloop
 endfacet
 facet normal 0.000000000000e+00 -1.000000000000e+00 0.000000000000e+00
   outer loop
     vertex 9.811450136444e+00 3.400000000000e+00 8.980523898798e+00
     vertex 1.096177571166e+01 3.400000000000e+00 8.528105462939e+00
     vertex 1.069772634572e+01 3.400000000000e+00 8.694413725980e+00
   endloop
 endfacet
 facet normal 0.000000000000e+00 -1.000000000000e+00 -0.000000000000e+00
   outer loop
     vertex 7.006466666501e+00 3.400000000000e+00 6.679698399354e+00
     vertex 7.003505553124e+00 3.400000000000e+00 6.367653950891e+00
     vertex 7.039442022544e+00 3.400000000000e+00 6.057671570464e+00
   endloop
 endfacet
 facet normal 0.000000000000e+00 -1.000000000000e+00 0.000000000000e+00
   outer loop
     vertex 9.188549863556e+00 3.400000000000e+00 8.980523898798e+00
     vertex 9.811450136444e+00 3.400000000000e+00 8.980523898798e+00
     vertex 9.500000000000e+00 3.400000000000e+00 9.000000000000e+00
   endloop
 endfacet
 facet normal 0.000000000000e+00 -1.000000000000e+00 0.000000000000e+00
   outer loop
     vertex 8.584984651838e+00 3.400000000000e+00 8.826531089977e+00
     vertex 1.096177571166e+01 3.400000000000e+00 8.528105462939e+00
     vertex 9.811450136444e+00 3.400000000000e+00 8.980523898798e+00
   endloop
 endfacet
 facet normal 0.000000000000e+00 -1.000000000000e+00 0.000000000000e+00
   outer loop
     vertex 8.584984651838e+00 3.400000000000e+00 8.826531089977e+00
     vertex 9.811450136444e+00 3.400000000000e+00 8.980523898798e+00
     vertex 9.188549863556e+00 3.400000000000e+00 8.980523898798e+00
   endloop
 endfacet
 facet normal 0.000000000000e+00 -1.000000000000e+00 0.000000000000e+00
   outer loop
     vertex 8.584984651838e+00 3.400000000000e+00 8.826531089977e+00
     vertex 9.188549863556e+00 3.400000000000e+00 8.980523898798e+00
     vertex 8.881952394613e+00 3.400000000000e+00 8.922399050007e+00
   endloop
 endfacet
 facet normal 0.000000000000e+00 -1.000000000000e+00 0.000000000000e+00
   outer loop
     vertex 7.245257587668e+00 3.400000000000e+00 7.579878073689e+00
     vertex 7.048279225922e+00 3.400000000000e+00 6.988942988448e+00
     vertex 7.006466666501e+00 3.400000000000e+00 6.679698399354e+00
   endloop
 endfacet
 facet normal 0.000000000000e+00 -1.000000000000e+00 0.000000000000e+00
   outer loop
     vertex 7.245257587668e+00 3.400000000000e+00 7.579878073689e+00
     vertex 7.128291754874e+00 3.400000000000e+00 7.290569415042e+00
     vertex 7.048279225922e+00 3.400000000000e+00 6.988942988448e+00
   endloop
 endfacet
 facet normal 0.000000000000e+00 -1.000000000000e+00 0.000000000000e+00
   outer loop
     vertex 7.245257587668e+00 3.400000000000e+00 7.579878073689e+00
     vertex 7.006466666501e+00 3.400000000000e+00 6.679698399354e+00
     vertex 7.039442022544e+00 3.400000000000e+00 6.057671570464e+00
   endloop
 endfacet
 facet normal 0.000000000000e+00 -1.000000000000e+00 0.000000000000e+00
   outer loop
     vertex 8.038224288341e+00 3.400000000000e+00 8.528105462939e+00
     vertex 8.584984651838e+00 3.400000000000e+00 8.826531089977e+00
     vertex 8.302273654281e+00 3.400000000000e+00 8.694413725980e+00
   endloop
 endfacet
 facet normal 0.000000000000e+00 -1.000000000000e+00 0.000000000000e+00
   outer loop
     vertex 8.038224288341e+00 3.400000000000e+00 8.528105462939e+00
     vertex 1.096177571166e+01 3.400000000000e+00 8.528105462939e+00
     vertex 8.584984651838e+00 3.400000000000e+00 8.826531089977e+00
   endloop
 endfacet
 facet normal 0.000000000000e+00 -1.000000000000e+00 -0.000000000000e+00
   outer loop
     vertex 7.582212071964e+00 3.400000000000e+00 8.103773507413e+00
     vertex 7.039442022544e+00 3.400000000000e+00 6.057671570464e+00
     vertex 8.000000000000e+00 3.400000000000e+00 4.500000000000e+00
   endloop
 endfacet
 facet normal 0.000000000000e+00 -1.000000000000e+00 0.000000000000e+00
   outer loop
     vertex 7.582212071964e+00 3.400000000000e+00 8.103773507413e+00
     vertex 7.397354293588e+00 3.400000000000e+00 7.852361280616e+00
     vertex 7.245257587668e+00 3.400000000000e+00 7.579878073689e+00
   endloop
 endfacet
 facet normal 0.000000000000e+00 -1.000000000000e+00 0.000000000000e+00
   outer loop
     vertex 7.582212071964e+00 3.400000000000e+00 8.103773507413e+00
     vertex 7.245257587668e+00 3.400000000000e+00 7.579878073689e+00
     vertex 7.039442022544e+00 3.400000000000e+00 6.057671570464e+00
   endloop
 endfacet
 facet normal 0.000000000000e+00 -1.000000000000e+00 0.000000000000e+00
   outer loop
     vertex 7.582212071964e+00 3.400000000000e+00 8.103773507413e+00
     vertex 8.000000000000e+00 3.400000000000e+00 4.500000000000e+00
     vertex 1.144787751431e+01 3.400000000000e+00 4.932909323227e+00
   endloop
 endfacet
 facet normal 0.000000000000e+00 -1.000000000000e+00 0.000000000000e+00
   outer loop
     vertex 7.582212071964e+00 3.400000000000e+00 8.103773507413e+00
     vertex 1.144787751431e+01 3.400000000000e+00 4.932909323227e+00
     vertex 1.096177571166e+01 3.400000000000e+00 8.528105462939e+00
   endloop
 endfacet
 facet normal 0.000000000000e+00 -1.000000000000e+00 0.000000000000e+00
   outer loop
     vertex 7.796950675756e+00 3.400000000000e+00 8.330197530102e+00
     vertex 1.096177571166e+01 3.400000000000e+00 8.528105462939e+00
     vertex 8.038224288341e+00 3.400000000000e+00 8.528105462939e+00
   endloop
 endfacet
 facet normal 0.000000000000e+00 -1.000000000000e+00 -0.000000000000e+00
   outer loop
     vertex 7.796950675756e+00 3.400000000000e+00 8.330197530102e+00
     vertex 7.582212071964e+00 3.400000000000e+00 8.103773507413e+00
     vertex 1.096177571166e+01 3.400000000000e+00 8.528105462939e+00
   endloop
 endfacet
 facet normal -7.071067811865e-01 0.000000000000e+00 7.071067811865e-01
   outer loop
     vertex 8.000000000000e+00 6.400000000000e+00 4.000000000000e+00
     vertex 7.000000000000e+00 3.400000000000e+00 3.000000000000e+00
     vertex 8.000000000000e+00 3.400000000000e+00 4.000000000000e+00
   endloop
 endfacet
 facet normal -7.071067811865e-01 0.000000000000e+00 7.071067811865e-01
   outer loop
     vertex 8.000000000000e+00 6.400000000000e+00 4.000000000000e+00
     vertex 7.000000000000e+00 6.400000000000e+00 3.000000000000e+00
     vertex 7.000000000000e+00 3.400000000000e+00 3.000000000000e+00
   endloop
 endfacet
 facet normal -6.487596533884e-01 3.322785559316e-17 -7.609933719392e-01
   outer loop
     vertex 7.762525551566e+00 6.400000000000e+00 4.702450962828e+00
     vertex 8.000000000000e+00 3.400000000000e+00 4.500000000000e+00
     vertex 7.762525551566e+00 3.400000000000e+00 4.702450962828e+00
   endloop
 endfacet
 facet normal -7.385101257318e-01 -1.902707336572e-17 -6.742423853420e-01
   outer loop
     vertex 7.762525551566e+00 6.400000000000e+00 4.702450962828e+00
     vertex 7.762525551566e+00 3.400000000000e+00 4.702450962828e+00
     vertex 7.552122485686e+00 3.400000000000e+00 4.932909323227e+00
   endloop
 endfacet
 facet normal -6.487596533884e-01 0.000000000000e+00 -7.609933719392e-01
   outer loop
     vertex 7.762525551566e+00 6.400000000000e+00 4.702450962828e+00
     vertex 8.000000000000e+00 6.400000000000e+00 4.500000000000e+00
     vertex 8.000000000000e+00 3.400000000000e+00 4.500000000000e+00
   endloop
 endfacet
 facet normal -8.167539597174e-01 9.983665955626e-17 -5.769861083995e-01
   outer loop
     vertex 7.552122485686e+00 6.400000000000e+00 4.932909323227e+00
     vertex 7.552122485686e+00 3.400000000000e+00 4.932909323227e+00
     vertex 7.372069067484e+00 3.400000000000e+00 5.187784336916e+00
   endloop
 endfacet
 facet normal -7.385101257318e-01 1.805887720702e-16 -6.742423853419e-01
   outer loop
     vertex 7.552122485686e+00 6.400000000000e+00 4.932909323227e+00
     vertex 7.762525551566e+00 6.400000000000e+00 4.702450962828e+00
     vertex 7.552122485686e+00 3.400000000000e+00 4.932909323227e+00
   endloop
 endfacet
 facet normal -8.822720474818e-01 -2.436759936918e-16 -4.707398795856e-01
   outer loop
     vertex 7.372069067484e+00 6.400000000000e+00 5.187784336916e+00
     vertex 7.372069067484e+00 3.400000000000e+00 5.187784336916e+00
     vertex 7.225170687837e+00 3.400000000000e+00 5.463104826647e+00
   endloop
 endfacet
 facet normal -8.167539597174e-01 -1.419710875189e-16 -5.769861083995e-01
   outer loop
     vertex 7.372069067484e+00 6.400000000000e+00 5.187784336916e+00
     vertex 7.552122485686e+00 6.400000000000e+00 4.932909323227e+00
     vertex 7.372069067484e+00 3.400000000000e+00 5.187784336916e+00
   endloop
 endfacet
 facet normal -8.822720474818e-01 -1.043089929118e-16 -4.707398795856e-01
   outer loop
     vertex 7.225170687837e+00 6.400000000000e+00 5.463104826647e+00
     vertex 7.372069067484e+00 6.400000000000e+00 5.187784336916e+00
     vertex 7.225170687837e+00 3.400000000000e+00 5.463104826647e+00
   endloop
 endfacet
 facet normal -9.340435594987e-01 -2.358438756186e-16 -3.571591087442e-01
   outer loop
     vertex 7.225170687837e+00 6.400000000000e+00 5.463104826647e+00
     vertex 7.225170687837e+00 3.400000000000e+00 5.463104826647e+00
     vertex 7.113716152909e+00 3.400000000000e+00 5.754581056644e+00
   endloop
 endfacet
 facet normal -9.712618500023e-01 -5.686684492869e-18 -2.380134843450e-01
   outer loop
     vertex 7.113716152909e+00 6.400000000000e+00 5.754581056644e+00
     vertex 7.113716152909e+00 3.400000000000e+00 5.754581056644e+00
     vertex 7.039442022544e+00 3.400000000000e+00 6.057671570464e+00
   endloop
 endfacet
 facet normal -9.340435594987e-01 1.464289061790e-16 -3.571591087441e-01
   outer loop
     vertex 7.113716152909e+00 6.400000000000e+00 5.754581056644e+00
     vertex 7.225170687837e+00 6.400000000000e+00 5.463104826647e+00
     vertex 7.113716152909e+00 3.400000000000e+00 5.754581056644e+00
   endloop
 endfacet
 facet normal -9.933470252386e-01 -4.177094372857e-16 -1.151594001791e-01
   outer loop
     vertex 7.039442022544e+00 6.400000000000e+00 6.057671570464e+00
     vertex 7.039442022544e+00 3.400000000000e+00 6.057671570464e+00
     vertex 7.003505553124e+00 3.400000000000e+00 6.367653950891e+00
   endloop
 endfacet
 facet normal -9.712618500023e-01 -2.227718093786e-16 -2.380134843450e-01
   outer loop
     vertex 7.039442022544e+00 6.400000000000e+00 6.057671570464e+00
     vertex 7.113716152909e+00 6.400000000000e+00 5.754581056644e+00
     vertex 7.039442022544e+00 3.400000000000e+00 6.057671570464e+00
   endloop
 endfacet
 facet normal -9.999549787212e-01 -3.157112381805e-16 9.488968892658e-03
   outer loop
     vertex 7.003505553124e+00 6.400000000000e+00 6.367653950891e+00
     vertex 7.003505553124e+00 3.400000000000e+00 6.367653950891e+00
     vertex 7.006466666501e+00 3.400000000000e+00 6.679698399354e+00
   endloop
 endfacet
 facet normal -9.933470252386e-01 -5.543157754588e-17 -1.151594001791e-01
   outer loop
     vertex 7.003505553124e+00 6.400000000000e+00 6.367653950891e+00
     vertex 7.039442022544e+00 6.400000000000e+00 6.057671570464e+00
     vertex 7.003505553124e+00 3.400000000000e+00 6.367653950891e+00
   endloop
 endfacet
 facet normal -9.909827527135e-01 2.694287973970e-16 1.339894914696e-01
   outer loop
     vertex 7.006466666501e+00 6.400000000000e+00 6.679698399354e+00
     vertex 7.006466666501e+00 3.400000000000e+00 6.679698399354e+00
     vertex 7.048279225922e+00 3.400000000000e+00 6.988942988448e+00
   endloop
 endfacet
 facet normal -9.999549787212e-01 5.696178954595e-16 9.488968892666e-03
   outer loop
     vertex 7.006466666501e+00 6.400000000000e+00 6.679698399354e+00
     vertex 7.003505553124e+00 6.400000000000e+00 6.367653950891e+00
     vertex 7.006466666501e+00 3.400000000000e+00 6.679698399354e+00
   endloop
 endfacet
 facet normal -9.665701424010e-01 -3.211204858876e-16 2.564023397299e-01
   outer loop
     vertex 7.048279225922e+00 6.400000000000e+00 6.988942988448e+00
     vertex 7.048279225922e+00 3.400000000000e+00 6.988942988448e+00
     vertex 7.128291754874e+00 3.400000000000e+00 7.290569415042e+00
   endloop
 endfacet
 facet normal -9.909827527135e-01 -2.396103435471e-17 1.339894914696e-01
   outer loop
     vertex 7.048279225922e+00 6.400000000000e+00 6.988942988448e+00
     vertex 7.006466666501e+00 6.400000000000e+00 6.679698399354e+00
     vertex 7.048279225922e+00 3.400000000000e+00 6.988942988448e+00
   endloop
 endfacet
 facet normal -9.270975177587e-01 -2.278315195996e-16 3.748202136566e-01
   outer loop
     vertex 7.128291754874e+00 6.400000000000e+00 7.290569415042e+00
     vertex 7.128291754874e+00 3.400000000000e+00 7.290569415042e+00
     vertex 7.245257587668e+00 3.400000000000e+00 7.579878073689e+00
   endloop
 endfacet
 facet normal -9.665701424010e-01 4.095210295097e-17 2.564023397299e-01
   outer loop
     vertex 7.128291754874e+00 6.400000000000e+00 7.290569415042e+00
     vertex 7.048279225922e+00 6.400000000000e+00 6.988942988448e+00
     vertex 7.128291754874e+00 3.400000000000e+00 7.290569415042e+00
   endloop
 endfacet
 facet normal -8.731798970526e-01 -2.345521460046e-16 4.873980584524e-01
   outer loop
     vertex 7.245257587668e+00 6.400000000000e+00 7.579878073689e+00
     vertex 7.245257587668e+00 3.400000000000e+00 7.579878073689e+00
     vertex 7.397354293588e+00 3.400000000000e+00 7.852361280616e+00
   endloop
 endfacet
 facet normal -9.270975177587e-01 4.664448314403e-17 3.748202136566e-01
   outer loop
     vertex 7.245257587668e+00 6.400000000000e+00 7.579878073689e+00
     vertex 7.128291754874e+00 6.400000000000e+00 7.290569415042e+00
     vertex 7.245257587668e+00 3.400000000000e+00 7.579878073689e+00
   endloop
 endfacet
 facet normal -8.056573643126e-01 -9.819150395327e-17 5.923818121186e-01
   outer loop
     vertex 7.397354293588e+00 6.400000000000e+00 7.852361280616e+00
     vertex 7.397354293588e+00 3.400000000000e+00 7.852361280616e+00
     vertex 7.582212071964e+00 3.400000000000e+00 8.103773507413e+00
   endloop
 endfacet
 facet normal -8.731798970526e-01 1.682598467952e-16 4.873980584524e-01
   outer loop
     vertex 7.397354293588e+00 6.400000000000e+00 7.852361280616e+00
     vertex 7.245257587668e+00 6.400000000000e+00 7.579878073689e+00
     vertex 7.397354293588e+00 3.400000000000e+00 7.852361280616e+00
   endloop
 endfacet
 facet normal -7.255819800835e-01 2.591606808479e-16 6.881357352864e-01
   outer loop
     vertex 7.582212071964e+00 6.400000000000e+00 8.103773507413e+00
     vertex 7.582212071964e+00 3.400000000000e+00 8.103773507413e+00
     vertex 7.796950675756e+00 3.400000000000e+00 8.330197530102e+00
   endloop
 endfacet
 facet normal -8.056573643126e-01 4.910914854294e-16 5.923818121186e-01
   outer loop
     vertex 7.582212071964e+00 6.400000000000e+00 8.103773507413e+00
     vertex 7.397354293588e+00 6.400000000000e+00 7.852361280616e+00
     vertex 7.582212071964e+00 3.400000000000e+00 8.103773507413e+00
   endloop
 endfacet
 facet normal -6.342013893949e-01 -2.468541070799e-16 7.731678974774e-01
   outer loop
     vertex 7.796950675756e+00 6.400000000000e+00 8.330197530102e+00
     vertex 7.796950675756e+00 3.400000000000e+00 8.330197530102e+00
     vertex 8.038224288341e+00 3.400000000000e+00 8.528105462939e+00
   endloop
 endfacet
 facet normal -7.255819800835e-01 6.651789305512e-17 6.881357352864e-01
   outer loop
     vertex 7.796950675756e+00 6.400000000000e+00 8.330197530102e+00
     vertex 7.582212071964e+00 6.400000000000e+00 8.103773507413e+00
     vertex 7.796950675756e+00 3.400000000000e+00 8.330197530102e+00
   endloop
 endfacet
 facet normal -5.329393823525e-01 -5.535642956261e-17 8.461534226946e-01
   outer loop
     vertex 8.038224288341e+00 6.400000000000e+00 8.528105462939e+00
     vertex 8.038224288341e+00 3.400000000000e+00 8.528105462939e+00
     vertex 8.302273654281e+00 3.400000000000e+00 8.694413725980e+00
   endloop
 endfacet
 facet normal -6.342013893949e-01 2.109532538163e-16 7.731678974774e-01
   outer loop
     vertex 8.038224288341e+00 6.400000000000e+00 8.528105462939e+00
     vertex 7.796950675756e+00 6.400000000000e+00 8.330197530102e+00
     vertex 8.038224288341e+00 3.400000000000e+00 8.528105462939e+00
   endloop
 endfacet
 facet normal -5.329393823525e-01 7.612305492417e-16 8.461534226946e-01
   outer loop
     vertex 8.302273654281e+00 6.400000000000e+00 8.694413725980e+00
     vertex 8.038224288341e+00 6.400000000000e+00 8.528105462939e+00
     vertex 8.302273654281e+00 3.400000000000e+00 8.694413725980e+00
   endloop
 endfacet
 facet normal -4.233737102341e-01 2.156295873972e-16 9.059551321576e-01
   outer loop
     vertex 8.584984651838e+00 6.400000000000e+00 8.826531089977e+00
     vertex 8.302273654281e+00 3.400000000000e+00 8.694413725980e+00
     vertex 8.584984651838e+00 3.400000000000e+00 8.826531089977e+00
   endloop
 endfacet
 facet normal -4.233737102341e-01 4.669533854687e-16 9.059551321576e-01
   outer loop
     vertex 8.584984651838e+00 6.400000000000e+00 8.826531089977e+00
     vertex 8.302273654281e+00 6.400000000000e+00 8.694413725980e+00
     vertex 8.302273654281e+00 3.400000000000e+00 8.694413725980e+00
   endloop
 endfacet
 facet normal -3.072115027342e-01 -1.776756777104e-17 9.516412625500e-01
   outer loop
     vertex 8.881952394613e+00 6.400000000000e+00 8.922399050007e+00
     vertex 8.584984651838e+00 3.400000000000e+00 8.826531089977e+00
     vertex 8.881952394613e+00 3.400000000000e+00 8.922399050007e+00
   endloop
 endfacet
 facet normal -1.862626693803e-01 -2.508878885809e-16 9.824999837126e-01
   outer loop
     vertex 8.881952394613e+00 6.400000000000e+00 8.922399050007e+00
     vertex 8.881952394613e+00 3.400000000000e+00 8.922399050007e+00
     vertex 9.188549863556e+00 3.400000000000e+00 8.980523898798e+00
   endloop
 endfacet
 facet normal -3.072115027342e-01 -1.852989624876e-17 9.516412625500e-01
   outer loop
     vertex 8.881952394613e+00 6.400000000000e+00 8.922399050007e+00
     vertex 8.584984651838e+00 6.400000000000e+00 8.826531089977e+00
     vertex 8.584984651838e+00 3.400000000000e+00 8.826531089977e+00
   endloop
 endfacet
 facet normal -1.862626693803e-01 -2.508878885809e-16 9.824999837126e-01
   outer loop
     vertex 9.188549863556e+00 6.400000000000e+00 8.980523898798e+00
     vertex 8.881952394613e+00 6.400000000000e+00 8.922399050007e+00
     vertex 9.188549863556e+00 3.400000000000e+00 8.980523898798e+00
   endloop
 endfacet
 facet normal -6.241169954718e-02 1.478205991323e-16 9.980504895844e-01
   outer loop
     vertex 9.500000000000e+00 6.400000000000e+00 9.000000000000e+00
     vertex 9.188549863556e+00 3.400000000000e+00 8.980523898798e+00
     vertex 9.500000000000e+00 3.400000000000e+00 9.000000000000e+00
   endloop
 endfacet
 facet normal -6.241169954717e-02 -4.799243128428e-16 9.980504895844e-01
   outer loop
     vertex 9.500000000000e+00 6.400000000000e+00 9.000000000000e+00
     vertex 9.188549863556e+00 6.400000000000e+00 8.980523898798e+00
     vertex 9.188549863556e+00 3.400000000000e+00 8.980523898798e+00
   endloop
 endfacet
 facet normal 6.241169954718e-02 -1.478205991323e-16 9.980504895844e-01
   outer loop
     vertex 9.811450136444e+00 6.400000000000e+00 8.980523898798e+00
     vertex 9.500000000000e+00 3.400000000000e+00 9.000000000000e+00
     vertex 9.811450136444e+00 3.400000000000e+00 8.980523898798e+00
   endloop
 endfacet
 facet normal 1.862626693803e-01 -4.411586222382e-16 9.824999837126e-01
   outer loop
     vertex 9.811450136444e+00 6.400000000000e+00 8.980523898798e+00
     vertex 9.811450136444e+00 3.400000000000e+00 8.980523898798e+00
     vertex 1.011804760539e+01 3.400000000000e+00 8.922399050007e+00
   endloop
 endfacet
 facet normal 6.241169954718e-02 -1.482391699901e-16 9.980504895844e-01
   outer loop
     vertex 9.811450136444e+00 6.400000000000e+00 8.980523898798e+00
     vertex 9.500000000000e+00 6.400000000000e+00 9.000000000000e+00
     vertex 9.500000000000e+00 3.400000000000e+00 9.000000000000e+00
   endloop
 endfacet
 facet normal 3.072115027342e-01 -5.457172540244e-16 9.516412625500e-01
   outer loop
     vertex 1.011804760539e+01 6.400000000000e+00 8.922399050007e+00
     vertex 1.011804760539e+01 3.400000000000e+00 8.922399050007e+00
     vertex 1.041501534816e+01 3.400000000000e+00 8.826531089977e+00
   endloop
 endfacet
 facet normal 1.862626693803e-01 -3.308689666786e-16 9.824999837126e-01
   outer loop
     vertex 1.011804760539e+01 6.400000000000e+00 8.922399050007e+00
     vertex 9.811450136444e+00 6.400000000000e+00 8.980523898798e+00
     vertex 1.011804760539e+01 3.400000000000e+00 8.922399050007e+00
   endloop
 endfacet
 facet normal 3.072115027342e-01 -1.641381835704e-16 9.516412625500e-01
   outer loop
     vertex 1.041501534816e+01 6.400000000000e+00 8.826531089977e+00
     vertex 1.011804760539e+01 6.400000000000e+00 8.922399050007e+00
     vertex 1.041501534816e+01 3.400000000000e+00 8.826531089977e+00
   endloop
 endfacet
 facet normal 4.233737102341e-01 -2.156295873973e-16 9.059551321576e-01
   outer loop
     vertex 1.069772634572e+01 6.400000000000e+00 8.694413725980e+00
     vertex 1.041501534816e+01 3.400000000000e+00 8.826531089977e+00
     vertex 1.069772634572e+01 3.400000000000e+00 8.694413725980e+00
   endloop
 endfacet
 facet normal 5.329393823525e-01 -4.456670436325e-16 8.461534226946e-01
   outer loop
     vertex 1.069772634572e+01 6.400000000000e+00 8.694413725980e+00
     vertex 1.069772634572e+01 3.400000000000e+00 8.694413725980e+00
     vertex 1.096177571166e+01 3.400000000000e+00 8.528105462939e+00
   endloop
 endfacet
 facet normal 4.233737102341e-01 -4.669533854687e-16 9.059551321576e-01
   outer loop
     vertex 1.069772634572e+01 6.400000000000e+00 8.694413725980e+00
     vertex 1.041501534816e+01 6.400000000000e+00 8.826531089977e+00
     vertex 1.041501534816e+01 3.400000000000e+00 8.826531089977e+00
   endloop
 endfacet
 facet normal 6.342013893949e-01 -2.109532538163e-16 7.731678974774e-01
   outer loop
     vertex 1.096177571166e+01 6.400000000000e+00 8.528105462939e+00
     vertex 1.096177571166e+01 3.400000000000e+00 8.528105462939e+00
     vertex 1.120304932424e+01 3.400000000000e+00 8.330197530102e+00
   endloop
 endfacet
 facet normal 5.329393823525e-01 5.535642956259e-17 8.461534226945e-01
   outer loop
     vertex 1.096177571166e+01 6.400000000000e+00 8.528105462939e+00
     vertex 1.069772634572e+01 6.400000000000e+00 8.694413725980e+00
     vertex 1.096177571166e+01 3.400000000000e+00 8.528105462939e+00
   endloop
 endfacet
 facet normal 6.342013893949e-01 -2.109532538163e-16 7.731678974774e-01
   outer loop
     vertex 1.120304932424e+01 6.400000000000e+00 8.330197530102e+00
     vertex 1.096177571166e+01 6.400000000000e+00 8.528105462939e+00
     vertex 1.120304932424e+01 3.400000000000e+00 8.330197530102e+00
   endloop
 endfacet
 facet normal 7.255819800835e-01 -4.434526203675e-17 6.881357352864e-01
   outer loop
     vertex 1.141778792804e+01 6.400000000000e+00 8.103773507413e+00
     vertex 1.120304932424e+01 3.400000000000e+00 8.330197530102e+00
     vertex 1.141778792804e+01 3.400000000000e+00 8.103773507413e+00
   endloop
 endfacet
 facet normal 7.255819800835e-01 -4.743653439682e-16 6.881357352864e-01
   outer loop
     vertex 1.141778792804e+01 6.400000000000e+00 8.103773507413e+00
     vertex 1.120304932424e+01 6.400000000000e+00 8.330197530102e+00
     vertex 1.120304932424e+01 3.400000000000e+00 8.330197530102e+00
   endloop
 endfacet
 facet normal 8.056573643126e-01 9.819150395326e-17 5.923818121186e-01
   outer loop
     vertex 1.160264570641e+01 6.400000000000e+00 7.852361280616e+00
     vertex 1.141778792804e+01 3.400000000000e+00 8.103773507413e+00
     vertex 1.160264570641e+01 3.400000000000e+00 7.852361280616e+00
   endloop
 endfacet
 facet normal 8.731798970526e-01 -1.682598467952e-16 4.873980584524e-01
   outer loop
     vertex 1.160264570641e+01 6.400000000000e+00 7.852361280616e+00
     vertex 1.160264570641e+01 3.400000000000e+00 7.852361280616e+00
     vertex 1.175474241233e+01 3.400000000000e+00 7.579878073689e+00
   endloop
 endfacet
 facet normal 8.056573643126e-01 -2.520065889831e-16 5.923818121186e-01
   outer loop
     vertex 1.160264570641e+01 6.400000000000e+00 7.852361280616e+00
     vertex 1.141778792804e+01 6.400000000000e+00 8.103773507413e+00
     vertex 1.141778792804e+01 3.400000000000e+00 8.103773507413e+00
   endloop
 endfacet
 facet normal 9.270975177587e-01 -4.320895609001e-16 3.748202136566e-01
   outer loop
     vertex 1.175474241233e+01 6.400000000000e+00 7.579878073689e+00
     vertex 1.175474241233e+01 3.400000000000e+00 7.579878073689e+00
     vertex 1.187170824513e+01 3.400000000000e+00 7.290569415042e+00
   endloop
 endfacet
 facet normal 8.731798970526e-01 -1.682598467952e-16 4.873980584524e-01
   outer loop
     vertex 1.175474241233e+01 6.400000000000e+00 7.579878073689e+00
     vertex 1.160264570641e+01 6.400000000000e+00 7.852361280616e+00
     vertex 1.175474241233e+01 3.400000000000e+00 7.579878073689e+00
   endloop
 endfacet
 facet normal 9.270975177587e-01 2.278315195996e-16 3.748202136566e-01
   outer loop
     vertex 1.187170824513e+01 6.400000000000e+00 7.290569415042e+00
     vertex 1.175474241233e+01 6.400000000000e+00 7.579878073689e+00
     vertex 1.187170824513e+01 3.400000000000e+00 7.290569415042e+00
   endloop
 endfacet
 facet normal 9.665701424010e-01 -4.076577174727e-17 2.564023397299e-01
   outer loop
     vertex 1.195172077408e+01 6.400000000000e+00 6.988942988448e+00
     vertex 1.187170824513e+01 6.400000000000e+00 7.290569415042e+00
     vertex 1.187170824513e+01 3.400000000000e+00 7.290569415042e+00
   endloop
 endfacet
 facet normal 9.665701424010e-01 5.313723914537e-16 2.564023397299e-01
   outer loop
     vertex 1.195172077408e+01 6.400000000000e+00 6.988942988448e+00
     vertex 1.187170824513e+01 3.400000000000e+00 7.290569415042e+00
     vertex 1.195172077408e+01 3.400000000000e+00 6.988942988448e+00
   endloop
 endfacet
 facet normal 9.909827527135e-01 2.776820078431e-16 1.339894914696e-01
   outer loop
     vertex 1.195172077408e+01 6.400000000000e+00 6.988942988448e+00
     vertex 1.195172077408e+01 3.400000000000e+00 6.988942988448e+00
     vertex 1.199353333350e+01 3.400000000000e+00 6.679698399354e+00
   endloop
 endfacet
 facet normal 9.909827527135e-01 -3.090976556603e-16 1.339894914696e-01
   outer loop
     vertex 1.199353333350e+01 6.400000000000e+00 6.679698399354e+00
     vertex 1.195172077408e+01 6.400000000000e+00 6.988942988448e+00
     vertex 1.199353333350e+01 3.400000000000e+00 6.679698399354e+00
   endloop
 endfacet
 facet normal 9.999549787212e-01 -5.723421703835e-16 9.488968892649e-03
   outer loop
     vertex 1.199649444688e+01 6.400000000000e+00 6.367653950891e+00
     vertex 1.199353333350e+01 6.400000000000e+00 6.679698399354e+00
     vertex 1.199353333350e+01 3.400000000000e+00 6.679698399354e+00
   endloop
 endfacet
 facet normal 9.999549787212e-01 1.966509392321e-17 9.488968892655e-03
   outer loop
     vertex 1.199649444688e+01 6.400000000000e+00 6.367653950891e+00
     vertex 1.199353333350e+01 3.400000000000e+00 6.679698399354e+00
     vertex 1.199649444688e+01 3.400000000000e+00 6.367653950891e+00
   endloop
 endfacet
 facet normal 9.933470252386e-01 -2.390356616090e-16 -1.151594001791e-01
   outer loop
     vertex 1.196055797746e+01 6.400000000000e+00 6.057671570464e+00
     vertex 1.199649444688e+01 6.400000000000e+00 6.367653950891e+00
     vertex 1.199649444688e+01 3.400000000000e+00 6.367653950891e+00
   endloop
 endfacet
 facet normal 9.933470252386e-01 4.177094372857e-16 -1.151594001791e-01
   outer loop
     vertex 1.196055797746e+01 6.400000000000e+00 6.057671570464e+00
     vertex 1.199649444688e+01 3.400000000000e+00 6.367653950891e+00
     vertex 1.196055797746e+01 3.400000000000e+00 6.057671570464e+00
   endloop
 endfacet
 facet normal 9.712618500023e-01 2.223587549851e-16 -2.380134843450e-01
   outer loop
     vertex 1.188628384709e+01 6.400000000000e+00 5.754581056644e+00
     vertex 1.196055797746e+01 6.400000000000e+00 6.057671570464e+00
     vertex 1.196055797746e+01 3.400000000000e+00 6.057671570464e+00
   endloop
 endfacet
 facet normal 9.712618500023e-01 2.227718093786e-16 -2.380134843450e-01
   outer loop
     vertex 1.188628384709e+01 6.400000000000e+00 5.754581056644e+00
     vertex 1.196055797746e+01 3.400000000000e+00 6.057671570464e+00
     vertex 1.188628384709e+01 3.400000000000e+00 5.754581056644e+00
   endloop
 endfacet
 facet normal 9.340435594987e-01 2.436320042796e-17 -3.571591087442e-01
   outer loop
     vertex 1.188628384709e+01 6.400000000000e+00 5.754581056644e+00
     vertex 1.188628384709e+01 3.400000000000e+00 5.754581056644e+00
     vertex 1.177482931216e+01 3.400000000000e+00 5.463104826647e+00
   endloop
 endfacet
 facet normal 9.340435594987e-01 -4.229613503812e-16 -3.571591087442e-01
   outer loop
     vertex 1.177482931216e+01 6.400000000000e+00 5.463104826647e+00
     vertex 1.188628384709e+01 6.400000000000e+00 5.754581056644e+00
     vertex 1.177482931216e+01 3.400000000000e+00 5.463104826647e+00
   endloop
 endfacet
 facet normal 8.822720474818e-01 -5.558968874627e-16 -4.707398795857e-01
   outer loop
     vertex 1.162793093252e+01 6.400000000000e+00 5.187784336916e+00
     vertex 1.177482931216e+01 6.400000000000e+00 5.463104826647e+00
     vertex 1.177482931216e+01 3.400000000000e+00 5.463104826647e+00
   endloop
 endfacet
 facet normal 8.822720474818e-01 2.436759936918e-16 -4.707398795856e-01
   outer loop
     vertex 1.162793093252e+01 6.400000000000e+00 5.187784336916e+00
     vertex 1.177482931216e+01 3.400000000000e+00 5.463104826647e+00
     vertex 1.162793093252e+01 3.400000000000e+00 5.187784336916e+00
   endloop
 endfacet
 facet normal 8.167539597174e-01 -1.708222033157e-16 -5.769861083995e-01
   outer loop
     vertex 1.144787751431e+01 6.400000000000e+00 4.932909323227e+00
     vertex 1.162793093252e+01 3.400000000000e+00 5.187784336916e+00
     vertex 1.144787751431e+01 3.400000000000e+00 4.932909323227e+00
   endloop
 endfacet
 facet normal 8.167539597174e-01 1.408272114906e-16 -5.769861083995e-01
   outer loop
     vertex 1.144787751431e+01 6.400000000000e+00 4.932909323227e+00
     vertex 1.162793093252e+01 6.400000000000e+00 5.187784336916e+00
     vertex 1.162793093252e+01 3.400000000000e+00 5.187784336916e+00
   endloop
 endfacet
 facet normal 7.385101257318e-01 -1.996158454360e-16 -6.742423853420e-01
   outer loop
     vertex 1.144787751431e+01 6.400000000000e+00 4.932909323227e+00
     vertex 1.144787751431e+01 3.400000000000e+00 4.932909323227e+00
     vertex 1.123747444843e+01 3.400000000000e+00 4.702450962828e+00
   endloop
 endfacet
 facet normal 6.487596533884e-01 -2.252992968304e-16 -7.609933719392e-01
   outer loop
     vertex 1.123747444843e+01 6.400000000000e+00 4.702450962828e+00
     vertex 1.123747444843e+01 3.400000000000e+00 4.702450962828e+00
     vertex 1.100000000000e+01 3.400000000000e+00 4.500000000000e+00
   endloop
 endfacet
 facet normal 7.385101257318e-01 -1.996158454360e-16 -6.742423853420e-01
   outer loop
     vertex 1.123747444843e+01 6.400000000000e+00 4.702450962828e+00
     vertex 1.144787751431e+01 6.400000000000e+00 4.932909323227e+00
     vertex 1.123747444843e+01 3.400000000000e+00 4.702450962828e+00
   endloop
 endfacet
 facet normal 6.487596533884e-01 0.000000000000e+00 -7.609933719392e-01
   outer loop
     vertex 1.100000000000e+01 6.400000000000e+00 4.500000000000e+00
     vertex 1.123747444843e+01 6.400000000000e+00 4.702450962828e+00
     vertex 1.100000000000e+01 3.400000000000e+00 4.500000000000e+00
   endloop
 endfacet
 facet normal 1.000000000000e+00 -0.000000000000e+00 5.329070518201e-14
   outer loop
     vertex 1.100000000000e+01 3.400000000000e+00 4.500000000000e+00
     vertex 1.100000000000e+01 6.400000000000e+00 3.500000000000e+00
     vertex 1.100000000000e+01 6.400000000000e+00 4.500000000000e+00
   endloop
 endfacet
 facet normal 1.000000000000e+00 -0.000000000000e+00 5.329070518201e-14
   outer loop
     vertex 1.100000000000e+01 3.400000000000e+00 3.500000000000e+00
     vertex 1.100000000000e+01 6.400000000000e+00 3.500000000000e+00
     vertex 1.100000000000e+01 3.400000000000e+00 4.500000000000e+00
   endloop
 endfacet
 facet normal -1.000000000000e+00 0.000000000000e+00 8.171241461242e-14
   outer loop
     vertex 8.000000000000e+00 6.400000000000e+00 4.500000000000e+00
     vertex 8.000000000000e+00 3.400000000000e+00 4.000000000000e+00
     vertex 8.000000000000e+00 3.400000000000e+00 4.500000000000e+00
   endloop
 endfacet
 facet normal -1.000000000000e+00 0.000000000000e+00 8.171241461242e-14
   outer loop
     vertex 8.000000000000e+00 6.400000000000e+00 4.000000000000e+00
     vertex 8.000000000000e+00 3.400000000000e+00 4.000000000000e+00
     vertex 8.000000000000e+00 6.400000000000e+00 4.500000000000e+00
   endloop
 endfacet
 facet normal -9.563870813220e-02 -2.189569166069e-01 -9.710360993170e-01
   outer loop
     vertex 9.304909677984e+00 6.400000000000e+00 5.519214719597e+00
     vertex 9.359049577103e+00 6.417291659800e+00 5.509983344440e+00
     vertex 9.500000000000e+00 6.400000000000e+00 5.500000000000e+00
   endloop
 endfacet
 facet normal -1.874218890008e-01 6.350948277992e-02 -9.802242504246e-01
   outer loop
     vertex 9.220913467448e+00 6.468821382010e+00 5.539734043429e+00
     vertex 9.359049577103e+00 6.417291659800e+00 5.509983344440e+00
     vertex 9.304909677984e+00 6.400000000000e+00 5.519214719597e+00
   endloop
 endfacet
 facet normal -2.895965835715e-01 -6.881279697261e-02 -9.546719948530e-01
   outer loop
     vertex 9.117316567635e+00 6.400000000000e+00 5.576120467489e+00
     vertex 9.220913467448e+00 6.468821382010e+00 5.539734043429e+00
     vertex 9.304909677984e+00 6.400000000000e+00 5.519214719597e+00
   endloop
 endfacet
 facet normal -3.407251912079e-01 1.589323812689e-02 -9.400285894898e-01
   outer loop
     vertex 9.081414963426e+00 6.559041048709e+00 5.591822392284e+00
     vertex 9.220913467448e+00 6.468821382010e+00 5.539734043429e+00
     vertex 9.117316567635e+00 6.400000000000e+00 5.576120467489e+00
   endloop
 endfacet
 facet normal -4.713085914371e-01 -1.933753924742e-02 -8.817563559246e-01
   outer loop
     vertex 8.944429766980e+00 6.400000000000e+00 5.668530387697e+00
     vertex 9.081414963426e+00 6.559041048709e+00 5.591822392284e+00
     vertex 9.117316567635e+00 6.400000000000e+00 5.576120467489e+00
   endloop
 endfacet
 facet normal -4.885880066248e-01 2.997354292696e-06 -8.725146186589e-01
   outer loop
     vertex 8.944420499675e+00 6.691913919472e+00 5.668536579988e+00
     vertex 9.081414963426e+00 6.559041048709e+00 5.591822392284e+00
     vertex 8.944429766980e+00 6.400000000000e+00 5.668530387697e+00
   endloop
 endfacet
 facet normal -6.343845466942e-01 -5.248401482013e-03 -7.729998067254e-01
   outer loop
     vertex 8.814229762911e+00 6.871432885370e+00 5.772181903273e+00
     vertex 8.944429766980e+00 6.400000000000e+00 5.668530387697e+00
     vertex 8.792893218813e+00 6.400000000000e+00 5.792893218813e+00
   endloop
 endfacet
 facet normal -6.228372349283e-01 -3.177223235233e-06 -7.823514419855e-01
   outer loop
     vertex 8.814229762911e+00 6.871432885370e+00 5.772181903273e+00
     vertex 8.944420499675e+00 6.691913919472e+00 5.668536579988e+00
     vertex 8.944429766980e+00 6.400000000000e+00 5.668530387697e+00
   endloop
 endfacet
 facet normal -7.729999285822e-01 -5.218279770853e-03 -6.343846466995e-01
   outer loop
     vertex 8.697256195237e+00 7.099187238774e+00 5.903675940520e+00
     vertex 8.792893218813e+00 6.400000000000e+00 5.792893218813e+00
     vertex 8.668530387697e+00 6.400000000000e+00 5.944429766980e+00
   endloop
 endfacet
 facet normal -7.434661150875e-01 4.268048564338e-03 -6.687599864511e-01
   outer loop
     vertex 8.697256195237e+00 7.099187238774e+00 5.903675940520e+00
     vertex 8.814229762911e+00 6.871432885370e+00 5.772181903273e+00
     vertex 8.792893218813e+00 6.400000000000e+00 5.792893218813e+00
   endloop
 endfacet
 facet normal -8.819133165444e-01 -4.245439791898e-03 -4.713924886363e-01
   outer loop
     vertex 8.601228939459e+00 7.372688086467e+00 6.061581728559e+00
     vertex 8.668530387697e+00 6.400000000000e+00 5.944429766980e+00
     vertex 8.576120467489e+00 6.400000000000e+00 6.117316567635e+00
   endloop
 endfacet
 facet normal -8.510359243712e-01 4.358335514334e-03 -5.250893831922e-01
   outer loop
     vertex 8.601228939459e+00 7.372688086467e+00 6.061581728559e+00
     vertex 8.697256195237e+00 7.099187238774e+00 5.903675940520e+00
     vertex 8.668530387697e+00 6.400000000000e+00 5.944429766980e+00
   endloop
 endfacet
 facet normal -9.569350490563e-01 -3.324017573089e-03 -2.902830735589e-01
   outer loop
     vertex 8.533989490788e+00 7.684310829146e+00 6.241497202931e+00
     vertex 8.576120467489e+00 6.400000000000e+00 6.117316567635e+00
     vertex 8.519214719597e+00 6.400000000000e+00 6.304909677984e+00
   endloop
 endfacet
 facet normal -9.345722946960e-01 3.739956837227e-03 -3.557536207959e-01
   outer loop
     vertex 8.533989490788e+00 7.684310829146e+00 6.241497202931e+00
     vertex 8.601228939459e+00 7.372688086467e+00 6.061581728559e+00
     vertex 8.576120467489e+00 6.400000000000e+00 6.117316567635e+00
   endloop
 endfacet
 facet normal -9.951806993390e-01 -2.844929378348e-03 -9.801674367186e-02
   outer loop
     vertex 8.508533785444e+00 7.906253916132e+00 6.369636103947e+00
     vertex 8.519214719597e+00 6.400000000000e+00 6.304909677984e+00
     vertex 8.500000000000e+00 6.400000000000e+00 6.500000000000e+00
   endloop
 endfacet
 facet normal -9.803218581870e-01 1.531106448519e-03 -1.973998735407e-01
   outer loop
     vertex 8.508533785444e+00 7.906253916132e+00 6.369636103947e+00
     vertex 8.533989490788e+00 7.684310829146e+00 6.241497202931e+00
     vertex 8.519214719597e+00 6.400000000000e+00 6.304909677984e+00
   endloop
 endfacet
 facet normal -9.978642729740e-01 -0.000000000000e+00 -6.532145682729e-02
   outer loop
     vertex 8.500000000000e+00 8.132050807569e+00 6.500000000000e+00
     vertex 8.508533785444e+00 7.906253916132e+00 6.369636103947e+00
     vertex 8.500000000000e+00 6.400000000000e+00 6.500000000000e+00
   endloop
 endfacet
 facet normal -9.998115242865e-01 0.000000000000e+00 1.941432213610e-02
   outer loop
     vertex 8.500753831808e+00 8.199291316645e+00 6.538821326016e+00
     vertex 8.500000000000e+00 8.132050807569e+00 6.500000000000e+00
     vertex 8.500000000000e+00 6.400000000000e+00 6.500000000000e+00
   endloop
 endfacet
 facet normal -9.951816977509e-01 -2.467213956896e-03 9.801684200685e-02
   outer loop
     vertex 8.503014190707e+00 8.266430449653e+00 6.577584122531e+00
     vertex 8.500000000000e+00 6.400000000000e+00 6.500000000000e+00
     vertex 8.519214719597e+00 6.400000000000e+00 6.695090322016e+00
   endloop
 endfacet
 facet normal -9.982150432141e-01 -8.702082602632e-04 5.971574531561e-02
   outer loop
     vertex 8.503014190707e+00 8.266430449653e+00 6.577584122531e+00
     vertex 8.500753831808e+00 8.199291316645e+00 6.538821326016e+00
     vertex 8.500000000000e+00 6.400000000000e+00 6.500000000000e+00
   endloop
 endfacet
 facet normal -9.948992668070e-01 -2.286549975184e-03 1.008475116006e-01
   outer loop
     vertex 8.506777668837e+00 8.333366983363e+00 6.616229948287e+00
     vertex 8.503014190707e+00 8.266430449653e+00 6.577584122531e+00
     vertex 8.519214719597e+00 6.400000000000e+00 6.695090322016e+00
   endloop
 endfacet
 facet normal -9.905934817883e-01 -7.909363272644e-04 1.368354057192e-01
   outer loop
     vertex 8.512038592138e+00 8.400000000000e+00 6.654700538379e+00
     vertex 8.506777668837e+00 8.333366983363e+00 6.616229948287e+00
     vertex 8.519214719597e+00 6.400000000000e+00 6.695090322016e+00
   endloop
 endfacet
 facet normal -9.569386462515e-01 -1.879096106273e-03 2.902841647561e-01
   outer loop
     vertex 8.557414947098e+00 8.400000000000e+00 6.833966192969e+00
     vertex 8.519214719597e+00 6.400000000000e+00 6.695090322016e+00
     vertex 8.576120467489e+00 6.400000000000e+00 6.882683432365e+00
   endloop
 endfacet
 facet normal -9.694247791517e-01 1.477149895276e-03 2.453842203461e-01
   outer loop
     vertex 8.557414947098e+00 8.400000000000e+00 6.833966192969e+00
     vertex 8.512038592138e+00 8.400000000000e+00 6.654700538379e+00
     vertex 8.519214719597e+00 6.400000000000e+00 6.695090322016e+00
   endloop
 endfacet
 facet normal -8.819193112102e-01 -2.104584312766e-03 4.713956928519e-01
   outer loop
     vertex 8.635023175625e+00 8.400000000000e+00 7.001811810637e+00
     vertex 8.576120467489e+00 6.400000000000e+00 6.882683432365e+00
     vertex 8.668530387697e+00 6.400000000000e+00 7.055570233020e+00
   endloop
 endfacet
 facet normal -9.076676409183e-01 1.733777048758e-03 4.196861299196e-01
   outer loop
     vertex 8.635023175625e+00 8.400000000000e+00 7.001811810637e+00
     vertex 8.557414947098e+00 8.400000000000e+00 6.833966192969e+00
     vertex 8.576120467489e+00 6.400000000000e+00 6.882683432365e+00
   endloop
 endfacet
 facet normal -7.730084656391e-01 -2.267775382957e-03 6.343916528810e-01
   outer loop
     vertex 8.742209449714e+00 8.400000000000e+00 7.152497878845e+00
     vertex 8.668530387697e+00 6.400000000000e+00 7.055570233020e+00
     vertex 8.792893218813e+00 6.400000000000e+00 7.207106781187e+00
   endloop
 endfacet
 facet normal -8.148727460543e-01 1.928119994464e-03 5.796366880135e-01
   outer loop
     vertex 8.742209449714e+00 8.400000000000e+00 7.152497878845e+00
     vertex 8.635023175625e+00 8.400000000000e+00 7.001811810637e+00
     vertex 8.668530387697e+00 6.400000000000e+00 7.055570233020e+00
   endloop
 endfacet
 facet normal -6.343915045298e-01 -2.368649155952e-03 7.730082848726e-01
   outer loop
     vertex 8.875308514517e+00 8.400000000000e+00 7.280871659087e+00
     vertex 8.792893218813e+00 6.400000000000e+00 7.207106781187e+00
     vertex 8.944429766980e+00 6.400000000000e+00 7.331469612303e+00
   endloop
 endfacet
 facet normal -6.942132642256e-01 2.060154677708e-03 7.197664201225e-01
   outer loop
     vertex 8.875308514517e+00 8.400000000000e+00 7.280871659087e+00
     vertex 8.742209449714e+00 8.400000000000e+00 7.152497878845e+00
     vertex 8.792893218813e+00 6.400000000000e+00 7.207106781187e+00
   endloop
 endfacet
 facet normal -4.713953710512e-01 -2.407193182119e-03 8.819187091634e-01
   outer loop
     vertex 9.029769022424e+00 8.400000000000e+00 7.382543385748e+00
     vertex 8.944429766980e+00 6.400000000000e+00 7.331469612303e+00
     vertex 9.117316567635e+00 6.400000000000e+00 7.423879532511e+00
   endloop
 endfacet
 facet normal -5.498151632197e-01 2.129864776153e-03 8.352836344439e-01
   outer loop
     vertex 9.029769022424e+00 8.400000000000e+00 7.382543385748e+00
     vertex 8.875308514517e+00 8.400000000000e+00 7.280871659087e+00
     vertex 8.944429766980e+00 6.400000000000e+00 7.331469612303e+00
   endloop
 endfacet
 facet normal -2.902838527565e-01 -2.383402706955e-03 9.569376177267e-01
   outer loop
     vertex 9.200309167250e+00 8.400000000000e+00 7.454036374970e+00
     vertex 9.117316567635e+00 6.400000000000e+00 7.423879532511e+00
     vertex 9.304909677984e+00 6.400000000000e+00 7.480785280403e+00
   endloop
 endfacet
 facet normal -3.866161243652e-01 2.137241678715e-03 9.222382580325e-01
   outer loop
     vertex 9.200309167250e+00 8.400000000000e+00 7.454036374970e+00
     vertex 9.029769022424e+00 8.400000000000e+00 7.382543385748e+00
     vertex 9.117316567635e+00 6.400000000000e+00 7.423879532511e+00
   endloop
 endfacet
 facet normal -9.801688168657e-02 -2.297280664911e-03 9.951821006258e-01
   outer loop
     vertex 9.381097296595e+00 8.400000000000e+00 7.492905910509e+00
     vertex 9.304909677984e+00 6.400000000000e+00 7.480785280403e+00
     vertex 9.500000000000e+00 6.400000000000e+00 7.500000000000e+00
   endloop
 endfacet
 facet normal -2.101967072842e-01 2.082284474413e-03 9.776568970443e-01
   outer loop
     vertex 9.381097296595e+00 8.400000000000e+00 7.492905910509e+00
     vertex 9.200309167250e+00 8.400000000000e+00 7.454036374970e+00
     vertex 9.304909677984e+00 6.400000000000e+00 7.480785280403e+00
   endloop
 endfacet
 facet normal -2.658953565821e-02 1.964999951190e-03 9.996445044958e-01
   outer loop
     vertex 9.565951326297e+00 8.400000000000e+00 7.497822841270e+00
     vertex 9.381097296595e+00 8.400000000000e+00 7.492905910509e+00
     vertex 9.500000000000e+00 6.400000000000e+00 7.500000000000e+00
   endloop
 endfacet
 facet normal 9.801691403206e-02 -2.148837683203e-03 9.951824290351e-01
   outer loop
     vertex 9.565951326297e+00 8.400000000000e+00 7.497822841270e+00
     vertex 9.500000000000e+00 6.400000000000e+00 7.500000000000e+00
     vertex 9.695090322016e+00 6.400000000000e+00 7.480785280403e+00
   endloop
 endfacet
 facet normal 1.579269732276e-01 1.785402604703e-03 9.874491801935e-01
   outer loop
     vertex 9.748550137964e+00 8.400000000000e+00 7.468619031879e+00
     vertex 9.565951326297e+00 8.400000000000e+00 7.497822841270e+00
     vertex 9.695090322016e+00 6.400000000000e+00 7.480785280403e+00
   endloop
 endfacet
 facet normal 2.902841320702e-01 -1.938092095592e-03 9.569385385004e-01
   outer loop
     vertex 9.748550137964e+00 8.400000000000e+00 7.468619031879e+00
     vertex 9.695090322016e+00 6.400000000000e+00 7.480785280403e+00
     vertex 9.882683432365e+00 6.400000000000e+00 7.423879532511e+00
   endloop
 endfacet
 facet normal 3.370432841468e-01 1.543514657066e-03 9.414878874282e-01
   outer loop
     vertex 9.922649730810e+00 8.400000000000e+00 7.406293112103e+00
     vertex 9.748550137964e+00 8.400000000000e+00 7.468619031879e+00
     vertex 9.882683432365e+00 6.400000000000e+00 7.423879532511e+00
   endloop
 endfacet
 facet normal 4.659088760626e-01 -1.529818236187e-03 8.848313844243e-01
   outer loop
     vertex 1.001211083867e+01 8.245048815879e+00 7.358919372766e+00
     vertex 9.922649730810e+00 8.400000000000e+00 7.406293112103e+00
     vertex 9.882683432365e+00 6.400000000000e+00 7.423879532511e+00
   endloop
 endfacet
 facet normal 4.713957777093e-01 -2.017238335514e-03 8.819194699673e-01
   outer loop
     vertex 1.001211083867e+01 8.245048815879e+00 7.358919372766e+00
     vertex 9.882683432365e+00 6.400000000000e+00 7.423879532511e+00
     vertex 1.005557023302e+01 6.400000000000e+00 7.331469612303e+00
   endloop
 endfacet
 facet normal 6.343918216560e-01 -2.147259469945e-03 7.730086712921e-01
   outer loop
     vertex 1.009632405948e+01 8.099187238774e+00 7.302743804763e+00
     vertex 1.005557023302e+01 6.400000000000e+00 7.331469612303e+00
     vertex 1.020710678119e+01 6.400000000000e+00 7.207106781187e+00
   endloop
 endfacet
 facet normal 5.557956291159e-01 7.235817524396e-04 8.313186483443e-01
   outer loop
     vertex 1.009632405948e+01 8.099187238774e+00 7.302743804763e+00
     vertex 1.001211083867e+01 8.245048815879e+00 7.358919372766e+00
     vertex 1.005557023302e+01 6.400000000000e+00 7.331469612303e+00
   endloop
 endfacet
 facet normal 6.660410499096e-01 1.441203437872e-03 7.459136965949e-01
   outer loop
     vertex 1.022781809673e+01 7.871432885370e+00 7.185770237089e+00
     vertex 1.009632405948e+01 8.099187238774e+00 7.302743804763e+00
     vertex 1.020710678119e+01 6.400000000000e+00 7.207106781187e+00
   endloop
 endfacet
 facet normal 7.730104533625e-01 -8.455758693482e-07 6.343932841634e-01
   outer loop
     vertex 1.033146342001e+01 7.691913919472e+00 7.055579500325e+00
     vertex 1.020710678119e+01 6.400000000000e+00 7.207106781187e+00
     vertex 1.033146961230e+01 6.400000000000e+00 7.055570233020e+00
   endloop
 endfacet
 facet normal 7.810478392045e-01 -1.938610521297e-03 6.244681854693e-01
   outer loop
     vertex 1.033146342001e+01 7.691913919472e+00 7.055579500325e+00
     vertex 1.022781809673e+01 7.871432885370e+00 7.185770237089e+00
     vertex 1.020710678119e+01 6.400000000000e+00 7.207106781187e+00
   endloop
 endfacet
 facet normal 8.819181584789e-01 -2.653941267292e-03 4.713950767042e-01
   outer loop
     vertex 1.040817760772e+01 7.559041048709e+00 6.918585036574e+00
     vertex 1.033146961230e+01 6.400000000000e+00 7.055570233020e+00
     vertex 1.042387953251e+01 6.400000000000e+00 6.882683432365e+00
   endloop
 endfacet
 facet normal 8.725136593578e-01 6.772491665207e-07 4.885897197380e-01
   outer loop
     vertex 1.040817760772e+01 7.559041048709e+00 6.918585036574e+00
     vertex 1.033146342001e+01 7.691913919472e+00 7.055579500325e+00
     vertex 1.033146961230e+01 6.400000000000e+00 7.055570233020e+00
   endloop
 endfacet
 facet normal 9.569308976288e-01 -4.441338365063e-03 2.902818142371e-01
   outer loop
     vertex 1.046026595657e+01 7.468821382010e+00 6.779086532552e+00
     vertex 1.042387953251e+01 6.400000000000e+00 6.882683432365e+00
     vertex 1.048078528040e+01 6.400000000000e+00 6.695090322016e+00
   endloop
 endfacet
 facet normal 9.372212101568e-01 1.894842495297e-03 3.487302866171e-01
   outer loop
     vertex 1.046026595657e+01 7.468821382010e+00 6.779086532552e+00
     vertex 1.040817760772e+01 7.559041048709e+00 6.918585036574e+00
     vertex 1.042387953251e+01 6.400000000000e+00 6.882683432365e+00
   endloop
 endfacet
 facet normal 9.951774872258e-01 -3.814301638943e-03 9.801642730633e-02
   outer loop
     vertex 1.049001665556e+01 7.417291659800e+00 6.640950422897e+00
     vertex 1.048078528040e+01 6.400000000000e+00 6.695090322016e+00
     vertex 1.050000000000e+01 6.400000000000e+00 6.500000000000e+00
   endloop
 endfacet
 facet normal 9.777570986557e-01 2.289026828347e-03 2.097279580424e-01
   outer loop
     vertex 1.049001665556e+01 7.417291659800e+00 6.640950422897e+00
     vertex 1.046026595657e+01 7.468821382010e+00 6.779086532552e+00
     vertex 1.048078528040e+01 6.400000000000e+00 6.695090322016e+00
   endloop
 endfacet
 facet normal 9.975010414931e-01 1.255027500292e-16 7.065176728319e-02
   outer loop
     vertex 1.050000000000e+01 7.400000000000e+00 6.500000000000e+00
     vertex 1.049001665556e+01 7.417291659800e+00 6.640950422897e+00
     vertex 1.050000000000e+01 6.400000000000e+00 6.500000000000e+00
   endloop
 endfacet
 facet normal 9.951747263009e-01 -4.483014240751e-03 -9.801615537896e-02
   outer loop
     vertex 1.049261324459e+01 7.412794235674e+00 6.378678333899e+00
     vertex 1.050000000000e+01 6.400000000000e+00 6.500000000000e+00
     vertex 1.048078528040e+01 6.400000000000e+00 6.304909677984e+00
   endloop
 endfacet
 facet normal 9.981516028614e-01 -1.079328851138e-16 -6.077316599679e-02
   outer loop
     vertex 1.049261324459e+01 7.412794235674e+00 6.378678333899e+00
     vertex 1.050000000000e+01 7.400000000000e+00 6.500000000000e+00
     vertex 1.050000000000e+01 6.400000000000e+00 6.500000000000e+00
   endloop
 endfacet
 facet normal 9.835002143448e-01 1.690250054376e-03 -1.808990642278e-01
   outer loop
     vertex 1.047056210667e+01 7.450987926917e+00 6.259149014744e+00
     vertex 1.049261324459e+01 7.412794235674e+00 6.378678333899e+00
     vertex 1.048078528040e+01 6.400000000000e+00 6.304909677984e+00
   endloop
 endfacet
 facet normal 9.569350274538e-01 -3.330801948828e-03 -2.902830670058e-01
   outer loop
     vertex 1.042387953251e+01 6.400000000000e+00 6.117316567635e+00
     vertex 1.047056210667e+01 7.450987926917e+00 6.259149014744e+00
     vertex 1.048078528040e+01 6.400000000000e+00 6.304909677984e+00
   endloop
 endfacet
 facet normal 9.538428828658e-01 -1.841593655041e-03 -3.003004551096e-01
   outer loop
     vertex 1.043417235896e+01 7.514016818819e+00 6.143177910227e+00
     vertex 1.047056210667e+01 7.450987926917e+00 6.259149014744e+00
     vertex 1.042387953251e+01 6.400000000000e+00 6.117316567635e+00
   endloop
 endfacet
 facet normal 8.819132329600e-01 -4.267705224751e-03 -4.713924439595e-01
   outer loop
     vertex 1.035750107748e+01 7.240941551447e+00 5.985517831100e+00
     vertex 1.042387953251e+01 6.400000000000e+00 6.117316567635e+00
     vertex 1.033146961230e+01 6.400000000000e+00 5.944429766980e+00
   endloop
 endfacet
 facet normal 8.979861740435e-01 1.917995244230e-03 -4.400194910693e-01
   outer loop
     vertex 1.035750107748e+01 7.240941551447e+00 5.985517831100e+00
     vertex 1.043417235896e+01 7.514016818819e+00 6.143177910227e+00
     vertex 1.042387953251e+01 6.400000000000e+00 6.117316567635e+00
   endloop
 endfacet
 facet normal 7.729893084660e-01 -7.396429611570e-03 -6.343759309954e-01
   outer loop
     vertex 1.025447434093e+01 6.995254692767e+00 5.843670457105e+00
     vertex 1.033146961230e+01 6.400000000000e+00 5.944429766980e+00
     vertex 1.020710678119e+01 6.400000000000e+00 5.792893218813e+00
   endloop
 endfacet
 facet normal 8.057970663892e-01 3.990030777247e-03 -5.921783240316e-01
   outer loop
     vertex 1.025447434093e+01 6.995254692767e+00 5.843670457105e+00
     vertex 1.035750107748e+01 7.240941551447e+00 5.985517831100e+00
     vertex 1.033146961230e+01 6.400000000000e+00 5.944429766980e+00
   endloop
 endfacet
 facet normal 6.928939754205e-01 6.367474895298e-03 -7.210113689044e-01
   outer loop
     vertex 1.013775684641e+01 6.797959875676e+00 5.729762241348e+00
     vertex 1.025447434093e+01 6.995254692767e+00 5.843670457105e+00
     vertex 1.020710678119e+01 6.400000000000e+00 5.792893218813e+00
   endloop
 endfacet
 facet normal 6.343470323304e-01 -1.207514262781e-02 -7.729540953408e-01
   outer loop
     vertex 1.005557023302e+01 6.400000000000e+00 5.668530387697e+00
     vertex 1.013775684641e+01 6.797959875676e+00 5.729762241348e+00
     vertex 1.020710678119e+01 6.400000000000e+00 5.792893218813e+00
   endloop
 endfacet
 facet normal 5.685463454689e-01 9.152790716788e-03 -8.226003157525e-01
   outer loop
     vertex 1.001088725799e+01 6.643097272739e+00 5.640352275855e+00
     vertex 1.013775684641e+01 6.797959875676e+00 5.729762241348e+00
     vertex 1.005557023302e+01 6.400000000000e+00 5.668530387697e+00
   endloop
 endfacet
 facet normal 4.713395343070e-01 -1.557815832523e-02 -8.818142459625e-01
   outer loop
     vertex 9.882683432365e+00 6.400000000000e+00 5.576120467489e+00
     vertex 1.001088725799e+01 6.643097272739e+00 5.640352275855e+00
     vertex 1.005557023302e+01 6.400000000000e+00 5.668530387697e+00
   endloop
 endfacet
 facet normal 4.450093422984e-01 1.930157318619e-03 -8.955238465613e-01
   outer loop
     vertex 9.879391962271e+00 6.529494968638e+00 5.574763955002e+00
     vertex 1.001088725799e+01 6.643097272739e+00 5.640352275855e+00
     vertex 9.882683432365e+00 6.400000000000e+00 5.576120467489e+00
   endloop
 endfacet
 facet normal 3.151125743718e-01 -1.932258288858e-03 -9.490523335679e-01
   outer loop
     vertex 9.747316943432e+00 6.453806788222e+00 5.531065363664e+00
     vertex 9.879391962271e+00 6.529494968638e+00 5.574763955002e+00
     vertex 9.882683432365e+00 6.400000000000e+00 5.576120467489e+00
   endloop
 endfacet
 facet normal 2.895557896647e-01 -7.082073448461e-02 -9.545375153648e-01
   outer loop
     vertex 9.695090322016e+00 6.400000000000e+00 5.519214719597e+00
     vertex 9.747316943432e+00 6.453806788222e+00 5.531065363664e+00
     vertex 9.882683432365e+00 6.400000000000e+00 5.576120467489e+00
   endloop
 endfacet
 facet normal 1.694917368402e-01 5.223848768096e-02 -9.841461738724e-01
   outer loop
     vertex 9.624630180262e+00 6.413504341946e+00 5.507796735458e+00
     vertex 9.747316943432e+00 6.453806788222e+00 5.531065363664e+00
     vertex 9.695090322016e+00 6.400000000000e+00 5.519214719597e+00
   endloop
 endfacet
 facet normal 9.307933282147e-02 -3.133945112685e-01 -9.450503257014e-01
   outer loop
     vertex 9.500000000000e+00 6.400000000000e+00 5.500000000000e+00
     vertex 9.624630180262e+00 6.413504341946e+00 5.507796735458e+00
     vertex 9.695090322016e+00 6.400000000000e+00 5.519214719597e+00
   endloop
 endfacet
 facet normal 5.998502855468e-16 -5.000000000000e-01 -8.660254037844e-01
   outer loop
     vertex 9.922649730810e+00 -8.400000000000e+00 6.654700538379e+00
     vertex 8.533989490788e+00 -7.684310829146e+00 6.241497202931e+00
     vertex 8.601228939459e+00 -7.372688086467e+00 6.061581728559e+00
   endloop
 endfacet
 facet normal 1.472758575048e-16 -5.000000000000e-01 -8.660254037844e-01
   outer loop
     vertex 9.922649730810e+00 -8.400000000000e+00 6.654700538379e+00
     vertex 8.508533785444e+00 -7.906253916132e+00 6.369636103947e+00
     vertex 8.533989490788e+00 -7.684310829146e+00 6.241497202931e+00
   endloop
 endfacet
 facet normal -8.172917395351e-16 -5.000000000000e-01 -8.660254037844e-01
   outer loop
     vertex 9.922649730810e+00 -8.400000000000e+00 6.654700538379e+00
     vertex 8.500000000000e+00 -8.132050807569e+00 6.500000000000e+00
     vertex 8.508533785444e+00 -7.906253916132e+00 6.369636103947e+00
   endloop
 endfacet
 facet normal 2.423654034101e-15 -5.000000000000e-01 -8.660254037844e-01
   outer loop
     vertex 9.922649730810e+00 -8.400000000000e+00 6.654700538379e+00
     vertex 8.500753831808e+00 -8.199291316645e+00 6.538821326016e+00
     vertex 8.500000000000e+00 -8.132050807569e+00 6.500000000000e+00
   endloop
 endfacet
 facet normal 6.008551015998e-16 -5.000000000000e-01 -8.660254037844e-01
   outer loop
     vertex 9.922649730810e+00 -8.400000000000e+00 6.654700538379e+00
     vertex 8.503014190707e+00 -8.266430449653e+00 6.577584122531e+00
     vertex 8.500753831808e+00 -8.199291316645e+00 6.538821326016e+00
   endloop
 endfacet
 facet normal -4.768102491598e-16 -5.000000000000e-01 -8.660254037844e-01
   outer loop
     vertex 9.922649730810e+00 -8.400000000000e+00 6.654700538379e+00
     vertex 8.506777668837e+00 -8.333366983363e+00 6.616229948287e+00
     vertex 8.503014190707e+00 -8.266430449653e+00 6.577584122531e+00
   endloop
 endfacet
 facet normal -0.000000000000e+00 -5.000000000000e-01 -8.660254037844e-01
   outer loop
     vertex 9.922649730810e+00 -8.400000000000e+00 6.654700538379e+00
     vertex 8.512038592138e+00 -8.400000000000e+00 6.654700538379e+00
     vertex 8.506777668837e+00 -8.333366983363e+00 6.616229948287e+00
   endloop
 endfacet
 facet normal 2.196457158149e-16 -5.000000000000e-01 -8.660254037844e-01
   outer loop
     vertex 1.043417235896e+01 -7.514016818819e+00 6.143177910227e+00
     vertex 9.922649730810e+00 -8.400000000000e+00 6.654700538379e+00
     vertex 8.601228939459e+00 -7.372688086467e+00 6.061581728559e+00
   endloop
 endfacet
 facet normal -2.248537993926e-16 -5.000000000000e-01 -8.660254037844e-01
   outer loop
     vertex 1.035750107748e+01 -7.240941551447e+00 5.985517831100e+00
     vertex 8.601228939459e+00 -7.372688086467e+00 6.061581728559e+00
     vertex 8.697256195237e+00 -7.099187238774e+00 5.903675940520e+00
   endloop
 endfacet
 facet normal 0.000000000000e+00 -5.000000000000e-01 -8.660254037844e-01
   outer loop
     vertex 1.035750107748e+01 -7.240941551447e+00 5.985517831100e+00
     vertex 1.043417235896e+01 -7.514016818819e+00 6.143177910227e+00
     vertex 8.601228939459e+00 -7.372688086467e+00 6.061581728559e+00
   endloop
 endfacet
 facet normal -2.149260080809e-16 -5.000000000000e-01 -8.660254037844e-01
   outer loop
     vertex 1.025447434093e+01 -6.995254692767e+00 5.843670457105e+00
     vertex 8.697256195237e+00 -7.099187238774e+00 5.903675940520e+00
     vertex 8.814229762911e+00 -6.871432885370e+00 5.772181903273e+00
   endloop
 endfacet
 facet normal -2.444676965752e-16 -5.000000000000e-01 -8.660254037844e-01
   outer loop
     vertex 1.025447434093e+01 -6.995254692767e+00 5.843670457105e+00
     vertex 1.035750107748e+01 -7.240941551447e+00 5.985517831100e+00
     vertex 8.697256195237e+00 -7.099187238774e+00 5.903675940520e+00
   endloop
 endfacet
 facet normal 1.952039331696e-15 -5.000000000000e-01 -8.660254037845e-01
   outer loop
     vertex 9.624630180262e+00 -6.413504341946e+00 5.507796735458e+00
     vertex 9.359049577103e+00 -6.417291659800e+00 5.509983344440e+00
     vertex 9.500000000000e+00 -6.400000000000e+00 5.500000000000e+00
   endloop
 endfacet
 facet normal 7.905784803763e-17 -5.000000000000e-01 -8.660254037844e-01
   outer loop
     vertex 1.013775684641e+01 -6.797959875676e+00 5.729762241348e+00
     vertex 8.814229762911e+00 -6.871432885370e+00 5.772181903273e+00
     vertex 8.944420499675e+00 -6.691913919472e+00 5.668536579988e+00
   endloop
 endfacet
 facet normal 5.013274131772e-17 -5.000000000000e-01 -8.660254037844e-01
   outer loop
     vertex 1.013775684641e+01 -6.797959875676e+00 5.729762241348e+00
     vertex 1.025447434093e+01 -6.995254692767e+00 5.843670457105e+00
     vertex 8.814229762911e+00 -6.871432885370e+00 5.772181903273e+00
   endloop
 endfacet
 facet normal 3.017208693745e-16 -5.000000000000e-01 -8.660254037844e-01
   outer loop
     vertex 9.747316943432e+00 -6.453806788222e+00 5.531065363664e+00
     vertex 9.220913467448e+00 -6.468821382010e+00 5.539734043429e+00
     vertex 9.359049577103e+00 -6.417291659800e+00 5.509983344440e+00
   endloop
 endfacet
 facet normal 2.286791439589e-15 -5.000000000000e-01 -8.660254037844e-01
   outer loop
     vertex 9.747316943432e+00 -6.453806788222e+00 5.531065363664e+00
     vertex 9.359049577103e+00 -6.417291659800e+00 5.509983344440e+00
     vertex 9.624630180262e+00 -6.413504341946e+00 5.507796735458e+00
   endloop
 endfacet
 facet normal -2.213466211164e-16 -5.000000000000e-01 -8.660254037844e-01
   outer loop
     vertex 9.879391962271e+00 -6.529494968638e+00 5.574763955002e+00
     vertex 9.081414963426e+00 -6.559041048709e+00 5.591822392284e+00
     vertex 9.220913467448e+00 -6.468821382010e+00 5.539734043429e+00
   endloop
 endfacet
 facet normal 1.077556949757e-16 -5.000000000000e-01 -8.660254037844e-01
   outer loop
     vertex 9.879391962271e+00 -6.529494968638e+00 5.574763955002e+00
     vertex 9.220913467448e+00 -6.468821382010e+00 5.539734043429e+00
     vertex 9.747316943432e+00 -6.453806788222e+00 5.531065363664e+00
   endloop
 endfacet
 facet normal -6.926472990215e-16 -5.000000000000e-01 -8.660254037844e-01
   outer loop
     vertex 1.001088725799e+01 -6.643097272739e+00 5.640352275855e+00
     vertex 8.944420499675e+00 -6.691913919472e+00 5.668536579988e+00
     vertex 9.081414963426e+00 -6.559041048709e+00 5.591822392284e+00
   endloop
 endfacet
 facet normal -4.370094853156e-16 -5.000000000000e-01 -8.660254037844e-01
   outer loop
     vertex 1.001088725799e+01 -6.643097272739e+00 5.640352275855e+00
     vertex 9.081414963426e+00 -6.559041048709e+00 5.591822392284e+00
     vertex 9.879391962271e+00 -6.529494968638e+00 5.574763955002e+00
   endloop
 endfacet
 facet normal -5.216699952645e-16 -5.000000000000e-01 -8.660254037844e-01
   outer loop
     vertex 1.001088725799e+01 -6.643097272739e+00 5.640352275855e+00
     vertex 1.013775684641e+01 -6.797959875676e+00 5.729762241348e+00
     vertex 8.944420499675e+00 -6.691913919472e+00 5.668536579988e+00
   endloop
 endfacet
 facet normal 8.660254037844e-01 -5.000000000000e-01 -1.350822811195e-15
   outer loop
     vertex 1.049261324459e+01 -7.412794235674e+00 6.378678333899e+00
     vertex 1.050000000000e+01 -7.400000000000e+00 6.500000000000e+00
     vertex 1.049001665556e+01 -7.417291659800e+00 6.640950422897e+00
   endloop
 endfacet
 facet normal 8.660254037844e-01 -5.000000000000e-01 1.844795627215e-15
   outer loop
     vertex 1.047056210667e+01 -7.450987926917e+00 6.259149014744e+00
     vertex 1.049001665556e+01 -7.417291659800e+00 6.640950422897e+00
     vertex 1.046026595657e+01 -7.468821382010e+00 6.779086532552e+00
   endloop
 endfacet
 facet normal 8.660254037844e-01 -5.000000000000e-01 -1.192063155773e-15
   outer loop
     vertex 1.047056210667e+01 -7.450987926917e+00 6.259149014744e+00
     vertex 1.049261324459e+01 -7.412794235674e+00 6.378678333899e+00
     vertex 1.049001665556e+01 -7.417291659800e+00 6.640950422897e+00
   endloop
 endfacet
 facet normal 8.660254037844e-01 -5.000000000000e-01 2.360892433327e-15
   outer loop
     vertex 1.043417235896e+01 -7.514016818819e+00 6.143177910227e+00
     vertex 1.047056210667e+01 -7.450987926917e+00 6.259149014744e+00
     vertex 1.046026595657e+01 -7.468821382010e+00 6.779086532552e+00
   endloop
 endfacet
 facet normal 8.660254037844e-01 -5.000000000000e-01 -1.703303482140e-15
   outer loop
     vertex 9.922649730810e+00 -8.400000000000e+00 6.654700538379e+00
     vertex 1.046026595657e+01 -7.468821382010e+00 6.779086532552e+00
     vertex 1.040817760772e+01 -7.559041048709e+00 6.918585036574e+00
   endloop
 endfacet
 facet normal 8.660254037844e-01 -5.000000000000e-01 2.239428312292e-15
   outer loop
     vertex 9.922649730810e+00 -8.400000000000e+00 6.654700538379e+00
     vertex 1.040817760772e+01 -7.559041048709e+00 6.918585036574e+00
     vertex 1.033146342001e+01 -7.691913919472e+00 7.055579500325e+00
   endloop
 endfacet
 facet normal 8.660254037844e-01 -5.000000000000e-01 -3.807229275110e-15
   outer loop
     vertex 9.922649730810e+00 -8.400000000000e+00 6.654700538379e+00
     vertex 1.033146342001e+01 -7.691913919472e+00 7.055579500325e+00
     vertex 1.022781809673e+01 -7.871432885370e+00 7.185770237089e+00
   endloop
 endfacet
 facet normal 8.660254037844e-01 -5.000000000000e-01 -1.972600500546e-15
   outer loop
     vertex 9.922649730810e+00 -8.400000000000e+00 6.654700538379e+00
     vertex 1.022781809673e+01 -7.871432885370e+00 7.185770237089e+00
     vertex 1.009632405948e+01 -8.099187238774e+00 7.302743804763e+00
   endloop
 endfacet
 facet normal 8.660254037844e-01 -5.000000000000e-01 9.707754124520e-16
   outer loop
     vertex 9.922649730810e+00 -8.400000000000e+00 6.654700538379e+00
     vertex 1.009632405948e+01 -8.099187238774e+00 7.302743804763e+00
     vertex 1.001211083867e+01 -8.245048815879e+00 7.358919372766e+00
   endloop
 endfacet
 facet normal 8.660254037844e-01 -5.000000000000e-01 0.000000000000e+00
   outer loop
     vertex 9.922649730810e+00 -8.400000000000e+00 6.654700538379e+00
     vertex 1.001211083867e+01 -8.245048815879e+00 7.358919372766e+00
     vertex 9.922649730810e+00 -8.400000000000e+00 7.406293112103e+00
   endloop
 endfacet
 facet normal 8.660254037844e-01 -5.000000000000e-01 1.967148672442e-15
   outer loop
     vertex 9.922649730810e+00 -8.400000000000e+00 6.654700538379e+00
     vertex 1.043417235896e+01 -7.514016818819e+00 6.143177910227e+00
     vertex 1.046026595657e+01 -7.468821382010e+00 6.779086532552e+00
   endloop
 endfacet
 facet normal 0.000000000000e+00 -1.000000000000e+00 0.000000000000e+00
   outer loop
     vertex 9.748550137964e+00 -8.400000000000e+00 7.468619031879e+00
     vertex 9.922649730810e+00 -8.400000000000e+00 6.654700538379e+00
     vertex 9.922649730810e+00 -8.400000000000e+00 7.406293112103e+00
   endloop
 endfacet
 facet normal 0.000000000000e+00 -1.000000000000e+00 0.000000000000e+00
   outer loop
     vertex 9.565951326297e+00 -8.400000000000e+00 7.497822841270e+00
     vertex 9.922649730810e+00 -8.400000000000e+00 6.654700538379e+00
     vertex 9.748550137964e+00 -8.400000000000e+00 7.468619031879e+00
   endloop
 endfacet
 facet normal 0.000000000000e+00 -1.000000000000e+00 0.000000000000e+00
   outer loop
     vertex 9.381097296595e+00 -8.400000000000e+00 7.492905910509e+00
     vertex 9.922649730810e+00 -8.400000000000e+00 6.654700538379e+00
     vertex 9.565951326297e+00 -8.400000000000e+00 7.497822841270e+00
   endloop
 endfacet
 facet normal 0.000000000000e+00 -1.000000000000e+00 0.000000000000e+00
   outer loop
     vertex 9.200309167250e+00 -8.400000000000e+00 7.454036374970e+00
     vertex 9.922649730810e+00 -8.400000000000e+00 6.654700538379e+00
     vertex 9.381097296595e+00 -8.400000000000e+00 7.492905910509e+00
   endloop
 endfacet
 facet normal 0.000000000000e+00 -1.000000000000e+00 -0.000000000000e+00
   outer loop
     vertex 8.557414947098e+00 -8.400000000000e+00 6.833966192969e+00
     vertex 8.512038592138e+00 -8.400000000000e+00 6.654700538379e+00
     vertex 9.922649730810e+00 -8.400000000000e+00 6.654700538379e+00
   endloop
 endfacet
 facet normal 0.000000000000e+00 -1.000000000000e+00 0.000000000000e+00
   outer loop
     vertex 9.029769022424e+00 -8.400000000000e+00 7.382543385748e+00
     vertex 9.922649730810e+00 -8.400000000000e+00 6.654700538379e+00
     vertex 9.200309167250e+00 -8.400000000000e+00 7.454036374970e+00
   endloop
 endfacet
 facet normal 0.000000000000e+00 -1.000000000000e+00 -0.000000000000e+00
   outer loop
     vertex 8.635023175625e+00 -8.400000000000e+00 7.001811810637e+00
     vertex 8.557414947098e+00 -8.400000000000e+00 6.833966192969e+00
     vertex 9.922649730810e+00 -8.400000000000e+00 6.654700538379e+00
   endloop
 endfacet
 facet normal 0.000000000000e+00 -1.000000000000e+00 0.000000000000e+00
   outer loop
     vertex 8.875308514517e+00 -8.400000000000e+00 7.280871659087e+00
     vertex 9.922649730810e+00 -8.400000000000e+00 6.654700538379e+00
     vertex 9.029769022424e+00 -8.400000000000e+00 7.382543385748e+00
   endloop
 endfacet
 facet normal 0.000000000000e+00 -1.000000000000e+00 -0.000000000000e+00
   outer loop
     vertex 8.742209449714e+00 -8.400000000000e+00 7.152497878845e+00
     vertex 8.635023175625e+00 -8.400000000000e+00 7.001811810637e+00
     vertex 9.922649730810e+00 -8.400000000000e+00 6.654700538379e+00
   endloop
 endfacet
 facet normal 0.000000000000e+00 -1.000000000000e+00 0.000000000000e+00
   outer loop
     vertex 8.742209449714e+00 -8.400000000000e+00 7.152497878845e+00
     vertex 9.922649730810e+00 -8.400000000000e+00 6.654700538379e+00
     vertex 8.875308514517e+00 -8.400000000000e+00 7.280871659087e+00
   endloop
 endfacet
 facet normal 5.998502855468e-16 5.000000000000e-01 -8.660254037844e-01
   outer loop
     vertex 9.922649730810e+00 8.400000000000e+00 6.654700538379e+00
     vertex 8.601228939459e+00 7.372688086467e+00 6.061581728559e+00
     vertex 8.533989490788e+00 7.684310829146e+00 6.241497202931e+00
   endloop
 endfacet
 facet normal 1.472758575048e-16 5.000000000000e-01 -8.660254037844e-01
   outer loop
     vertex 9.922649730810e+00 8.400000000000e+00 6.654700538379e+00
     vertex 8.533989490788e+00 7.684310829146e+00 6.241497202931e+00
     vertex 8.508533785444e+00 7.906253916132e+00 6.369636103947e+00
   endloop
 endfacet
 facet normal -8.172917395351e-16 5.000000000000e-01 -8.660254037844e-01
   outer loop
     vertex 9.922649730810e+00 8.400000000000e+00 6.654700538379e+00
     vertex 8.508533785444e+00 7.906253916132e+00 6.369636103947e+00
     vertex 8.500000000000e+00 8.132050807569e+00 6.500000000000e+00
   endloop
 endfacet
 facet normal 2.423654034101e-15 5.000000000000e-01 -8.660254037844e-01
   outer loop
     vertex 9.922649730810e+00 8.400000000000e+00 6.654700538379e+00
     vertex 8.500000000000e+00 8.132050807569e+00 6.500000000000e+00
     vertex 8.500753831808e+00 8.199291316645e+00 6.538821326016e+00
   endloop
 endfacet
 facet normal 6.008551015998e-16 5.000000000000e-01 -8.660254037844e-01
   outer loop
     vertex 9.922649730810e+00 8.400000000000e+00 6.654700538379e+00
     vertex 8.500753831808e+00 8.199291316645e+00 6.538821326016e+00
     vertex 8.503014190707e+00 8.266430449653e+00 6.577584122531e+00
   endloop
 endfacet
 facet normal -4.768102491598e-16 5.000000000000e-01 -8.660254037844e-01
   outer loop
     vertex 9.922649730810e+00 8.400000000000e+00 6.654700538379e+00
     vertex 8.503014190707e+00 8.266430449653e+00 6.577584122531e+00
     vertex 8.506777668837e+00 8.333366983363e+00 6.616229948287e+00
   endloop
 endfacet
 facet normal 0.000000000000e+00 5.000000000000e-01 -8.660254037844e-01
   outer loop
     vertex 9.922649730810e+00 8.400000000000e+00 6.654700538379e+00
     vertex 8.506777668837e+00 8.333366983363e+00 6.616229948287e+00
     vertex 8.512038592138e+00 8.400000000000e+00 6.654700538379e+00
   endloop
 endfacet
 facet normal 2.196457158149e-16 5.000000000000e-01 -8.660254037844e-01
   outer loop
     vertex 1.043417235896e+01 7.514016818819e+00 6.143177910227e+00
     vertex 8.601228939459e+00 7.372688086467e+00 6.061581728559e+00
     vertex 9.922649730810e+00 8.400000000000e+00 6.654700538379e+00
   endloop
 endfacet
 facet normal -2.248537993926e-16 5.000000000000e-01 -8.660254037844e-01
   outer loop
     vertex 1.035750107748e+01 7.240941551447e+00 5.985517831100e+00
     vertex 8.697256195237e+00 7.099187238774e+00 5.903675940520e+00
     vertex 8.601228939459e+00 7.372688086467e+00 6.061581728559e+00
   endloop
 endfacet
 facet normal 0.000000000000e+00 5.000000000000e-01 -8.660254037844e-01
   outer loop
     vertex 1.035750107748e+01 7.240941551447e+00 5.985517831100e+00
     vertex 8.601228939459e+00 7.372688086467e+00 6.061581728559e+00
     vertex 1.043417235896e+01 7.514016818819e+00 6.143177910227e+00
   endloop
 endfacet
 facet normal -2.149260080809e-16 5.000000000000e-01 -8.660254037844e-01
   outer loop
     vertex 1.025447434093e+01 6.995254692767e+00 5.843670457105e+00
     vertex 8.814229762911e+00 6.871432885370e+00 5.772181903273e+00
     vertex 8.697256195237e+00 7.099187238774e+00 5.903675940520e+00
   endloop
 endfacet
 facet normal -2.444676965752e-16 5.000000000000e-01 -8.660254037844e-01
   outer loop
     vertex 1.025447434093e+01 6.995254692767e+00 5.843670457105e+00
     vertex 8.697256195237e+00 7.099187238774e+00 5.903675940520e+00
     vertex 1.035750107748e+01 7.240941551447e+00 5.985517831100e+00
   endloop
 endfacet
 facet normal 1.952039331696e-15 5.000000000000e-01 -8.660254037845e-01
   outer loop
     vertex 9.624630180262e+00 6.413504341946e+00 5.507796735458e+00
     vertex 9.500000000000e+00 6.400000000000e+00 5.500000000000e+00
     vertex 9.359049577103e+00 6.417291659800e+00 5.509983344440e+00
   endloop
 endfacet
 facet normal 7.905784803763e-17 5.000000000000e-01 -8.660254037844e-01
   outer loop
     vertex 1.013775684641e+01 6.797959875676e+00 5.729762241348e+00
     vertex 8.944420499675e+00 6.691913919472e+00 5.668536579988e+00
     vertex 8.814229762911e+00 6.871432885370e+00 5.772181903273e+00
   endloop
 endfacet
 facet normal 5.013274131772e-17 5.000000000000e-01 -8.660254037844e-01
   outer loop
     vertex 1.013775684641e+01 6.797959875676e+00 5.729762241348e+00
     vertex 8.814229762911e+00 6.871432885370e+00 5.772181903273e+00
     vertex 1.025447434093e+01 6.995254692767e+00 5.843670457105e+00
   endloop
 endfacet
 facet normal 3.017208693745e-16 5.000000000000e-01 -8.660254037844e-01
   outer loop
     vertex 9.747316943432e+00 6.453806788222e+00 5.531065363664e+00
     vertex 9.359049577103e+00 6.417291659800e+00 5.509983344440e+00
     vertex 9.220913467448e+00 6.468821382010e+00 5.539734043429e+00
   endloop
 endfacet
 facet normal 2.286791439589e-15 5.000000000000e-01 -8.660254037844e-01
   outer loop
     vertex 9.747316943432e+00 6.453806788222e+00 5.531065363664e+00
     vertex 9.624630180262e+00 6.413504341946e+00 5.507796735458e+00
     vertex 9.359049577103e+00 6.417291659800e+00 5.509983344440e+00
   endloop
 endfacet
 facet normal -2.213466211164e-16 5.000000000000e-01 -8.660254037844e-01
   outer loop
     vertex 9.879391962271e+00 6.529494968638e+00 5.574763955002e+00
     vertex 9.220913467448e+00 6.468821382010e+00 5.539734043429e+00
     vertex 9.081414963426e+00 6.559041048709e+00 5.591822392284e+00
   endloop
 endfacet
 facet normal 1.077556949757e-16 5.000000000000e-01 -8.660254037844e-01
   outer loop
     vertex 9.879391962271e+00 6.529494968638e+00 5.574763955002e+00
     vertex 9.747316943432e+00 6.453806788222e+00 5.531065363664e+00
     vertex 9.220913467448e+00 6.468821382010e+00 5.539734043429e+00
   endloop
 endfacet
 facet normal -6.926472990215e-16 5.000000000000e-01 -8.660254037844e-01
   outer loop
     vertex 1.001088725799e+01 6.643097272739e+00 5.640352275855e+00
     vertex 9.081414963426e+00 6.559041048709e+00 5.591822392284e+00
     vertex 8.944420499675e+00 6.691913919472e+00 5.668536579988e+00
   endloop
 endfacet
 facet normal -4.370094853156e-16 5.000000000000e-01 -8.660254037844e-01
   outer loop
     vertex 1.001088725799e+01 6.643097272739e+00 5.640352275855e+00
     vertex 9.879391962271e+00 6.529494968638e+00 5.574763955002e+00
     vertex 9.081414963426e+00 6.559041048709e+00 5.591822392284e+00
   endloop
 endfacet
 facet normal -5.216699952645e-16 5.000000000000e-01 -8.660254037844e-01
   outer loop
     vertex 1.001088725799e+01 6.643097272739e+00 5.640352275855e+00
     vertex 8.944420499675e+00 6.691913919472e+00 5.668536579988e+00
     vertex 1.013775684641e+01 6.797959875676e+00 5.729762241348e+00
   endloop
 endfacet
 facet normal 8.660254037844e-01 5.000000000000e-01 -1.350822811195e-15
   outer loop
     vertex 1.049261324459e+01 7.412794235674e+00 6.378678333899e+00
     vertex 1.049001665556e+01 7.417291659800e+00 6.640950422897e+00
     vertex 1.050000000000e+01 7.400000000000e+00 6.500000000000e+00
   endloop
 endfacet
 facet normal 8.660254037844e-01 5.000000000000e-01 1.844795627215e-15
   outer loop
     vertex 1.047056210667e+01 7.450987926917e+00 6.259149014744e+00
     vertex 1.046026595657e+01 7.468821382010e+00 6.779086532552e+00
     vertex 1.049001665556e+01 7.417291659800e+00 6.640950422897e+00
   endloop
 endfacet
 facet normal 8.660254037844e-01 5.000000000000e-01 -1.192063155773e-15
   outer loop
     vertex 1.047056210667e+01 7.450987926917e+00 6.259149014744e+00
     vertex 1.049001665556e+01 7.417291659800e+00 6.640950422897e+00
     vertex 1.049261324459e+01 7.412794235674e+00 6.378678333899e+00
   endloop
 endfacet
 facet normal 8.660254037844e-01 5.000000000000e-01 2.360892433327e-15
   outer loop
     vertex 1.043417235896e+01 7.514016818819e+00 6.143177910227e+00
     vertex 1.046026595657e+01 7.468821382010e+00 6.779086532552e+00
     vertex 1.047056210667e+01 7.450987926917e+00 6.259149014744e+00
   endloop
 endfacet
 facet normal 8.660254037844e-01 5.000000000000e-01 -1.703303482140e-15
   outer loop
     vertex 9.922649730810e+00 8.400000000000e+00 6.654700538379e+00
     vertex 1.040817760772e+01 7.559041048709e+00 6.918585036574e+00
     vertex 1.046026595657e+01 7.468821382010e+00 6.779086532552e+00
   endloop
 endfacet
 facet normal 8.660254037844e-01 5.000000000000e-01 2.239428312292e-15
   outer loop
     vertex 9.922649730810e+00 8.400000000000e+00 6.654700538379e+00
     vertex 1.033146342001e+01 7.691913919472e+00 7.055579500325e+00
     vertex 1.040817760772e+01 7.559041048709e+00 6.918585036574e+00
   endloop
 endfacet
 facet normal 8.660254037844e-01 5.000000000000e-01 -3.807229275110e-15
   outer loop
     vertex 9.922649730810e+00 8.400000000000e+00 6.654700538379e+00
     vertex 1.022781809673e+01 7.871432885370e+00 7.185770237089e+00
     vertex 1.033146342001e+01 7.691913919472e+00 7.055579500325e+00
   endloop
 endfacet
 facet normal 8.660254037844e-01 5.000000000000e-01 -1.972600500546e-15
   outer loop
     vertex 9.922649730810e+00 8.400000000000e+00 6.654700538379e+00
     vertex 1.009632405948e+01 8.099187238774e+00 7.302743804763e+00
     vertex 1.022781809673e+01 7.871432885370e+00 7.185770237089e+00
   endloop
 endfacet
 facet normal 8.660254037844e-01 5.000000000000e-01 9.707754124520e-16
   outer loop
     vertex 9.922649730810e+00 8.400000000000e+00 6.654700538379e+00
     vertex 1.001211083867e+01 8.245048815879e+00 7.358919372766e+00
     vertex 1.009632405948e+01 8.099187238774e+00 7.302743804763e+00
   endloop
 endfacet
 facet normal 8.660254037844e-01 5.000000000000e-01 -0.000000000000e+00
   outer loop
     vertex 9.922649730810e+00 8.400000000000e+00 6.654700538379e+00
     vertex 9.922649730810e+00 8.400000000000e+00 7.406293112103e+00
     vertex 1.001211083867e+01 8.245048815879e+00 7.358919372766e+00
   endloop
 endfacet
 facet normal 8.660254037844e-01 5.000000000000e-01 1.967148672442e-15
   outer loop
     vertex 9.922649730810e+00 8.400000000000e+00 6.654700538379e+00
     vertex 1.046026595657e+01 7.468821382010e+00 6.779086532552e+00
     vertex 1.043417235896e+01 7.514016818819e+00 6.143177910227e+00
   endloop
 endfacet
 facet normal 0.000000000000e+00 1.000000000000e+00 0.000000000000e+00
   outer loop
     vertex 9.748550137964e+00 8.400000000000e+00 7.468619031879e+00
     vertex 9.922649730810e+00 8.400000000000e+00 7.406293112103e+00
     vertex 9.922649730810e+00 8.400000000000e+00 6.654700538379e+00
   endloop
 endfacet
 facet normal 0.000000000000e+00 1.000000000000e+00 0.000000000000e+00
   outer loop
     vertex 9.565951326297e+00 8.400000000000e+00 7.497822841270e+00
     vertex 9.748550137964e+00 8.400000000000e+00 7.468619031879e+00
     vertex 9.922649730810e+00 8.400000000000e+00 6.654700538379e+00
   endloop
 endfacet
 facet normal -0.000000000000e+00 1.000000000000e+00 0.000000000000e+00
   outer loop
     vertex 9.381097296595e+00 8.400000000000e+00 7.492905910509e+00
     vertex 9.565951326297e+00 8.400000000000e+00 7.497822841270e+00
     vertex 9.922649730810e+00 8.400000000000e+00 6.654700538379e+00
   endloop
 endfacet
 facet normal -0.000000000000e+00 1.000000000000e+00 0.000000000000e+00
   outer loop
     vertex 9.200309167250e+00 8.400000000000e+00 7.454036374970e+00
     vertex 9.381097296595e+00 8.400000000000e+00 7.492905910509e+00
     vertex 9.922649730810e+00 8.400000000000e+00 6.654700538379e+00
   endloop
 endfacet
 facet normal 0.000000000000e+00 1.000000000000e+00 0.000000000000e+00
   outer loop
     vertex 8.557414947098e+00 8.400000000000e+00 6.833966192969e+00
     vertex 9.922649730810e+00 8.400000000000e+00 6.654700538379e+00
     vertex 8.512038592138e+00 8.400000000000e+00 6.654700538379e+00
   endloop
 endfacet
 facet normal -0.000000000000e+00 1.000000000000e+00 0.000000000000e+00
   outer loop
     vertex 9.029769022424e+00 8.400000000000e+00 7.382543385748e+00
     vertex 9.200309167250e+00 8.400000000000e+00 7.454036374970e+00
     vertex 9.922649730810e+00 8.400000000000e+00 6.654700538379e+00
   endloop
 endfacet
 facet normal 0.000000000000e+00 1.000000000000e+00 0.000000000000e+00
   outer loop
     vertex 8.635023175625e+00 8.400000000000e+00 7.001811810637e+00
     vertex 9.922649730810e+00 8.400000000000e+00 6.654700538379e+00
     vertex 8.557414947098e+00 8.400000000000e+00 6.833966192969e+00
   endloop
 endfacet
 facet normal -0.000000000000e+00 1.000000000000e+00 0.000000000000e+00
   outer loop
     vertex 8.875308514517e+00 8.400000000000e+00 7.280871659087e+00
     vertex 9.029769022424e+00 8.400000000000e+00 7.382543385748e+00
     vertex 9.922649730810e+00 8.400000000000e+00 6.654700538379e+00
   endloop
 endfacet
 facet normal 0.000000000000e+00 1.000000000000e+00 0.000000000000e+00
   outer loop
     vertex 8.742209449714e+00 8.400000000000e+00 7.152497878845e+00
     vertex 9.922649730810e+00 8.400000000000e+00 6.654700538379e+00
     vertex 8.635023175625e+00 8.400000000000e+00 7.001811810637e+00
   endloop
 endfacet
 facet normal -0.000000000000e+00 1.000000000000e+00 0.000000000000e+00
   outer loop
     vertex 8.742209449714e+00 8.400000000000e+00 7.152497878845e+00
     vertex 8.875308514517e+00 8.400000000000e+00 7.280871659087e+00
     vertex 9.922649730810e+00 8.400000000000e+00 6.654700538379e+00
   endloop
 endfacet
endsolid
